m,n_team,rule,seed,ok,runtime
3,2,plurality,0,False,0.0001338999718427658
3,2,plurality,1,True,0.0001829999964684248
3,2,plurality,2,False,5.970010533928871e-05
3,2,plurality,3,False,6.909994408488274e-05
3,2,plurality,4,True,0.0001083998940885067
3,2,plurality,5,False,0.00013749999925494194
3,2,plurality,6,False,9.280000813305378e-05
3,2,plurality,7,False,6.269989535212517e-05
3,2,plurality,8,False,6.54000323265791e-05
3,2,plurality,9,False,6.180000491440296e-05
3,2,plurality,10,False,0.00019569997675716877
3,2,plurality,11,True,0.00016619986854493618
3,2,plurality,12,False,8.919998072087765e-05
3,2,plurality,13,True,0.00015600002370774746
3,2,plurality,14,False,5.8999983593821526e-05
3,2,plurality,15,True,9.920005686581135e-05
3,2,plurality,16,False,7.930002175271511e-05
3,2,plurality,17,True,0.0001322000753134489
3,2,plurality,18,False,5.959998816251755e-05
3,2,plurality,19,False,7.00000673532486e-05
3,2,plurality,20,False,7.319985888898373e-05
3,2,plurality,21,False,7.100007496774197e-05
3,2,plurality,22,True,0.00018360000103712082
3,2,plurality,23,False,0.00013500009663403034
3,2,plurality,24,False,6.680004298686981e-05
3,2,plurality,25,False,0.0001243001315742731
3,2,plurality,26,False,7.140007801353931e-05
3,2,plurality,27,False,8.430005982518196e-05
3,2,plurality,28,False,0.00014030002057552338
3,2,plurality,29,False,8.280016481876373e-05
3,2,plurality,30,False,6.400002166628838e-05
3,2,plurality,31,False,8.670007809996605e-05
3,2,plurality,32,False,6.509991362690926e-05
3,2,plurality,33,False,6.079999729990959e-05
3,2,plurality,34,False,6.680004298686981e-05
3,2,plurality,35,False,6.180000491440296e-05
3,2,plurality,36,False,6.650015711784363e-05
3,2,plurality,37,False,8.939998224377632e-05
3,2,plurality,38,False,0.0001362999901175499
3,2,plurality,39,False,7.870001718401909e-05
3,2,plurality,40,True,0.00015329988673329353
3,2,plurality,41,False,6.289989687502384e-05
3,2,plurality,42,False,0.00012209988199174404
3,2,plurality,43,False,6.160000339150429e-05
3,2,plurality,44,False,6.309989839792252e-05
3,2,plurality,45,False,6.720004603266716e-05
3,2,plurality,46,True,9.139999747276306e-05
3,2,plurality,47,False,8.9599983766675e-05
3,2,plurality,48,True,0.00012949993833899498
3,2,plurality,49,False,0.00013689999468624592
3,2,2-approval,0,False,6.149988621473312e-05
3,2,2-approval,1,True,0.00010140007361769676
3,2,2-approval,2,False,5.910010077059269e-05
3,2,2-approval,3,False,5.959998816251755e-05
3,2,2-approval,4,True,0.00010890001431107521
3,2,2-approval,5,True,0.0001146998256444931
3,2,2-approval,6,False,5.759997293353081e-05
3,2,2-approval,7,False,8.570007048547268e-05
3,2,2-approval,8,False,6.160000339150429e-05
3,2,2-approval,9,False,6.140000186860561e-05
3,2,2-approval,10,False,9.580003097653389e-05
3,2,2-approval,11,True,0.00010629999451339245
3,2,2-approval,12,False,5.819997750222683e-05
3,2,2-approval,13,True,9.869993664324284e-05
3,2,2-approval,14,False,7.309997454285622e-05
3,2,2-approval,15,True,0.00012560002505779266
3,2,2-approval,16,False,6.349990144371986e-05
3,2,2-approval,17,True,0.00010649999603629112
3,2,2-approval,18,False,7.109995931386948e-05
3,2,2-approval,19,False,6.019999273121357e-05
3,2,2-approval,20,False,6.13001175224781e-05
3,2,2-approval,21,False,5.879998207092285e-05
3,2,2-approval,22,True,0.00018090009689331055
3,2,2-approval,23,False,5.7300087064504623e-05
3,2,2-approval,24,False,7.129996083676815e-05
3,2,2-approval,25,False,5.769985727965832e-05
3,2,2-approval,26,False,6.340001709759235e-05
3,2,2-approval,27,False,6.620003841817379e-05
3,2,2-approval,28,False,0.00011710007674992085
3,2,2-approval,29,False,5.879998207092285e-05
3,2,2-approval,30,False,5.91999851167202e-05
3,2,2-approval,31,False,6.079999729990959e-05
3,2,2-approval,32,False,8.859997615218163e-05
3,2,2-approval,33,False,6.350013427436352e-05
3,2,2-approval,34,False,7.580011151731014e-05
3,2,2-approval,35,False,7.389998063445091e-05
3,2,2-approval,36,False,6.229989230632782e-05
3,2,2-approval,37,False,7.6299998909235e-05
3,2,2-approval,38,True,0.00019449996761977673
3,2,2-approval,39,False,5.9499870985746384e-05
3,2,2-approval,40,True,0.00011310004629194736
3,2,2-approval,41,False,0.00010240008123219013
3,2,2-approval,42,False,7.049995474517345e-05
3,2,2-approval,43,False,5.879998207092285e-05
3,2,2-approval,44,False,5.910010077059269e-05
3,2,2-approval,45,False,6.760004907846451e-05
3,2,2-approval,46,False,0.00014410004951059818
3,2,2-approval,47,False,5.870009772479534e-05
3,2,2-approval,48,True,0.00010089995339512825
3,2,2-approval,49,False,0.00015130010433495045
3,2,veto,0,False,9.809993207454681e-05
3,2,veto,1,True,9.34000127017498e-05
3,2,veto,2,False,0.00012440001592040062
3,2,veto,3,False,9.139999747276306e-05
3,2,veto,4,True,0.00010870001278817654
3,2,veto,5,True,0.0001900999341160059
3,2,veto,6,False,0.000112100038677454
3,2,veto,7,False,0.00010310020297765732
3,2,veto,8,False,9.610014967620373e-05
3,2,veto,9,False,8.880021050572395e-05
3,2,veto,10,False,0.00012429989874362946
3,2,veto,11,True,9.949994273483753e-05
3,2,veto,12,False,8.71000811457634e-05
3,2,veto,13,True,0.00011170003563165665
3,2,veto,14,False,5.959998816251755e-05
3,2,veto,15,True,9.230012074112892e-05
3,2,veto,16,False,9.940005838871002e-05
3,2,veto,17,True,0.0001667998731136322
3,2,veto,18,False,8.590007200837135e-05
3,2,veto,19,False,6.580003537237644e-05
3,2,veto,20,False,6.769993342459202e-05
3,2,veto,21,False,9.929994121193886e-05
3,2,veto,22,True,0.0003504999913275242
3,2,veto,23,False,0.00013420009054243565
3,2,veto,24,False,6.62999227643013e-05
3,2,veto,25,False,9.480002336204052e-05
3,2,veto,26,False,6.54000323265791e-05
3,2,veto,27,False,6.800005212426186e-05
3,2,veto,28,False,0.00014839996583759785
3,2,veto,29,False,6.440002471208572e-05
3,2,veto,30,False,9.549991227686405e-05
3,2,veto,31,False,8.750008419156075e-05
3,2,veto,32,False,6.620003841817379e-05
3,2,veto,33,False,8.070003241300583e-05
3,2,veto,34,False,6.38000201433897e-05
3,2,veto,35,False,6.240000948309898e-05
3,2,veto,36,False,7.670000195503235e-05
3,2,veto,37,False,0.00019180006347596645
3,2,veto,38,True,0.00010750000365078449
3,2,veto,39,False,7.30000901967287e-05
3,2,veto,40,True,9.220000356435776e-05
3,2,veto,41,False,7.049995474517345e-05
3,2,veto,42,False,6.140000186860561e-05
3,2,veto,43,False,5.91999851167202e-05
3,2,veto,44,False,6.010010838508606e-05
3,2,veto,45,False,6.92000612616539e-05
3,2,veto,46,False,0.00012360000982880592
3,2,veto,47,False,6.740004755556583e-05
3,2,veto,48,True,0.00019950000569224358
3,2,veto,49,False,0.00014479993842542171
3,2,borda,0,False,0.00010459986515343189
3,2,borda,1,True,0.00023939996026456356
3,2,borda,2,False,0.00011470005847513676
3,2,borda,3,False,0.00011530006304383278
3,2,borda,4,True,0.00022140005603432655
3,2,borda,5,False,0.0003057001158595085
3,2,borda,6,False,9.220000356435776e-05
3,2,borda,7,False,0.00012690015137195587
3,2,borda,8,False,5.979998968541622e-05
3,2,borda,9,False,5.779997445642948e-05
3,2,borda,10,False,7.830001413822174e-05
3,2,borda,11,True,9.810016490519047e-05
3,2,borda,12,False,9.909993968904018e-05
3,2,borda,13,True,0.00010720011778175831
3,2,borda,14,False,7.6299998909235e-05
3,2,borda,15,True,0.00011559994891285896
3,2,borda,16,False,9.749992750585079e-05
3,2,borda,17,True,0.00015770015306770802
3,2,borda,18,False,0.00011939997784793377
3,2,borda,19,False,9.610014967620373e-05
3,2,borda,20,False,9.820004925131798e-05
3,2,borda,21,False,0.00010569998994469643
3,2,borda,22,True,0.00011099991388618946
3,2,borda,23,False,7.349997758865356e-05
3,2,borda,24,False,6.309989839792252e-05
3,2,borda,25,False,7.209996692836285e-05
3,2,borda,26,False,5.439994856715202e-05
3,2,borda,27,False,5.719996988773346e-05
3,2,borda,28,False,0.00011999998241662979
3,2,borda,29,False,7.400009781122208e-05
3,2,borda,30,False,7.439986802637577e-05
3,2,borda,31,False,0.0001026000827550888
3,2,borda,32,False,9.220000356435776e-05
3,2,borda,33,False,6.630015559494495e-05
3,2,borda,34,False,0.00010469998233020306
3,2,borda,35,False,0.00013899989426136017
3,2,borda,36,False,0.000143399927765131
3,2,borda,37,False,7.109995931386948e-05
3,2,borda,38,False,0.00028779986314475536
3,2,borda,39,False,0.00013379985466599464
3,2,borda,40,True,0.00019260006956756115
3,2,borda,41,False,7.119984365999699e-05
3,2,borda,42,False,6.910017691552639e-05
3,2,borda,43,False,7.149996235966682e-05
3,2,borda,44,False,0.00010180007666349411
3,2,borda,45,False,5.779997445642948e-05
3,2,borda,46,True,0.00018880004063248634
3,2,borda,47,False,5.900021642446518e-05
3,2,borda,48,True,0.00012470013462007046
3,2,borda,49,False,0.00012289988808333874
3,3,plurality,0,False,5.959998816251755e-05
3,3,plurality,1,False,5.8900099247694016e-05
3,3,plurality,2,False,6.410013884305954e-05
3,3,plurality,3,False,9.649991989135742e-05
3,3,plurality,4,True,0.00013919989578425884
3,3,plurality,5,True,9.220000356435776e-05
3,3,plurality,6,False,6.390013732016087e-05
3,3,plurality,7,True,0.00010469998233020306
3,3,plurality,8,False,0.0001276000402867794
3,3,plurality,9,True,0.00010280008427798748
3,3,plurality,10,False,7.830001413822174e-05
3,3,plurality,11,True,0.00010429997928440571
3,3,plurality,12,False,8.440017700195312e-05
3,3,plurality,13,True,9.350012987852097e-05
3,3,plurality,14,False,0.00010040006600320339
3,3,plurality,15,False,6.3000014051795e-05
3,3,plurality,16,False,6.209989078342915e-05
3,3,plurality,17,False,6.800005212426186e-05
3,3,plurality,18,False,6.880005821585655e-05
3,3,plurality,19,False,6.720004603266716e-05
3,3,plurality,20,False,0.00020829983986914158
3,3,plurality,21,False,0.0001862999051809311
3,3,plurality,22,True,0.00010940013453364372
3,3,plurality,23,False,0.00010080006904900074
3,3,plurality,24,False,6.209989078342915e-05
3,3,plurality,25,False,9.530014358460903e-05
3,3,plurality,26,False,6.54999166727066e-05
3,3,plurality,27,True,0.0001412997953593731
3,3,plurality,28,True,0.00011330004781484604
3,3,plurality,29,True,0.00012360000982880592
3,3,plurality,30,False,6.529991514980793e-05
3,3,plurality,31,False,6.320001557469368e-05
3,3,plurality,32,False,8.859997615218163e-05
3,3,plurality,33,False,7.160007953643799e-05
3,3,plurality,34,False,6.3000014051795e-05
3,3,plurality,35,False,7.389998063445091e-05
3,3,plurality,36,False,6.0999998822808266e-05
3,3,plurality,37,False,9.900005534291267e-05
3,3,plurality,38,False,6.680004298686981e-05
3,3,plurality,39,False,0.00012720003724098206
3,3,plurality,40,False,6.760004907846451e-05
3,3,plurality,41,False,0.0001401000190526247
3,3,plurality,42,True,0.00017339992336928844
3,3,plurality,43,False,0.00011359993368387222
3,3,plurality,44,False,0.0001403999049216509
3,3,plurality,45,False,6.509991362690926e-05
3,3,plurality,46,True,0.0001379000023007393
3,3,plurality,47,False,9.940005838871002e-05
3,3,plurality,48,False,6.390013732016087e-05
3,3,plurality,49,False,5.689985118806362e-05
3,3,2-approval,0,False,0.00010710000060498714
3,3,2-approval,1,False,6.08998816460371e-05
3,3,2-approval,2,False,6.869994103908539e-05
3,3,2-approval,3,False,0.00010689999908208847
3,3,2-approval,4,True,0.00011389981955289841
3,3,2-approval,5,True,0.00010400009341537952
3,3,2-approval,6,False,7.260008715093136e-05
3,3,2-approval,7,False,0.00016709999181330204
3,3,2-approval,8,False,6.350013427436352e-05
3,3,2-approval,9,True,0.00010740011930465698
3,3,2-approval,10,False,7.149996235966682e-05
3,3,2-approval,11,True,0.00014340016059577465
3,3,2-approval,12,False,9.659980423748493e-05
3,3,2-approval,13,True,0.00016479985788464546
3,3,2-approval,14,False,0.0002943000290542841
3,3,2-approval,15,False,0.00014060013927519321
3,3,2-approval,16,False,8.079991675913334e-05
3,3,2-approval,17,False,6.450014188885689e-05
3,3,2-approval,18,False,6.930017843842506e-05
3,3,2-approval,19,False,0.00011049979366362095
3,3,2-approval,20,False,0.00013180007226765156
3,3,2-approval,21,False,0.00023719994351267815
3,3,2-approval,22,True,0.0001417999155819416
3,3,2-approval,23,False,9.240000508725643e-05
3,3,2-approval,24,False,9.099999442696571e-05
3,3,2-approval,25,False,9.729992598295212e-05
3,3,2-approval,26,False,7.890001870691776e-05
3,3,2-approval,27,True,0.0001221001148223877
3,3,2-approval,28,True,0.00015789992175996304
3,3,2-approval,29,True,0.00011079991236329079
3,3,2-approval,30,False,0.00011300016194581985
3,3,2-approval,31,False,8.25999304652214e-05
3,3,2-approval,32,False,7.100007496774197e-05
3,3,2-approval,33,False,0.00011250004172325134
3,3,2-approval,34,False,0.000108000123873353
3,3,2-approval,35,False,7.269997149705887e-05
3,3,2-approval,36,False,0.00011779996566474438
3,3,2-approval,37,False,0.00012969993986189365
3,3,2-approval,38,False,0.00010320008732378483
3,3,2-approval,39,False,0.00019959989003837109
3,3,2-approval,40,False,0.00013560010120272636
3,3,2-approval,41,False,7.740012370049953e-05
3,3,2-approval,42,True,0.00023179990239441395
3,3,2-approval,43,False,9.070010855793953e-05
3,3,2-approval,44,False,0.00014779996126890182
3,3,2-approval,45,False,0.0001230998896062374
3,3,2-approval,46,True,0.00034220004454255104
3,3,2-approval,47,False,6.860005669295788e-05
3,3,2-approval,48,False,9.169988334178925e-05
3,3,2-approval,49,False,6.780005060136318e-05
3,3,veto,0,False,9.210011921823025e-05
3,3,veto,1,False,6.900005973875523e-05
3,3,veto,2,False,0.00011109979823231697
3,3,veto,3,False,0.00017020013183355331
3,3,veto,4,True,0.00023150001652538776
3,3,veto,5,True,0.00012980005703866482
3,3,veto,6,False,8.950009942054749e-05
3,3,veto,7,False,0.00013970001600682735
3,3,veto,8,False,0.00025519984774291515
3,3,veto,9,True,0.00032350001856684685
3,3,veto,10,False,0.00010489998385310173
3,3,veto,11,True,0.00026359991170465946
3,3,veto,12,False,0.00011630007065832615
3,3,veto,13,True,0.00010540010407567024
3,3,veto,14,False,0.00011159991845488548
3,3,veto,15,False,0.00016409996896982193
3,3,veto,16,False,7.190019823610783e-05
3,3,veto,17,False,0.00014359992928802967
3,3,veto,18,False,8.010002784430981e-05
3,3,veto,19,False,0.00014379993081092834
3,3,veto,20,False,0.00014279992319643497
3,3,veto,21,False,0.0003693997859954834
3,3,veto,22,True,0.0002125999890267849
3,3,veto,23,False,7.559987716376781e-05
3,3,veto,24,False,0.00012729992158710957
3,3,veto,25,False,0.0002383999526500702
3,3,veto,26,False,0.00016489997506141663
3,3,veto,27,True,0.0002617000136524439
3,3,veto,28,True,0.0005238999146968126
3,3,veto,29,True,0.0002482999116182327
3,3,veto,30,False,0.0001526998821645975
3,3,veto,31,False,0.0001275001559406519
3,3,veto,32,False,0.00010950001887977123
3,3,veto,33,False,0.00012340000830590725
3,3,veto,34,False,7.750000804662704e-05
3,3,veto,35,False,0.0001634000800549984
3,3,veto,36,False,0.00031189993023872375
3,3,veto,37,False,0.00011730007827281952
3,3,veto,38,False,0.00012660003267228603
3,3,veto,39,False,0.0001495999749749899
3,3,veto,40,False,0.00017729983665049076
3,3,veto,41,False,7.41998665034771e-05
3,3,veto,42,True,0.0002209001686424017
3,3,veto,43,False,7.609999738633633e-05
3,3,veto,44,False,0.00019980012439191341
3,3,veto,45,False,7.580011151731014e-05
3,3,veto,46,True,0.00016649998724460602
3,3,veto,47,False,0.00013979990035295486
3,3,veto,48,False,0.00017770007252693176
3,3,veto,49,False,0.0001876000314950943
3,3,borda,0,False,9.620003402233124e-05
3,3,borda,1,False,0.00015680002979934216
3,3,borda,2,False,0.0001276000402867794
3,3,borda,3,False,0.00016240007244050503
3,3,borda,4,True,0.00044689979404211044
3,3,borda,5,True,0.0002498000394552946
3,3,borda,6,False,0.00015059998258948326
3,3,borda,7,True,0.00025400007143616676
3,3,borda,8,False,7.24999699741602e-05
3,3,borda,9,True,0.00024550012312829494
3,3,borda,10,False,0.00010240008123219013
3,3,borda,11,True,0.00016469997353851795
3,3,borda,12,False,7.890001870691776e-05
3,3,borda,13,True,0.0001362999901175499
3,3,borda,14,False,0.00011729984544217587
3,3,borda,15,False,6.529991514980793e-05
3,3,borda,16,False,5.810009315609932e-05
3,3,borda,17,False,6.420002318918705e-05
3,3,borda,18,False,8.690007962286472e-05
3,3,borda,19,False,0.00011000013910233974
3,3,borda,20,False,0.00019829999655485153
3,3,borda,21,False,0.00017600017599761486
3,3,borda,22,True,0.00013200007379055023
3,3,borda,23,False,9.740004315972328e-05
3,3,borda,24,False,9.380001574754715e-05
3,3,borda,25,False,6.329989992082119e-05
3,3,borda,26,False,0.00013489997945725918
3,3,borda,27,True,0.00013240007683634758
3,3,borda,28,True,0.0001278999261558056
3,3,borda,29,True,0.00011000013910233974
3,3,borda,30,False,6.250012665987015e-05
3,3,borda,31,False,6.7500164732337e-05
3,3,borda,32,False,6.800005212426186e-05
3,3,borda,33,False,0.00013759988360106945
3,3,borda,34,False,6.710016168653965e-05
3,3,borda,35,False,6.780005060136318e-05
3,3,borda,36,False,6.7099928855896e-05
3,3,borda,37,False,0.00010850001126527786
3,3,borda,38,False,0.00011600018478929996
3,3,borda,39,False,0.0001408001407980919
3,3,borda,40,False,7.489998824894428e-05
3,3,borda,41,False,0.0001409000251442194
3,3,borda,42,True,0.00011309981346130371
3,3,borda,43,False,7.040007039904594e-05
3,3,borda,44,False,0.0001417999155819416
3,3,borda,45,False,9.689992293715477e-05
3,3,borda,46,True,0.00023470004089176655
3,3,borda,47,False,7.500010542571545e-05
3,3,borda,48,False,7.060007192194462e-05
3,3,borda,49,False,6.010010838508606e-05
3,4,plurality,0,False,6.740004755556583e-05
3,4,plurality,1,False,7.010018453001976e-05
3,4,plurality,2,False,9.939982555806637e-05
3,4,plurality,3,False,8.5500068962574e-05
3,4,plurality,4,False,9.460002183914185e-05
3,4,plurality,5,False,7.280008867383003e-05
3,4,plurality,6,False,9.480002336204052e-05
3,4,plurality,7,False,7.429998368024826e-05
3,4,plurality,8,False,0.00013149995356798172
3,4,plurality,9,False,0.00022959988564252853
3,4,plurality,10,True,0.00019020005129277706
3,4,plurality,11,False,8.999998681247234e-05
3,4,plurality,12,False,0.00016920012421905994
3,4,plurality,13,False,7.970002479851246e-05
3,4,plurality,14,True,0.00010199984535574913
3,4,plurality,15,False,0.00011000013910233974
3,4,plurality,16,False,0.000362900085747242
3,4,plurality,17,False,6.700004450976849e-05
3,4,plurality,18,False,0.00015660002827644348
3,4,plurality,19,False,8.050003089010715e-05
3,4,plurality,20,False,7.770000956952572e-05
3,4,plurality,21,True,9.820004925131798e-05
3,4,plurality,22,False,6.520003080368042e-05
3,4,plurality,23,False,8.110003545880318e-05
3,4,plurality,24,False,0.00012779980897903442
3,4,plurality,25,False,7.890001870691776e-05
3,4,plurality,26,False,6.570015102624893e-05
3,4,plurality,27,False,8.239992894232273e-05
3,4,plurality,28,True,0.00014859996736049652
3,4,plurality,29,False,0.00013810000382363796
3,4,plurality,30,False,0.00014519994147121906
3,4,plurality,31,False,0.00024640001356601715
3,4,plurality,32,False,6.129988469183445e-05
3,4,plurality,33,False,6.3000014051795e-05
3,4,plurality,34,False,6.329989992082119e-05
3,4,plurality,35,False,6.409990601241589e-05
3,4,plurality,36,False,0.00013079983182251453
3,4,plurality,37,True,0.00019429996609687805
3,4,plurality,38,False,0.00011190003715455532
3,4,plurality,39,False,9.769992902874947e-05
3,4,plurality,40,False,0.00016089994460344315
3,4,plurality,41,True,0.0001938999630510807
3,4,plurality,42,False,0.0002756998874247074
3,4,plurality,43,False,0.0001906000543385744
3,4,plurality,44,False,6.890017539262772e-05
3,4,plurality,45,False,6.529991514980793e-05
3,4,plurality,46,False,0.0001012999564409256
3,4,plurality,47,True,0.00011790008284151554
3,4,plurality,48,False,6.620003841817379e-05
3,4,plurality,49,False,0.00010810000821948051
3,4,2-approval,0,False,0.00011879997327923775
3,4,2-approval,1,False,0.00010580010712146759
3,4,2-approval,2,False,0.00011390005238354206
3,4,2-approval,3,False,0.00010540010407567024
3,4,2-approval,4,False,0.0001200998667627573
3,4,2-approval,5,False,0.0001368001103401184
3,4,2-approval,6,False,9.020022116601467e-05
3,4,2-approval,7,False,0.00012500002048909664
3,4,2-approval,8,False,0.00010160007514059544
3,4,2-approval,9,True,0.00023230002261698246
3,4,2-approval,10,True,0.00013810000382363796
3,4,2-approval,11,False,0.00010460009798407555
3,4,2-approval,12,False,6.700004450976849e-05
3,4,2-approval,13,False,0.00031669996678829193
3,4,2-approval,14,True,0.0002866999711841345
3,4,2-approval,15,False,8.850009180605412e-05
3,4,2-approval,16,False,0.0001137999352067709
3,4,2-approval,17,False,9.180000051856041e-05
3,4,2-approval,18,False,7.099984213709831e-05
3,4,2-approval,19,False,7.149996235966682e-05
3,4,2-approval,20,False,0.00018410012125968933
3,4,2-approval,21,True,0.00014739995822310448
3,4,2-approval,22,False,7.589999586343765e-05
3,4,2-approval,23,False,0.00012079998850822449
3,4,2-approval,24,False,0.00018649990670382977
3,4,2-approval,25,False,0.00013679987750947475
3,4,2-approval,26,False,8.309981785714626e-05
3,4,2-approval,27,False,0.00010040006600320339
3,4,2-approval,28,True,9.870016947388649e-05
3,4,2-approval,29,False,0.00010370020754635334
3,4,2-approval,30,False,0.000134600093588233
3,4,2-approval,31,False,0.00012349989265203476
3,4,2-approval,32,False,8.430005982518196e-05
3,4,2-approval,33,False,0.0001620999537408352
3,4,2-approval,34,False,0.0001091999001801014
3,4,2-approval,35,False,7.30000901967287e-05
3,4,2-approval,36,False,7.189996540546417e-05
3,4,2-approval,37,True,0.00018620002083480358
3,4,2-approval,38,False,6.200000643730164e-05
3,4,2-approval,39,False,6.349990144371986e-05
3,4,2-approval,40,False,0.00013209995813667774
3,4,2-approval,41,True,0.00010780012235045433
3,4,2-approval,42,True,0.0001666999887675047
3,4,2-approval,43,False,0.00015540001913905144
3,4,2-approval,44,False,6.640003994107246e-05
3,4,2-approval,45,False,6.400002166628838e-05
3,4,2-approval,46,False,0.00020330003462731838
3,4,2-approval,47,True,0.00021500000730156898
3,4,2-approval,48,False,9.449990466237068e-05
3,4,2-approval,49,False,0.0001738998107612133
3,4,veto,0,False,0.00013819988816976547
3,4,veto,1,False,8.140015415847301e-05
3,4,veto,2,False,0.00015029986388981342
3,4,veto,3,False,0.00015540001913905144
3,4,veto,4,False,9.480002336204052e-05
3,4,veto,5,False,6.160000339150429e-05
3,4,veto,6,False,6.870017386972904e-05
3,4,veto,7,False,8.359993807971478e-05
3,4,veto,8,False,0.00010380009189248085
3,4,veto,9,True,0.0001050999853760004
3,4,veto,10,True,0.00010600010864436626
3,4,veto,11,False,0.00011579995043575764
3,4,veto,12,False,0.00015939981676638126
3,4,veto,13,False,7.770000956952572e-05
3,4,veto,14,True,0.00025349995121359825
3,4,veto,15,False,0.00014769984409213066
3,4,veto,16,False,0.00012369989417493343
3,4,veto,17,False,7.569999434053898e-05
3,4,veto,18,False,6.87998253852129e-05
3,4,veto,19,False,6.869994103908539e-05
3,4,veto,20,False,0.00011040014214813709
3,4,veto,21,True,0.00011799996718764305
3,4,veto,22,False,0.00014739995822310448
3,4,veto,23,False,7.199984975159168e-05
3,4,veto,24,False,0.00015239999629557133
3,4,veto,25,False,7.469998672604561e-05
3,4,veto,26,False,8.370005525648594e-05
3,4,veto,27,False,8.379993960261345e-05
3,4,veto,28,True,0.00016529997810721397
3,4,veto,29,False,7.509998977184296e-05
3,4,veto,30,False,0.00015230011194944382
3,4,veto,31,False,0.0003154999576508999
3,4,veto,32,False,6.940006278455257e-05
3,4,veto,33,False,6.970018148422241e-05
3,4,veto,34,False,7.939990609884262e-05
3,4,veto,35,False,6.710016168653965e-05
3,4,veto,36,False,0.0001066999975591898
3,4,veto,37,True,9.780004620552063e-05
3,4,veto,38,False,7.349997758865356e-05
3,4,veto,39,False,0.0001355998683720827
3,4,veto,40,False,0.00014150002971291542
3,4,veto,41,True,0.00026219990104436874
3,4,veto,42,True,0.0004064999520778656
3,4,veto,43,False,0.00015059998258948326
3,4,veto,44,False,9.520002640783787e-05
3,4,veto,45,False,8.580018766224384e-05
3,4,veto,46,False,8.430005982518196e-05
3,4,veto,47,True,0.0001313001848757267
3,4,veto,48,False,7.810001261532307e-05
3,4,veto,49,False,7.599988020956516e-05
3,4,borda,0,False,0.0001838000025600195
3,4,borda,1,False,0.00013669999316334724
3,4,borda,2,False,8.670007809996605e-05
3,4,borda,3,False,9.030010551214218e-05
3,4,borda,4,False,8.759996853768826e-05
3,4,borda,5,False,0.00011290004476904869
3,4,borda,6,False,7.84001313149929e-05
3,4,borda,7,False,8.779997006058693e-05
3,4,borda,8,False,7.469998672604561e-05
3,4,borda,9,False,0.0002476000227034092
3,4,borda,10,True,0.00013770000077784061
3,4,borda,11,False,8.09000339359045e-05
3,4,borda,12,False,7.449998520314693e-05
3,4,borda,13,False,0.00010479986667633057
3,4,borda,14,True,0.00012810016050934792
3,4,borda,15,False,0.00011550006456673145
3,4,borda,16,False,0.00013870000839233398
3,4,borda,17,False,7.600011304020882e-05
3,4,borda,18,False,0.00012240000069141388
3,4,borda,19,False,7.08999577909708e-05
3,4,borda,20,False,0.00011370005086064339
3,4,borda,21,True,0.00016469997353851795
3,4,borda,22,False,0.00010339985601603985
3,4,borda,23,False,6.229989230632782e-05
3,4,borda,24,False,0.0003170999698340893
3,4,borda,25,False,0.00013020006008446217
3,4,borda,26,False,0.0001322000753134489
3,4,borda,27,False,0.00010349997319281101
3,4,borda,28,True,0.00013299984857439995
3,4,borda,29,False,6.54000323265791e-05
3,4,borda,30,False,0.0002443001139909029
3,4,borda,31,False,0.0002966001629829407
3,4,borda,32,False,0.0003459998406469822
3,4,borda,33,False,0.00011600018478929996
3,4,borda,34,False,8.350005373358727e-05
3,4,borda,35,False,0.00011419993825256824
3,4,borda,36,False,7.779989391565323e-05
3,4,borda,37,True,0.0001417000312358141
3,4,borda,38,False,0.00014130002819001675
3,4,borda,39,False,0.00012989994138479233
3,4,borda,40,False,0.00031729997135698795
3,4,borda,41,True,0.000264100031927228
3,4,borda,42,False,0.00027849990874528885
3,4,borda,43,False,0.0001689000055193901
3,4,borda,44,False,0.00019860011525452137
3,4,borda,45,False,0.00011070002801716328
3,4,borda,46,False,7.16999638825655e-05
3,4,borda,47,True,0.00013649999164044857
3,4,borda,48,False,7.38000962883234e-05
3,4,borda,49,False,0.00011190003715455532
3,5,plurality,0,False,0.00010160007514059544
3,5,plurality,1,False,0.0001137999352067709
3,5,plurality,2,True,0.00023859995417296886
3,5,plurality,3,False,0.00015580002218484879
3,5,plurality,4,False,8.270004764199257e-05
3,5,plurality,5,False,0.00012550014071166515
3,5,plurality,6,False,0.0001083998940885067
3,5,plurality,7,True,0.00021030008792877197
3,5,plurality,8,False,7.559987716376781e-05
3,5,plurality,9,True,0.00013569998554885387
3,5,plurality,10,False,0.0005009998567402363
3,5,plurality,11,False,0.0003692000173032284
3,5,plurality,12,False,8.390005677938461e-05
3,5,plurality,13,False,0.00026139989495277405
3,5,plurality,14,False,0.00011999998241662979
3,5,plurality,15,True,0.00011389981955289841
3,5,plurality,16,False,9.240000508725643e-05
3,5,plurality,17,True,0.00010820012539625168
3,5,plurality,18,False,0.00010399986058473587
3,5,plurality,19,False,7.620011456310749e-05
3,5,plurality,20,False,0.00014949985779821873
3,5,plurality,21,True,0.00011909985914826393
3,5,plurality,22,False,8.119991980493069e-05
3,5,plurality,23,False,0.0001539001241326332
3,5,plurality,24,False,7.779989391565323e-05
3,5,plurality,25,False,8.370005525648594e-05
3,5,plurality,26,True,0.0001183999702334404
3,5,plurality,27,False,8.229981176555157e-05
3,5,plurality,28,True,0.0001503999810665846
3,5,plurality,29,False,7.640011608600616e-05
3,5,plurality,30,False,0.00010580010712146759
3,5,plurality,31,False,0.00011499994434416294
3,5,plurality,32,False,7.670000195503235e-05
3,5,plurality,33,False,0.00010979990474879742
3,5,plurality,34,True,0.00016609998419880867
3,5,plurality,35,True,0.0001243001315742731
3,5,plurality,36,False,7.750000804662704e-05
3,5,plurality,37,False,7.459986954927444e-05
3,5,plurality,38,False,7.240008562803268e-05
3,5,plurality,39,False,8.159992285072803e-05
3,5,plurality,40,True,0.00017630006186664104
3,5,plurality,41,False,0.00021820003166794777
3,5,plurality,42,False,0.00012139999307692051
3,5,plurality,43,True,0.00011390005238354206
3,5,plurality,44,False,7.500010542571545e-05
3,5,plurality,45,True,0.00013520009815692902
3,5,plurality,46,False,0.00010349997319281101
3,5,plurality,47,False,0.00012189988046884537
3,5,plurality,48,True,0.00015369988977909088
3,5,plurality,49,True,0.00011830008588731289
3,5,2-approval,0,False,0.00010459986515343189
3,5,2-approval,1,False,0.00013359985314309597
3,5,2-approval,2,True,0.00027249986305832863
3,5,2-approval,3,False,8.019991219043732e-05
3,5,2-approval,4,False,8.260016329586506e-05
3,5,2-approval,5,False,7.87999015301466e-05
3,5,2-approval,6,False,9.909993968904018e-05
3,5,2-approval,7,False,0.00015949993394315243
3,5,2-approval,8,False,0.00014980020932853222
3,5,2-approval,9,True,0.00011730007827281952
3,5,2-approval,10,True,0.0001401000190526247
3,5,2-approval,11,False,0.00011610006913542747
3,5,2-approval,12,False,7.979990914463997e-05
3,5,2-approval,13,True,0.0001167000737041235
3,5,2-approval,14,False,0.00011049979366362095
3,5,2-approval,15,False,0.000134600093588233
3,5,2-approval,16,False,6.619980558753014e-05
3,5,2-approval,17,True,0.0001091999001801014
3,5,2-approval,18,False,6.640003994107246e-05
3,5,2-approval,19,False,0.00013180007226765156
3,5,2-approval,20,False,0.0002671999391168356
3,5,2-approval,21,True,0.00013649999164044857
3,5,2-approval,22,False,0.00010480009950697422
3,5,2-approval,23,False,0.00016030017286539078
3,5,2-approval,24,False,0.00010009994730353355
3,5,2-approval,25,False,6.929994560778141e-05
3,5,2-approval,26,True,0.00012519978918135166
3,5,2-approval,27,False,6.170012056827545e-05
3,5,2-approval,28,True,0.000108000123873353
3,5,2-approval,29,False,7.439986802637577e-05
3,5,2-approval,30,False,7.189996540546417e-05
3,5,2-approval,31,False,7.289997301995754e-05
3,5,2-approval,32,False,7.54999928176403e-05
3,5,2-approval,33,False,0.00011040014214813709
3,5,2-approval,34,True,0.00012500002048909664
3,5,2-approval,35,True,0.00010249996557831764
3,5,2-approval,36,False,0.00011730007827281952
3,5,2-approval,37,False,7.24999699741602e-05
3,5,2-approval,38,False,8.490006439387798e-05
3,5,2-approval,39,False,7.499987259507179e-05
3,5,2-approval,40,True,0.00010160007514059544
3,5,2-approval,41,True,0.00013399985618889332
3,5,2-approval,42,False,0.00012949993833899498
3,5,2-approval,43,False,0.0001721000298857689
3,5,2-approval,44,False,0.00011899997480213642
3,5,2-approval,45,False,0.00020869984291493893
3,5,2-approval,46,False,9.280000813305378e-05
3,5,2-approval,47,False,7.740012370049953e-05
3,5,2-approval,48,True,0.00010710000060498714
3,5,2-approval,49,False,0.00013990001752972603
3,5,veto,0,False,0.00014370004646480083
3,5,veto,1,False,6.780005060136318e-05
3,5,veto,2,True,0.00015199999324977398
3,5,veto,3,False,6.680004298686981e-05
3,5,veto,4,False,6.660004146397114e-05
3,5,veto,5,False,6.960006430745125e-05
3,5,veto,6,False,9.210011921823025e-05
3,5,veto,7,False,0.00012940005399286747
3,5,veto,8,False,8.240016177296638e-05
3,5,veto,9,True,0.00018370011821389198
3,5,veto,10,True,0.00010359985753893852
3,5,veto,11,False,6.909994408488274e-05
3,5,veto,12,False,0.0001037998590618372
3,5,veto,13,True,0.0001462001819163561
3,5,veto,14,False,9.690015576779842e-05
3,5,veto,15,False,0.0001604999415576458
3,5,veto,16,False,9.34000127017498e-05
3,5,veto,17,True,0.00010900013148784637
3,5,veto,18,False,6.7099928855896e-05
3,5,veto,19,False,0.00010349997319281101
3,5,veto,20,False,0.00012450013309717178
3,5,veto,21,True,0.00010269996710121632
3,5,veto,22,False,7.680011913180351e-05
3,5,veto,23,False,0.00012740003876388073
3,5,veto,24,False,7.029995322227478e-05
3,5,veto,25,False,9.119999594986439e-05
3,5,veto,26,True,0.00020730006508529186
3,5,veto,27,False,6.520003080368042e-05
3,5,veto,28,True,0.0001408001407980919
3,5,veto,29,False,0.00010329997166991234
3,5,veto,30,False,6.949994713068008e-05
3,5,veto,31,False,6.84000551700592e-05
3,5,veto,32,False,7.160007953643799e-05
3,5,veto,33,False,7.679988630115986e-05
3,5,veto,34,True,0.0001379998866468668
3,5,veto,35,True,0.00010489998385310173
3,5,veto,36,False,0.00010950001887977123
3,5,veto,37,False,7.560010999441147e-05
3,5,veto,38,False,9.520002640783787e-05
3,5,veto,39,False,7.229996845126152e-05
3,5,veto,40,True,0.00012229988351464272
3,5,veto,41,True,0.0001137999352067709
3,5,veto,42,False,6.510014645755291e-05
3,5,veto,43,False,0.0001267001498490572
3,5,veto,44,False,0.0001287998165935278
3,5,veto,45,False,0.00014980020932853222
3,5,veto,46,False,7.289997301995754e-05
3,5,veto,47,False,6.789993494749069e-05
3,5,veto,48,True,0.00010560010559856892
3,5,veto,49,False,0.000125400023534894
3,5,borda,0,False,9.180000051856041e-05
3,5,borda,1,False,8.450006134808064e-05
3,5,borda,2,True,0.00010969978757202625
3,5,borda,3,False,0.00011399993672966957
3,5,borda,4,False,6.420002318918705e-05
3,5,borda,5,False,7.910002022981644e-05
3,5,borda,6,False,7.010018453001976e-05
3,5,borda,7,False,0.00014050002209842205
3,5,borda,8,False,6.270012818276882e-05
3,5,borda,9,True,0.00010539987124502659
3,5,borda,10,False,0.00013569998554885387
3,5,borda,11,False,6.529991514980793e-05
3,5,borda,12,False,7.489998824894428e-05
3,5,borda,13,False,0.00013369997031986713
3,5,borda,14,False,7.41998665034771e-05
3,5,borda,15,False,0.00014169979840517044
3,5,borda,16,False,6.790016777813435e-05
3,5,borda,17,True,0.00011690007522702217
3,5,borda,18,False,9.949994273483753e-05
3,5,borda,19,False,6.13001175224781e-05
3,5,borda,20,False,0.00013229995965957642
3,5,borda,21,True,0.00011070002801716328
3,5,borda,22,False,6.849993951618671e-05
3,5,borda,23,False,0.00014770007692277431
3,5,borda,24,False,6.340001709759235e-05
3,5,borda,25,False,6.990018300712109e-05
3,5,borda,26,True,0.00010619987733662128
3,5,borda,27,False,0.00010269996710121632
3,5,borda,28,True,0.00010689999908208847
3,5,borda,29,False,0.00010399986058473587
3,5,borda,30,False,8.9599983766675e-05
3,5,borda,31,False,7.33998604118824e-05
3,5,borda,32,False,6.769993342459202e-05
3,5,borda,33,False,0.00010700011625885963
3,5,borda,34,True,0.00010780012235045433
3,5,borda,35,True,0.00010620011016726494
3,5,borda,36,False,8.130003698170185e-05
3,5,borda,37,False,6.980006583034992e-05
3,5,borda,38,False,9.460002183914185e-05
3,5,borda,39,False,6.480002775788307e-05
3,5,borda,40,True,0.00012720003724098206
3,5,borda,41,False,0.000147499842569232
3,5,borda,42,False,6.849993951618671e-05
3,5,borda,43,False,0.0001462001819163561
3,5,borda,44,False,7.219985127449036e-05
3,5,borda,45,False,0.00014070002362132072
3,5,borda,46,False,8.310005068778992e-05
3,5,borda,47,False,8.409982547163963e-05
3,5,borda,48,True,0.0001316999550908804
3,5,borda,49,True,0.00010619987733662128
3,6,plurality,0,False,9.849993512034416e-05
3,6,plurality,1,False,9.08002257347107e-05
3,6,plurality,2,False,6.889994256198406e-05
3,6,plurality,3,False,7.189996540546417e-05
3,6,plurality,4,False,7.209996692836285e-05
3,6,plurality,5,False,9.720004163682461e-05
3,6,plurality,6,False,7.599988020956516e-05
3,6,plurality,7,False,7.25998543202877e-05
3,6,plurality,8,False,0.00015239999629557133
3,6,plurality,9,False,7.340009324252605e-05
3,6,plurality,10,False,7.049995474517345e-05
3,6,plurality,11,False,8.620019070804119e-05
3,6,plurality,12,False,7.040007039904594e-05
3,6,plurality,13,False,7.240008562803268e-05
3,6,plurality,14,True,0.0001126001589000225
3,6,plurality,15,False,0.00011370005086064339
3,6,plurality,16,True,0.00011279992759227753
3,6,plurality,17,False,0.00015139998868107796
3,6,plurality,18,True,0.00014789984561502934
3,6,plurality,19,True,0.00011069979518651962
3,6,plurality,20,False,7.179984822869301e-05
3,6,plurality,21,False,7.279985584318638e-05
3,6,plurality,22,False,7.00999516993761e-05
3,6,plurality,23,False,0.00012340000830590725
3,6,plurality,24,False,0.0001108997967094183
3,6,plurality,25,False,9.50999092310667e-05
3,6,plurality,26,False,8.100015111267567e-05
3,6,plurality,27,False,0.00012179999612271786
3,6,plurality,28,False,9.26000066101551e-05
3,6,plurality,29,False,7.110019214451313e-05
3,6,plurality,30,False,7.16999638825655e-05
3,6,plurality,31,False,0.00010180007666349411
3,6,plurality,32,False,8.690007962286472e-05
3,6,plurality,33,False,0.00013129995204508305
3,6,plurality,34,False,8.479994721710682e-05
3,6,plurality,35,False,0.0001066999975591898
3,6,plurality,36,True,0.00011180015280842781
3,6,plurality,37,False,0.0001097000204026699
3,6,plurality,38,False,7.409998215734959e-05
3,6,plurality,39,True,0.00010730000212788582
3,6,plurality,40,True,0.00011330004781484604
3,6,plurality,41,True,0.00011350004933774471
3,6,plurality,42,True,0.00010540010407567024
3,6,plurality,43,True,0.0001237001270055771
3,6,plurality,44,False,7.109995931386948e-05
3,6,plurality,45,False,0.0001963998656719923
3,6,plurality,46,False,0.00018909992650151253
3,6,plurality,47,False,7.679988630115986e-05
3,6,plurality,48,False,7.71000050008297e-05
3,6,plurality,49,True,0.00011530006304383278
3,6,2-approval,0,False,7.24999699741602e-05
3,6,2-approval,1,False,7.120007649064064e-05
3,6,2-approval,2,False,6.850017234683037e-05
3,6,2-approval,3,False,6.740004755556583e-05
3,6,2-approval,4,False,6.529991514980793e-05
3,6,2-approval,5,False,6.889994256198406e-05
3,6,2-approval,6,False,8.269981481134892e-05
3,6,2-approval,7,False,6.729993037879467e-05
3,6,2-approval,8,False,0.00012870016507804394
3,6,2-approval,9,False,7.00999516993761e-05
3,6,2-approval,10,False,7.349997758865356e-05
3,6,2-approval,11,False,7.209996692836285e-05
3,6,2-approval,12,False,7.830001413822174e-05
3,6,2-approval,13,False,0.0001517001073807478
3,6,2-approval,14,True,0.0001955998595803976
3,6,2-approval,15,False,0.00010720011778175831
3,6,2-approval,16,True,0.00011439993977546692
3,6,2-approval,17,False,0.0002482000272721052
3,6,2-approval,18,True,0.0001674999948590994
3,6,2-approval,19,True,0.00021299999207258224
3,6,2-approval,20,False,7.559987716376781e-05
3,6,2-approval,21,False,0.00010229996405541897
3,6,2-approval,22,False,8.119991980493069e-05
3,6,2-approval,23,False,6.749993190169334e-05
3,6,2-approval,24,False,0.00011999998241662979
3,6,2-approval,25,False,9.25001222640276e-05
3,6,2-approval,26,False,8.020014502108097e-05
3,6,2-approval,27,False,0.00013699987903237343
3,6,2-approval,28,False,9.450013749301434e-05
3,6,2-approval,29,False,9.770016185939312e-05
3,6,2-approval,30,False,8.239992894232273e-05
3,6,2-approval,31,False,7.600011304020882e-05
3,6,2-approval,32,False,6.949994713068008e-05
3,6,2-approval,33,False,6.969994865357876e-05
3,6,2-approval,34,False,7.369997911155224e-05
3,6,2-approval,35,False,0.00011419993825256824
3,6,2-approval,36,True,0.0001783999614417553
3,6,2-approval,37,False,0.00011010002344846725
3,6,2-approval,38,False,6.849993951618671e-05
3,6,2-approval,39,True,0.0001026000827550888
3,6,2-approval,40,True,0.00010890001431107521
3,6,2-approval,41,True,0.00010000006295740604
3,6,2-approval,42,True,0.0001066999975591898
3,6,2-approval,43,False,0.00014219991862773895
3,6,2-approval,44,False,8.909986354410648e-05
3,6,2-approval,45,True,9.629991836845875e-05
3,6,2-approval,46,True,0.00020839995704591274
3,6,2-approval,47,False,0.00011090002954006195
3,6,2-approval,48,False,7.87999015301466e-05
3,6,2-approval,49,True,0.00010870001278817654
3,6,veto,0,False,7.71998893469572e-05
3,6,veto,1,False,8.450006134808064e-05
3,6,veto,2,False,0.00010870001278817654
3,6,veto,3,False,6.87998253852129e-05
3,6,veto,4,False,7.280008867383003e-05
3,6,veto,5,False,7.179984822869301e-05
3,6,veto,6,False,0.00013219984248280525
3,6,veto,7,False,7.539987564086914e-05
3,6,veto,8,False,0.00014219991862773895
3,6,veto,9,False,7.890001870691776e-05
3,6,veto,10,False,7.379986345767975e-05
3,6,veto,11,False,7.24999699741602e-05
3,6,veto,12,False,6.0900114476680756e-05
3,6,veto,13,False,6.960006430745125e-05
3,6,veto,14,True,0.00013830000534653664
3,6,veto,15,False,8.759996853768826e-05
3,6,veto,16,True,0.00011739996261894703
3,6,veto,17,False,0.00015700003132224083
3,6,veto,18,True,0.00014450005255639553
3,6,veto,19,True,0.00011119991540908813
3,6,veto,20,False,0.00010000006295740604
3,6,veto,21,False,8.010002784430981e-05
3,6,veto,22,False,0.00010249996557831764
3,6,veto,23,False,7.679988630115986e-05
3,6,veto,24,False,6.92000612616539e-05
3,6,veto,25,False,6.889994256198406e-05
3,6,veto,26,False,9.239977225661278e-05
3,6,veto,27,False,9.26000066101551e-05
3,6,veto,28,False,7.600011304020882e-05
3,6,veto,29,False,8.570007048547268e-05
3,6,veto,30,False,7.87999015301466e-05
3,6,veto,31,False,7.41998665034771e-05
3,6,veto,32,False,6.740004755556583e-05
3,6,veto,33,False,8.159992285072803e-05
3,6,veto,34,False,8.579995483160019e-05
3,6,veto,35,False,7.71000050008297e-05
3,6,veto,36,True,0.0001454001758247614
3,6,veto,37,False,9.26000066101551e-05
3,6,veto,38,False,9.389990009367466e-05
3,6,veto,39,True,0.0001417999155819416
3,6,veto,40,True,0.00012489990331232548
3,6,veto,41,True,0.00013439985923469067
3,6,veto,42,True,0.0001430001575499773
3,6,veto,43,False,0.00013509998098015785
3,6,veto,44,False,7.780012674629688e-05
3,6,veto,45,True,0.0001224998850375414
3,6,veto,46,True,0.00012809992767870426
3,6,veto,47,False,0.00010689999908208847
3,6,veto,48,False,6.880005821585655e-05
3,6,veto,49,True,0.00011079991236329079
3,6,borda,0,False,7.790001109242439e-05
3,6,borda,1,False,7.41998665034771e-05
3,6,borda,2,False,8.709984831511974e-05
3,6,borda,3,False,6.640003994107246e-05
3,6,borda,4,False,6.340001709759235e-05
3,6,borda,5,False,9.289989247918129e-05
3,6,borda,6,False,6.789993494749069e-05
3,6,borda,7,False,7.200008258223534e-05
3,6,borda,8,False,0.00027549988590180874
3,6,borda,9,False,7.140007801353931e-05
3,6,borda,10,False,7.080007344484329e-05
3,6,borda,11,False,6.200000643730164e-05
3,6,borda,12,False,6.749993190169334e-05
3,6,borda,13,False,0.0001167000737041235
3,6,borda,14,True,0.00013349996879696846
3,6,borda,15,False,0.00010539987124502659
3,6,borda,16,True,0.00013449997641146183
3,6,borda,17,False,0.00034600007347762585
3,6,borda,18,True,0.00012440001592040062
3,6,borda,19,True,0.00021500000730156898
3,6,borda,20,False,6.669992581009865e-05
3,6,borda,21,False,6.569991819560528e-05
3,6,borda,22,False,7.299985736608505e-05
3,6,borda,23,False,6.7099928855896e-05
3,6,borda,24,False,8.560018613934517e-05
3,6,borda,25,False,7.760012522339821e-05
3,6,borda,26,False,9.620003402233124e-05
3,6,borda,27,False,7.149996235966682e-05
3,6,borda,28,False,0.00012400001287460327
3,6,borda,29,False,0.00014949985779821873
3,6,borda,30,False,0.00012310012243688107
3,6,borda,31,False,7.049995474517345e-05
3,6,borda,32,False,6.989995017647743e-05
3,6,borda,33,False,6.800005212426186e-05
3,6,borda,34,False,0.00020229979418218136
3,6,borda,35,False,8.120015263557434e-05
3,6,borda,36,True,0.0002576999831944704
3,6,borda,37,False,0.00014730007387697697
3,6,borda,38,False,8.330005221068859e-05
3,6,borda,39,True,0.00019890000112354755
3,6,borda,40,True,0.0001984999980777502
3,6,borda,41,True,0.00013040006160736084
3,6,borda,42,True,0.00022529996931552887
3,6,borda,43,False,0.00016549997963011265
3,6,borda,44,False,6.869994103908539e-05
3,6,borda,45,False,0.00017819995991885662
3,6,borda,46,False,0.00014210003428161144
3,6,borda,47,False,6.729993037879467e-05
3,6,borda,48,False,7.30000901967287e-05
3,6,borda,49,True,0.0001221999991685152
3,7,plurality,0,False,7.489998824894428e-05
3,7,plurality,1,False,0.0001308000646531582
3,7,plurality,2,False,7.6299998909235e-05
3,7,plurality,3,True,0.00012159999459981918
3,7,plurality,4,False,0.00014299992471933365
3,7,plurality,5,False,0.00013839988969266415
3,7,plurality,6,False,0.0001020999625325203
3,7,plurality,7,False,6.829993799328804e-05
3,7,plurality,8,True,0.00010719988495111465
3,7,plurality,9,False,8.54001846164465e-05
3,7,plurality,10,False,7.269997149705887e-05
3,7,plurality,11,True,0.000130099942907691
3,7,plurality,12,False,8.459994569420815e-05
3,7,plurality,13,False,0.00016169995069503784
3,7,plurality,14,True,0.00010930001735687256
3,7,plurality,15,False,9.609991684556007e-05
3,7,plurality,16,False,0.00013109995052218437
3,7,plurality,17,False,7.389998063445091e-05
3,7,plurality,18,False,7.780012674629688e-05
3,7,plurality,19,False,7.730000652372837e-05
3,7,plurality,20,False,9.349989704787731e-05
3,7,plurality,21,True,0.00010850001126527786
3,7,plurality,22,False,0.00013609998859465122
3,7,plurality,23,False,6.900005973875523e-05
3,7,plurality,24,False,7.890001870691776e-05
3,7,plurality,25,False,7.690000347793102e-05
3,7,plurality,26,False,7.690000347793102e-05
3,7,plurality,27,False,7.859990000724792e-05
3,7,plurality,28,False,7.620011456310749e-05
3,7,plurality,29,False,7.00999516993761e-05
3,7,plurality,30,True,0.00010560010559856892
3,7,plurality,31,True,0.00010529998689889908
3,7,plurality,32,True,0.00012749992311000824
3,7,plurality,33,True,0.00011099991388618946
3,7,plurality,34,False,9.240000508725643e-05
3,7,plurality,35,False,8.919998072087765e-05
3,7,plurality,36,False,0.00012620002962648869
3,7,plurality,37,False,9.119999594986439e-05
3,7,plurality,38,True,0.000107599887996912
3,7,plurality,39,False,9.560002945363522e-05
3,7,plurality,40,True,0.00011679995805025101
3,7,plurality,41,False,7.469998672604561e-05
3,7,plurality,42,True,0.00010980013757944107
3,7,plurality,43,True,0.00011410005390644073
3,7,plurality,44,False,9.66999214142561e-05
3,7,plurality,45,False,7.700012065470219e-05
3,7,plurality,46,True,0.00013070018030703068
3,7,plurality,47,True,0.00012260000221431255
3,7,plurality,48,False,0.0001221001148223877
3,7,plurality,49,False,0.00012240000069141388
3,7,2-approval,0,False,7.860013283789158e-05
3,7,2-approval,1,True,0.0001205001026391983
3,7,2-approval,2,False,7.449998520314693e-05
3,7,2-approval,3,True,0.00011959997937083244
3,7,2-approval,4,False,0.0001487999688833952
3,7,2-approval,5,False,0.0001314000692218542
3,7,2-approval,6,False,7.54001084715128e-05
3,7,2-approval,7,False,7.269997149705887e-05
3,7,2-approval,8,True,0.00022609997540712357
3,7,2-approval,9,False,7.71000050008297e-05
3,7,2-approval,10,False,8.299993351101875e-05
3,7,2-approval,11,True,0.0001751999370753765
3,7,2-approval,12,False,7.349997758865356e-05
3,7,2-approval,13,False,0.00012950017116963863
3,7,2-approval,14,True,0.00014060013927519321
3,7,2-approval,15,False,7.189996540546417e-05
3,7,2-approval,16,False,0.00024170009419322014
3,7,2-approval,17,False,7.830001413822174e-05
3,7,2-approval,18,False,7.30000901967287e-05
3,7,2-approval,19,False,0.00010020006448030472
3,7,2-approval,20,False,7.760012522339821e-05
3,7,2-approval,21,True,0.00015069986693561077
3,7,2-approval,22,False,0.0001626999583095312
3,7,2-approval,23,False,7.730000652372837e-05
3,7,2-approval,24,False,7.020006887614727e-05
3,7,2-approval,25,False,9.590014815330505e-05
3,7,2-approval,26,False,7.87999015301466e-05
3,7,2-approval,27,False,7.87999015301466e-05
3,7,2-approval,28,False,0.00013810000382363796
3,7,2-approval,29,False,8.099991828203201e-05
3,7,2-approval,30,True,0.00013360008597373962
3,7,2-approval,31,False,0.0002337999176234007
3,7,2-approval,32,True,0.0001121999230235815
3,7,2-approval,33,True,0.00019699987024068832
3,7,2-approval,34,False,7.569999434053898e-05
3,7,2-approval,35,False,6.919982843101025e-05
3,7,2-approval,36,False,0.00013729999773204327
3,7,2-approval,37,False,0.00011290004476904869
3,7,2-approval,38,True,0.0001354999840259552
3,7,2-approval,39,False,0.00010339985601603985
3,7,2-approval,40,True,0.00013280007988214493
3,7,2-approval,41,False,0.0001338999718427658
3,7,2-approval,42,True,0.0001351002138108015
3,7,2-approval,43,False,0.0001442998182028532
3,7,2-approval,44,False,8.830009028315544e-05
3,7,2-approval,45,False,0.00010979990474879742
3,7,2-approval,46,True,0.00012600002810359
3,7,2-approval,47,True,0.00012289988808333874
3,7,2-approval,48,False,0.00012710015289485455
3,7,2-approval,49,False,7.509998977184296e-05
3,7,veto,0,False,0.00010469998233020306
3,7,veto,1,True,0.00013289996422827244
3,7,veto,2,False,8.79999715834856e-05
3,7,veto,3,True,0.00011570006608963013
3,7,veto,4,False,0.00018269987776875496
3,7,veto,5,False,0.00016270019114017487
3,7,veto,6,False,0.00012679980136454105
3,7,veto,7,False,0.0001392001286149025
3,7,veto,8,True,0.00011819996871054173
3,7,veto,9,False,8.25000461190939e-05
3,7,veto,10,False,8.850009180605412e-05
3,7,veto,11,True,0.00011950009502470493
3,7,veto,12,False,9.240000508725643e-05
3,7,veto,13,False,7.790001109242439e-05
3,7,veto,14,True,0.00012470013462007046
3,7,veto,15,False,7.870001718401909e-05
3,7,veto,16,False,0.00013289996422827244
3,7,veto,17,False,7.92001374065876e-05
3,7,veto,18,False,9.560002945363522e-05
3,7,veto,19,False,8.809985592961311e-05
3,7,veto,20,False,7.810001261532307e-05
3,7,veto,21,True,0.0002625000197440386
3,7,veto,22,False,0.00022209994494915009
3,7,veto,23,False,7.929978892207146e-05
3,7,veto,24,False,9.700004011392593e-05
3,7,veto,25,False,7.46001023799181e-05
3,7,veto,26,False,9.869993664324284e-05
3,7,veto,27,False,7.660011760890484e-05
3,7,veto,28,False,7.509998977184296e-05
3,7,veto,29,False,7.919990457594395e-05
3,7,veto,30,True,0.0001192998606711626
3,7,veto,31,False,0.0001430001575499773
3,7,veto,32,True,0.00010870001278817654
3,7,veto,33,True,0.0001050001010298729
3,7,veto,34,False,7.360009476542473e-05
3,7,veto,35,False,7.340009324252605e-05
3,7,veto,36,False,0.00014479993842542171
3,7,veto,37,False,7.820012979209423e-05
3,7,veto,38,True,0.0001387998927384615
3,7,veto,39,False,7.609999738633633e-05
3,7,veto,40,True,0.00011870008893311024
3,7,veto,41,False,7.680011913180351e-05
3,7,veto,42,True,0.00013429997488856316
3,7,veto,43,False,0.00013650022447109222
3,7,veto,44,False,7.639988325536251e-05
3,7,veto,45,False,7.670000195503235e-05
3,7,veto,46,True,0.0001096001360565424
3,7,veto,47,True,0.00010899989865720272
3,7,veto,48,False,6.490014493465424e-05
3,7,veto,49,False,7.739989086985588e-05
3,7,borda,0,False,7.340009324252605e-05
3,7,borda,1,True,0.000125400023534894
3,7,borda,2,False,0.00010020006448030472
3,7,borda,3,True,0.00012159999459981918
3,7,borda,4,False,0.00015460001304745674
3,7,borda,5,False,0.00014890008606016636
3,7,borda,6,False,7.38000962883234e-05
3,7,borda,7,False,7.13001936674118e-05
3,7,borda,8,True,0.00011959997937083244
3,7,borda,9,False,7.060007192194462e-05
3,7,borda,10,False,9.130011312663555e-05
3,7,borda,11,True,0.00018580001778900623
3,7,borda,12,False,7.090019062161446e-05
3,7,borda,13,False,7.199984975159168e-05
3,7,borda,14,True,0.0001238000113517046
3,7,borda,15,False,0.00010409997776150703
3,7,borda,16,False,0.000156699912622571
3,7,borda,17,False,0.00012490013614296913
3,7,borda,18,False,7.329997606575489e-05
3,7,borda,19,False,9.620003402233124e-05
3,7,borda,20,False,0.00010850001126527786
3,7,borda,21,True,0.00012199999764561653
3,7,borda,22,False,0.00017170002683997154
3,7,borda,23,False,8.409982547163963e-05
3,7,borda,24,False,0.0001230998896062374
3,7,borda,25,False,7.569999434053898e-05
3,7,borda,26,False,0.0001134001649916172
3,7,borda,27,False,7.559987716376781e-05
3,7,borda,28,False,0.00010189996100962162
3,7,borda,29,False,9.400001727044582e-05
3,7,borda,30,True,0.0001593001652508974
3,7,borda,31,True,0.00017190002836287022
3,7,borda,32,True,0.00013740011490881443
3,7,borda,33,True,0.00012029986828565598
3,7,borda,34,False,0.00010979990474879742
3,7,borda,35,False,9.490014053881168e-05
3,7,borda,36,False,0.0001509999856352806
3,7,borda,37,False,8.650007657706738e-05
3,7,borda,38,True,0.00011430005542933941
3,7,borda,39,False,7.24999699741602e-05
3,7,borda,40,True,0.00012149987742304802
3,7,borda,41,False,7.329997606575489e-05
3,7,borda,42,True,0.00013029994443058968
3,7,borda,43,True,0.0001501999795436859
3,7,borda,44,False,0.00010319985449314117
3,7,borda,45,False,0.00010760012082755566
3,7,borda,46,True,0.00011560018174350262
3,7,borda,47,True,0.00011380016803741455
3,7,borda,48,False,6.770016625523567e-05
3,7,borda,49,False,6.969994865357876e-05
4,2,plurality,0,False,9.019998833537102e-05
4,2,plurality,1,False,0.00014659995213150978
4,2,plurality,2,False,6.429990753531456e-05
4,2,plurality,3,False,0.00012850016355514526
4,2,plurality,4,True,0.0001159000676125288
4,2,plurality,5,False,6.129988469183445e-05
4,2,plurality,6,True,0.00016319984570145607
4,2,plurality,7,True,9.180000051856041e-05
4,2,plurality,8,True,9.26000066101551e-05
4,2,plurality,9,True,0.00012530013918876648
4,2,plurality,10,True,9.450013749301434e-05
4,2,plurality,11,True,0.00011360016651451588
4,2,plurality,12,False,0.00015109986998140812
4,2,plurality,13,True,0.00012270011939108372
4,2,plurality,14,True,9.930017404258251e-05
4,2,plurality,15,False,7.449998520314693e-05
4,2,plurality,16,True,0.00017739995382726192
4,2,plurality,17,False,5.719996988773346e-05
4,2,plurality,18,False,5.850009620189667e-05
4,2,plurality,19,False,6.7500164732337e-05
4,2,plurality,20,False,0.00014190003275871277
4,2,plurality,21,False,6.059999577701092e-05
4,2,plurality,22,False,6.280001252889633e-05
4,2,plurality,23,True,0.00012600002810359
4,2,plurality,24,False,6.110011599957943e-05
4,2,plurality,25,False,0.00011979998089373112
4,2,plurality,26,False,5.91999851167202e-05
4,2,plurality,27,True,0.00010020006448030472
4,2,plurality,28,False,0.00012949993833899498
4,2,plurality,29,False,8.520018309354782e-05
4,2,plurality,30,True,9.560002945363522e-05
4,2,plurality,31,False,0.00012440001592040062
4,2,plurality,32,False,8.579995483160019e-05
4,2,plurality,33,False,6.320001557469368e-05
4,2,plurality,34,True,0.00012059998698532581
4,2,plurality,35,False,6.3000014051795e-05
4,2,plurality,36,False,6.260001100599766e-05
4,2,plurality,37,True,0.00010179984383285046
4,2,plurality,38,False,6.340001709759235e-05
4,2,plurality,39,True,0.00011459994129836559
4,2,plurality,40,False,0.00014810007996857166
4,2,plurality,41,True,0.00011550006456673145
4,2,plurality,42,True,9.96999442577362e-05
4,2,plurality,43,False,0.00012240000069141388
4,2,plurality,44,True,0.00013699987903237343
4,2,plurality,45,False,6.260001100599766e-05
4,2,plurality,46,False,0.00016099982894957066
4,2,plurality,47,True,0.00012059998698532581
4,2,plurality,48,True,0.0001284999307245016
4,2,plurality,49,True,0.00021650013513863087
4,2,2-approval,0,False,6.160000339150429e-05
4,2,2-approval,1,False,0.00023380015045404434
4,2,2-approval,2,False,5.759997293353081e-05
4,2,2-approval,3,False,6.769993342459202e-05
4,2,2-approval,4,True,0.00010119983926415443
4,2,2-approval,5,False,9.010010398924351e-05
4,2,2-approval,6,True,0.00010239984840154648
4,2,2-approval,7,True,0.00019189994782209396
4,2,2-approval,8,True,0.00011470005847513676
4,2,2-approval,9,True,0.00012090010568499565
4,2,2-approval,10,True,9.139999747276306e-05
4,2,2-approval,11,True,9.369989857077599e-05
4,2,2-approval,12,False,0.0001192998606711626
4,2,2-approval,13,True,0.00021290010772645473
4,2,2-approval,14,True,9.909993968904018e-05
4,2,2-approval,15,False,6.500002928078175e-05
4,2,2-approval,16,True,0.00012649991549551487
4,2,2-approval,17,False,7.120007649064064e-05
4,2,2-approval,18,False,8.350005373358727e-05
4,2,2-approval,19,False,6.0300109907984734e-05
4,2,2-approval,20,False,6.679981015622616e-05
4,2,2-approval,21,False,7.559987716376781e-05
4,2,2-approval,22,False,5.710008554160595e-05
4,2,2-approval,23,True,0.00011519994586706161
4,2,2-approval,24,False,6.0399994254112244e-05
4,2,2-approval,25,False,0.00012579979375004768
4,2,2-approval,26,False,0.00011870008893311024
4,2,2-approval,27,True,0.00015549990348517895
4,2,2-approval,28,True,0.0002164999023079872
4,2,2-approval,29,False,6.430014036595821e-05
4,2,2-approval,30,True,0.00012780004180967808
4,2,2-approval,31,True,0.0001384001225233078
4,2,2-approval,32,False,8.809985592961311e-05
4,2,2-approval,33,False,7.910002022981644e-05
4,2,2-approval,34,True,0.0001564000267535448
4,2,2-approval,35,False,5.579995922744274e-05
4,2,2-approval,36,False,5.659996531903744e-05
4,2,2-approval,37,False,0.00014379993081092834
4,2,2-approval,38,False,8.770008571445942e-05
4,2,2-approval,39,False,0.0001721999142318964
4,2,2-approval,40,False,0.000125400023534894
4,2,2-approval,41,True,0.00012700003571808338
4,2,2-approval,42,True,0.00026210001669824123
4,2,2-approval,43,False,8.490006439387798e-05
4,2,2-approval,44,True,0.0001121999230235815
4,2,2-approval,45,False,6.990018300712109e-05
4,2,2-approval,46,True,0.00013180007226765156
4,2,2-approval,47,True,0.00011790008284151554
4,2,2-approval,48,True,0.00010139984078705311
4,2,2-approval,49,True,0.00010269996710121632
4,2,veto,0,False,6.620003841817379e-05
4,2,veto,1,False,0.00012880004942417145
4,2,veto,2,False,5.969987250864506e-05
4,2,veto,3,False,6.019999273121357e-05
4,2,veto,4,False,0.0002242999617010355
4,2,veto,5,False,6.200000643730164e-05
4,2,veto,6,True,0.00010279985144734383
4,2,veto,7,True,9.529991075396538e-05
4,2,veto,8,True,0.00010279985144734383
4,2,veto,9,False,0.0001191999763250351
4,2,veto,10,True,9.580003097653389e-05
4,2,veto,11,True,0.00011509982869029045
4,2,veto,12,False,0.00016479985788464546
4,2,veto,13,True,0.00011850008741021156
4,2,veto,14,True,9.949994273483753e-05
4,2,veto,15,False,6.370013579726219e-05
4,2,veto,16,False,0.00012640003114938736
4,2,veto,17,False,0.00012329989112913609
4,2,veto,18,False,6.129988469183445e-05
4,2,veto,19,False,9.429990313947201e-05
4,2,veto,20,False,6.449990905821323e-05
4,2,veto,21,False,6.87998253852129e-05
4,2,veto,22,False,0.00010240008123219013
4,2,veto,23,True,9.929994121193886e-05
4,2,veto,24,False,6.190012209117413e-05
4,2,veto,25,False,0.0001237001270055771
4,2,veto,26,False,6.08998816460371e-05
4,2,veto,27,True,0.00016249995678663254
4,2,veto,28,True,0.00020120013505220413
4,2,veto,29,False,8.810008876025677e-05
4,2,veto,30,True,0.00012240000069141388
4,2,veto,31,False,0.00012620002962648869
4,2,veto,32,False,5.740020424127579e-05
4,2,veto,33,False,5.970010533928871e-05
4,2,veto,34,True,0.00021319999359548092
4,2,veto,35,False,0.00011090002954006195
4,2,veto,36,False,6.340001709759235e-05
4,2,veto,37,False,0.00015940004959702492
4,2,veto,38,False,6.59001525491476e-05
4,2,veto,39,False,0.0001634999644011259
4,2,veto,40,False,0.00013770000077784061
4,2,veto,41,True,9.130011312663555e-05
4,2,veto,42,True,0.00010920013301074505
4,2,veto,43,False,7.160007953643799e-05
4,2,veto,44,True,0.00012129987590014935
4,2,veto,45,False,0.00012819981202483177
4,2,veto,46,False,0.00015529990196228027
4,2,veto,47,True,0.00010579987429082394
4,2,veto,48,True,0.00010179984383285046
4,2,veto,49,True,0.00010479986667633057
4,2,borda,0,False,7.059983909130096e-05
4,2,borda,1,False,0.00023869983851909637
4,2,borda,2,False,8.310005068778992e-05
4,2,borda,3,False,6.360001862049103e-05
4,2,borda,4,True,0.00010300008580088615
4,2,borda,5,False,6.270012818276882e-05
4,2,borda,6,True,0.00019449996761977673
4,2,borda,7,True,0.00010259984992444515
4,2,borda,8,True,0.00011659995652735233
4,2,borda,9,True,9.629991836845875e-05
4,2,borda,10,True,9.449990466237068e-05
4,2,borda,11,True,0.00010249996557831764
4,2,borda,12,False,0.00013999990187585354
4,2,borda,13,True,9.980006143450737e-05
4,2,borda,14,True,0.00010080006904900074
4,2,borda,15,False,7.349997758865356e-05
4,2,borda,16,True,0.0001058999914675951
4,2,borda,17,False,8.230004459619522e-05
4,2,borda,18,False,5.8999983593821526e-05
4,2,borda,19,False,5.440018139779568e-05
4,2,borda,20,False,6.470014341175556e-05
4,2,borda,21,False,5.6999968364834785e-05
4,2,borda,22,False,5.8999983593821526e-05
4,2,borda,23,True,0.00012570014223456383
4,2,borda,24,False,5.6999968364834785e-05
4,2,borda,25,False,0.00013489997945725918
4,2,borda,26,False,5.770009011030197e-05
4,2,borda,27,True,9.96999442577362e-05
4,2,borda,28,True,0.000120899872854352
4,2,borda,29,False,8.520018309354782e-05
4,2,borda,30,True,0.00012940005399286747
4,2,borda,31,True,0.00018279999494552612
4,2,borda,32,False,6.54000323265791e-05
4,2,borda,33,False,5.760020576417446e-05
4,2,borda,34,True,0.00010300008580088615
4,2,borda,35,False,5.4999953135848045e-05
4,2,borda,36,False,5.770009011030197e-05
4,2,borda,37,False,0.00012960005551576614
4,2,borda,38,False,5.659996531903744e-05
4,2,borda,39,True,0.00013699987903237343
4,2,borda,40,False,0.00012800004333257675
4,2,borda,41,True,9.520002640783787e-05
4,2,borda,42,True,0.0001175999641418457
4,2,borda,43,False,7.950002327561378e-05
4,2,borda,44,True,0.000107599887996912
4,2,borda,45,False,5.000014789402485e-05
4,2,borda,46,True,0.0001959002111107111
4,2,borda,47,True,0.00017249980010092258
4,2,borda,48,True,0.00014649983495473862
4,2,borda,49,True,0.000120899872854352
4,3,plurality,0,True,0.00010029994882643223
4,3,plurality,1,False,6.669992581009865e-05
4,3,plurality,2,False,6.529991514980793e-05
4,3,plurality,3,False,0.00013830000534653664
4,3,plurality,4,False,0.00016080006025731564
4,3,plurality,5,True,0.00011969986371695995
4,3,plurality,6,True,0.00010279985144734383
4,3,plurality,7,False,0.00011679995805025101
4,3,plurality,8,False,6.509991362690926e-05
4,3,plurality,9,False,6.54999166727066e-05
4,3,plurality,10,False,9.999983012676239e-05
4,3,plurality,11,False,6.690016016364098e-05
4,3,plurality,12,False,6.440002471208572e-05
4,3,plurality,13,False,6.600003689527512e-05
4,3,plurality,14,False,9.26000066101551e-05
4,3,plurality,15,False,6.390013732016087e-05
4,3,plurality,16,False,8.330005221068859e-05
4,3,plurality,17,True,0.00017119990661740303
4,3,plurality,18,False,7.330020889639854e-05
4,3,plurality,19,False,6.479979492723942e-05
4,3,plurality,20,False,0.0001259001437574625
4,3,plurality,21,True,0.00012409989722073078
4,3,plurality,22,False,0.00022629997693002224
4,3,plurality,23,True,9.96999442577362e-05
4,3,plurality,24,True,0.0001938999630510807
4,3,plurality,25,True,0.0001542000100016594
4,3,plurality,26,False,0.0001604999415576458
4,3,plurality,27,True,0.00010879989713430405
4,3,plurality,28,True,0.00010580010712146759
4,3,plurality,29,False,7.730000652372837e-05
4,3,plurality,30,False,8.159992285072803e-05
4,3,plurality,31,False,0.0001376001164317131
4,3,plurality,32,False,0.0001251001376658678
4,3,plurality,33,False,0.0001229001209139824
4,3,plurality,34,False,0.0001314000692218542
4,3,plurality,35,False,6.260001100599766e-05
4,3,plurality,36,False,6.310013122856617e-05
4,3,plurality,37,False,0.00012360000982880592
4,3,plurality,38,False,6.350013427436352e-05
4,3,plurality,39,False,0.0001439000479876995
4,3,plurality,40,True,0.00010389997623860836
4,3,plurality,41,False,6.389990448951721e-05
4,3,plurality,42,False,6.230012513697147e-05
4,3,plurality,43,True,0.00016300007700920105
4,3,plurality,44,False,8.739996701478958e-05
4,3,plurality,45,False,0.0001417000312358141
4,3,plurality,46,True,0.00011859997175633907
4,3,plurality,47,False,0.00010870001278817654
4,3,plurality,48,False,0.00012360000982880592
4,3,plurality,49,False,0.00011370005086064339
4,3,2-approval,0,False,0.0001531001180410385
4,3,2-approval,1,False,6.520003080368042e-05
4,3,2-approval,2,False,7.100007496774197e-05
4,3,2-approval,3,True,0.00010720011778175831
4,3,2-approval,4,False,0.00016950001008808613
4,3,2-approval,5,True,0.00014059990644454956
4,3,2-approval,6,True,0.00014690007083117962
4,3,2-approval,7,False,0.0001235001254826784
4,3,2-approval,8,False,6.13001175224781e-05
4,3,2-approval,9,False,6.189988926053047e-05
4,3,2-approval,10,False,6.280001252889633e-05
4,3,2-approval,11,False,6.409990601241589e-05
4,3,2-approval,12,False,6.240000948309898e-05
4,3,2-approval,13,False,6.260001100599766e-05
4,3,2-approval,14,False,6.269989535212517e-05
4,3,2-approval,15,False,6.500002928078175e-05
4,3,2-approval,16,False,9.010010398924351e-05
4,3,2-approval,17,True,0.00010950001887977123
4,3,2-approval,18,False,6.24998938292265e-05
4,3,2-approval,19,False,6.800005212426186e-05
4,3,2-approval,20,False,0.00016709999181330204
4,3,2-approval,21,True,0.00010300008580088615
4,3,2-approval,22,False,0.00017110002227127552
4,3,2-approval,23,True,0.00015139998868107796
4,3,2-approval,24,True,0.00010689999908208847
4,3,2-approval,25,False,0.00015089986845850945
4,3,2-approval,26,True,0.00010429997928440571
4,3,2-approval,27,True,9.200000204145908e-05
4,3,2-approval,28,False,0.00014480017125606537
4,3,2-approval,29,False,8.739996701478958e-05
4,3,2-approval,30,False,8.110003545880318e-05
4,3,2-approval,31,True,0.00010790000669658184
4,3,2-approval,32,True,9.8800053820014e-05
4,3,2-approval,33,True,0.0001042000949382782
4,3,2-approval,34,True,9.680003859102726e-05
4,3,2-approval,35,False,6.939982995390892e-05
4,3,2-approval,36,False,8.929986506700516e-05
4,3,2-approval,37,True,0.00011039990931749344
4,3,2-approval,38,False,6.270012818276882e-05
4,3,2-approval,39,True,9.8800053820014e-05
4,3,2-approval,40,True,0.00010609999299049377
4,3,2-approval,41,False,6.310013122856617e-05
4,3,2-approval,42,False,6.319978274405003e-05
4,3,2-approval,43,True,0.00011599995195865631
4,3,2-approval,44,False,6.46000262349844e-05
4,3,2-approval,45,False,0.00013640010729432106
4,3,2-approval,46,True,0.00010240008123219013
4,3,2-approval,47,False,9.890017099678516e-05
4,3,2-approval,48,False,0.0001183999702334404
4,3,2-approval,49,False,6.229989230632782e-05
4,3,veto,0,True,0.00010569998994469643
4,3,veto,1,False,6.480002775788307e-05
4,3,veto,2,False,6.570015102624893e-05
4,3,veto,3,True,0.0001362999901175499
4,3,veto,4,True,0.00012640003114938736
4,3,veto,5,False,0.00013830000534653664
4,3,veto,6,False,0.00011849985457956791
4,3,veto,7,False,0.0001672001089900732
4,3,veto,8,False,6.46000262349844e-05
4,3,veto,9,False,0.00010180007666349411
4,3,veto,10,False,7.559987716376781e-05
4,3,veto,11,False,8.719996549189091e-05
4,3,veto,12,False,6.160000339150429e-05
4,3,veto,13,False,6.400002166628838e-05
4,3,veto,14,False,9.269989095628262e-05
4,3,veto,15,False,6.280001252889633e-05
4,3,veto,16,False,7.399986498057842e-05
4,3,veto,17,True,0.0001300000585615635
4,3,veto,18,False,6.700004450976849e-05
4,3,veto,19,False,6.809993647038937e-05
4,3,veto,20,False,0.0001270999200642109
4,3,veto,21,True,0.00012660003267228603
4,3,veto,22,False,0.00013699987903237343
4,3,veto,23,True,0.00010770000517368317
4,3,veto,24,True,0.00013100006617605686
4,3,veto,25,False,0.0001610000617802143
4,3,veto,26,True,0.00013020006008446217
4,3,veto,27,True,0.00011939997784793377
4,3,veto,28,False,0.00013349996879696846
4,3,veto,29,False,6.84000551700592e-05
4,3,veto,30,False,6.389990448951721e-05
4,3,veto,31,True,0.00016280007548630238
4,3,veto,32,False,0.00015219999477267265
4,3,veto,33,True,0.00011060014367103577
4,3,veto,34,True,0.00012980005703866482
4,3,veto,35,False,9.850016795098782e-05
4,3,veto,36,False,6.409990601241589e-05
4,3,veto,37,False,0.00014999997802078724
4,3,veto,38,False,8.619995787739754e-05
4,3,veto,39,False,0.00011870008893311024
4,3,veto,40,False,0.00014479993842542171
4,3,veto,41,False,6.400002166628838e-05
4,3,veto,42,False,6.490014493465424e-05
4,3,veto,43,True,0.0001829001121222973
4,3,veto,44,False,5.9399986639618874e-05
4,3,veto,45,True,0.00011689984239637852
4,3,veto,46,True,0.00011539994738996029
4,3,veto,47,False,6.440002471208572e-05
4,3,veto,48,False,0.00014979997649788857
4,3,veto,49,False,7.100007496774197e-05
4,3,borda,0,True,0.0001403999049216509
4,3,borda,1,False,6.560003384947777e-05
4,3,borda,2,False,6.480002775788307e-05
4,3,borda,3,True,0.000125400023534894
4,3,borda,4,False,0.00018159998580813408
4,3,borda,5,True,0.00014459993690252304
4,3,borda,6,True,0.00023470004089176655
4,3,borda,7,False,0.00018079997971653938
4,3,borda,8,False,5.910010077059269e-05
4,3,borda,9,False,6.369990296661854e-05
4,3,borda,10,False,8.79999715834856e-05
4,3,borda,11,False,8.470006287097931e-05
4,3,borda,12,False,6.149988621473312e-05
4,3,borda,13,False,6.180000491440296e-05
4,3,borda,14,False,6.13001175224781e-05
4,3,borda,15,False,7.760012522339821e-05
4,3,borda,16,False,6.38000201433897e-05
4,3,borda,17,True,0.0001276000402867794
4,3,borda,18,False,0.00011719996109604836
4,3,borda,19,False,7.019983604550362e-05
4,3,borda,20,False,0.0001620999537408352
4,3,borda,21,True,0.00011070002801716328
4,3,borda,22,False,0.0001591998152434826
4,3,borda,23,True,0.00010830000974237919
4,3,borda,24,True,0.00011170003563165665
4,3,borda,25,True,0.00013979990035295486
4,3,borda,26,True,0.00011190003715455532
4,3,borda,27,True,9.890017099678516e-05
4,3,borda,28,True,0.00010000006295740604
4,3,borda,29,False,5.7499855756759644e-05
4,3,borda,30,False,5.959998816251755e-05
4,3,borda,31,True,0.00010580010712146759
4,3,borda,32,True,0.00010529998689889908
4,3,borda,33,True,0.0001096001360565424
4,3,borda,34,True,0.00011530006304383278
4,3,borda,35,False,0.00011809985153377056
4,3,borda,36,False,6.240000948309898e-05
4,3,borda,37,False,0.00013669999316334724
4,3,borda,38,False,5.989987403154373e-05
4,3,borda,39,False,0.00015159999020397663
4,3,borda,40,False,0.00015169987455010414
4,3,borda,41,False,6.21001236140728e-05
4,3,borda,42,False,8.809985592961311e-05
4,3,borda,43,True,0.00012980005703866482
4,3,borda,44,False,6.160000339150429e-05
4,3,borda,45,True,0.00013079983182251453
4,3,borda,46,True,0.0001409000251442194
4,3,borda,47,False,6.190012209117413e-05
4,3,borda,48,False,0.00013500009663403034
4,3,borda,49,False,6.769993342459202e-05
4,4,plurality,0,False,7.200008258223534e-05
4,4,plurality,1,False,6.330013275146484e-05
4,4,plurality,2,True,0.00018349988386034966
4,4,plurality,3,True,0.00010349997319281101
4,4,plurality,4,True,9.640003554522991e-05
4,4,plurality,5,False,5.989987403154373e-05
4,4,plurality,6,False,6.900005973875523e-05
4,4,plurality,7,False,0.00011870008893311024
4,4,plurality,8,False,0.00023290002718567848
4,4,plurality,9,False,0.00045710010454058647
4,4,plurality,10,False,8.459994569420815e-05
4,4,plurality,11,True,0.00010990002192556858
4,4,plurality,12,True,0.00017140014097094536
4,4,plurality,13,False,6.570015102624893e-05
4,4,plurality,14,False,0.00012000021524727345
4,4,plurality,15,True,0.00010309997014701366
4,4,plurality,16,True,0.00010820012539625168
4,4,plurality,17,True,0.000147499842569232
4,4,plurality,18,False,0.000157100148499012
4,4,plurality,19,False,0.00026769982650876045
4,4,plurality,20,False,7.54999928176403e-05
4,4,plurality,21,False,7.00999516993761e-05
4,4,plurality,22,False,7.609999738633633e-05
4,4,plurality,23,True,0.00017829984426498413
4,4,plurality,24,False,0.00013700011186301708
4,4,plurality,25,False,0.0001360001042485237
4,4,plurality,26,False,6.889994256198406e-05
4,4,plurality,27,False,6.449990905821323e-05
4,4,plurality,28,False,0.00023819995112717152
4,4,plurality,29,True,0.00010489998385310173
4,4,plurality,30,False,7.589999586343765e-05
4,4,plurality,31,False,0.00014829984866082668
4,4,plurality,32,False,0.00014970009215176105
4,4,plurality,33,False,7.220008410513401e-05
4,4,plurality,34,False,0.00011459994129836559
4,4,plurality,35,False,6.839982233941555e-05
4,4,plurality,36,False,0.00014830008149147034
4,4,plurality,37,False,7.060007192194462e-05
4,4,plurality,38,False,0.00013030017726123333
4,4,plurality,39,False,7.33998604118824e-05
4,4,plurality,40,False,0.0001129999291151762
4,4,plurality,41,False,0.0001289001666009426
4,4,plurality,42,True,0.00011039990931749344
4,4,plurality,43,False,6.240000948309898e-05
4,4,plurality,44,True,0.00010300008580088615
4,4,plurality,45,False,0.00012099999003112316
4,4,plurality,46,False,0.00018259999342262745
4,4,plurality,47,False,0.0001279998105019331
4,4,plurality,48,False,8.9599983766675e-05
4,4,plurality,49,False,0.00013409997336566448
4,4,2-approval,0,False,6.92000612616539e-05
4,4,2-approval,1,False,0.0001150001771748066
4,4,2-approval,2,False,0.00014379993081092834
4,4,2-approval,3,True,0.00010930001735687256
4,4,2-approval,4,True,0.00011220015585422516
4,4,2-approval,5,False,6.320001557469368e-05
4,4,2-approval,6,False,6.780005060136318e-05
4,4,2-approval,7,False,0.00012780004180967808
4,4,2-approval,8,False,0.000201700022444129
4,4,2-approval,9,True,0.0001083998940885067
4,4,2-approval,10,False,6.760004907846451e-05
4,4,2-approval,11,False,0.00014190003275871277
4,4,2-approval,12,True,0.0001379998866468668
4,4,2-approval,13,False,0.000134600093588233
4,4,2-approval,14,True,0.0002669000532478094
4,4,2-approval,15,True,0.00010710000060498714
4,4,2-approval,16,True,0.00010700011625885963
4,4,2-approval,17,True,0.00011250004172325134
4,4,2-approval,18,False,0.00018900004215538502
4,4,2-approval,19,True,0.0001495999749749899
4,4,2-approval,20,False,9.909993968904018e-05
4,4,2-approval,21,False,0.00010010018013417721
4,4,2-approval,22,False,7.990002632141113e-05
4,4,2-approval,23,True,0.0002142998855561018
4,4,2-approval,24,False,6.480002775788307e-05
4,4,2-approval,25,False,0.00015810015611350536
4,4,2-approval,26,False,6.789993494749069e-05
4,4,2-approval,27,False,6.390013732016087e-05
4,4,2-approval,28,True,0.00021660001948475838
4,4,2-approval,29,True,0.00014659995213150978
4,4,2-approval,30,False,6.54000323265791e-05
4,4,2-approval,31,True,0.00013129995204508305
4,4,2-approval,32,True,0.00011479994282126427
4,4,2-approval,33,False,0.00010140007361769676
4,4,2-approval,34,False,7.850001566112041e-05
4,4,2-approval,35,False,8.559995330870152e-05
4,4,2-approval,36,False,0.00014120014384388924
4,4,2-approval,37,False,7.309997454285622e-05
4,4,2-approval,38,False,0.00014709983952343464
4,4,2-approval,39,False,7.690000347793102e-05
4,4,2-approval,40,False,6.280001252889633e-05
4,4,2-approval,41,True,0.0001447000540792942
4,4,2-approval,42,False,0.00012409989722073078
4,4,2-approval,43,False,9.820004925131798e-05
4,4,2-approval,44,True,0.0001270999200642109
4,4,2-approval,45,False,0.00019260006956756115
4,4,2-approval,46,True,0.00013060006313025951
4,4,2-approval,47,False,0.00014030002057552338
4,4,2-approval,48,False,0.00011099991388618946
4,4,2-approval,49,False,0.0001417000312358141
4,4,veto,0,False,7.289997301995754e-05
4,4,veto,1,False,6.369990296661854e-05
4,4,veto,2,False,0.0001558999065309763
4,4,veto,3,True,0.00019189994782209396
4,4,veto,4,True,0.00011120014823973179
4,4,veto,5,False,0.00012700003571808338
4,4,veto,6,False,9.749992750585079e-05
4,4,veto,7,False,0.00015699979849159718
4,4,veto,8,False,0.00016020005568861961
4,4,veto,9,True,0.00011010002344846725
4,4,veto,10,False,0.00010730000212788582
4,4,veto,11,False,0.00015909993089735508
4,4,veto,12,True,0.00013949978165328503
4,4,veto,13,False,9.55001451075077e-05
4,4,veto,14,True,0.00014579994603991508
4,4,veto,15,True,0.00011599995195865631
4,4,veto,16,False,0.00012940005399286747
4,4,veto,17,False,0.0001324999611824751
4,4,veto,18,True,0.00013569998554885387
4,4,veto,19,True,0.00010899989865720272
4,4,veto,20,False,6.620003841817379e-05
4,4,veto,21,False,6.779981777071953e-05
4,4,veto,22,False,7.08999577909708e-05
4,4,veto,23,False,0.00018650013953447342
4,4,veto,24,False,6.689992733299732e-05
4,4,veto,25,False,0.00024640001356601715
4,4,veto,26,False,6.890017539262772e-05
4,4,veto,27,False,8.279993198812008e-05
4,4,veto,28,True,0.0001037998590618372
4,4,veto,29,True,0.0001338000874966383
4,4,veto,30,False,0.00010180007666349411
4,4,veto,31,True,0.00013180007226765156
4,4,veto,32,False,0.00013860012404620647
4,4,veto,33,False,6.839982233941555e-05
4,4,veto,34,False,9.620003402233124e-05
4,4,veto,35,False,8.9599983766675e-05
4,4,veto,36,False,0.0001984001137316227
4,4,veto,37,False,8.859997615218163e-05
4,4,veto,38,True,0.00018440000712871552
4,4,veto,39,False,6.729993037879467e-05
4,4,veto,40,False,8.71000811457634e-05
4,4,veto,41,False,0.00012980005703866482
4,4,veto,42,False,0.00014160014688968658
4,4,veto,43,False,6.880005821585655e-05
4,4,veto,44,False,0.00015869992785155773
4,4,veto,45,False,0.0001376001164317131
4,4,veto,46,True,0.0001235001254826784
4,4,veto,47,False,0.0001409000251442194
4,4,veto,48,False,0.00010060006752610207
4,4,veto,49,False,0.00016289995983242989
4,4,borda,0,False,6.809993647038937e-05
4,4,borda,1,False,0.00012250011786818504
4,4,borda,2,True,0.00016189995221793652
4,4,borda,3,True,0.00012689991854131222
4,4,borda,4,True,0.00030419998802244663
4,4,borda,5,False,9.050010703504086e-05
4,4,borda,6,False,9.689992293715477e-05
4,4,borda,7,False,0.00013289996422827244
4,4,borda,8,False,0.00016769999638199806
4,4,borda,9,True,0.00011230004020035267
4,4,borda,10,False,6.910017691552639e-05
4,4,borda,11,True,0.00012740003876388073
4,4,borda,12,True,0.00011479994282126427
4,4,borda,13,False,6.969994865357876e-05
4,4,borda,14,True,0.00023210002109408379
4,4,borda,15,True,0.00011690007522702217
4,4,borda,16,True,0.00019880011677742004
4,4,borda,17,True,0.00014020013622939587
4,4,borda,18,True,0.00016479985788464546
4,4,borda,19,False,0.00013820012100040913
4,4,borda,20,False,7.00999516993761e-05
4,4,borda,21,False,6.589991971850395e-05
4,4,borda,22,False,8.270004764199257e-05
4,4,borda,23,False,0.0001479999627918005
4,4,borda,24,False,0.000112100038677454
4,4,borda,25,False,0.00014650006778538227
4,4,borda,26,False,8.070003241300583e-05
4,4,borda,27,False,9.369989857077599e-05
4,4,borda,28,True,0.00012729992158710957
4,4,borda,29,True,0.00013149995356798172
4,4,borda,30,False,7.00999516993761e-05
4,4,borda,31,True,0.0001495999749749899
4,4,borda,32,True,0.00026030000299215317
4,4,borda,33,False,9.249988943338394e-05
4,4,borda,34,False,6.609992124140263e-05
4,4,borda,35,False,8.999998681247234e-05
4,4,borda,36,False,0.00014159991405904293
4,4,borda,37,False,7.00000673532486e-05
4,4,borda,38,True,0.00011339993216097355
4,4,borda,39,False,6.849993951618671e-05
4,4,borda,40,False,6.559980101883411e-05
4,4,borda,41,True,0.00016539986245334148
4,4,borda,42,False,0.00016939989291131496
4,4,borda,43,False,6.580003537237644e-05
4,4,borda,44,True,0.00011110003106296062
4,4,borda,45,False,0.00015660002827644348
4,4,borda,46,False,0.00014869985170662403
4,4,borda,47,False,0.0001355998683720827
4,4,borda,48,False,0.000125400023534894
4,4,borda,49,False,0.00017170002683997154
4,5,plurality,0,False,0.00015360000543296337
4,5,plurality,1,False,0.00016019982285797596
4,5,plurality,2,False,9.489990770816803e-05
4,5,plurality,3,False,0.00015750015154480934
4,5,plurality,4,False,0.00016549997963011265
4,5,plurality,5,False,0.0001387998927384615
4,5,plurality,6,False,7.409998215734959e-05
4,5,plurality,7,True,0.00011320016346871853
4,5,plurality,8,False,8.96998681128025e-05
4,5,plurality,9,True,0.00011489982716739178
4,5,plurality,10,True,0.00010619987733662128
4,5,plurality,11,False,0.00017230003140866756
4,5,plurality,12,False,7.019983604550362e-05
4,5,plurality,13,False,6.849993951618671e-05
4,5,plurality,14,False,0.00020030001178383827
4,5,plurality,15,False,7.360009476542473e-05
4,5,plurality,16,True,0.00013880012556910515
4,5,plurality,17,True,0.00012969993986189365
4,5,plurality,18,False,0.00013010017573833466
4,5,plurality,19,False,0.00012700003571808338
4,5,plurality,20,False,7.120007649064064e-05
4,5,plurality,21,False,7.529999129474163e-05
4,5,plurality,22,False,0.00014699995517730713
4,5,plurality,23,True,0.0001097000204026699
4,5,plurality,24,False,8.849985897541046e-05
4,5,plurality,25,False,7.329997606575489e-05
4,5,plurality,26,False,0.00014810007996857166
4,5,plurality,27,False,6.869994103908539e-05
4,5,plurality,28,False,0.0001309998333454132
4,5,plurality,29,True,0.00011499994434416294
4,5,plurality,30,False,7.100007496774197e-05
4,5,plurality,31,True,0.00010529998689889908
4,5,plurality,32,True,0.00011989986523985863
4,5,plurality,33,True,0.0001324999611824751
4,5,plurality,34,True,0.00012329989112913609
4,5,plurality,35,False,6.860005669295788e-05
4,5,plurality,36,False,0.0001799999736249447
4,5,plurality,37,True,0.0002617000136524439
4,5,plurality,38,False,7.479987107217312e-05
4,5,plurality,39,False,7.619988173246384e-05
4,5,plurality,40,False,0.00012909993529319763
4,5,plurality,41,False,8.779997006058693e-05
4,5,plurality,42,False,8.659996092319489e-05
4,5,plurality,43,False,8.530006743967533e-05
4,5,plurality,44,False,0.00014280015602707863
4,5,plurality,45,False,9.17001161724329e-05
4,5,plurality,46,False,7.690000347793102e-05
4,5,plurality,47,True,0.00011240015737712383
4,5,plurality,48,True,0.00013159983791410923
4,5,plurality,49,False,0.00022240006364881992
4,5,2-approval,0,False,8.219992741942406e-05
4,5,2-approval,1,False,0.00019180006347596645
4,5,2-approval,2,False,0.00010600010864436626
4,5,2-approval,3,False,0.00018500001169741154
4,5,2-approval,4,False,0.00015079998411238194
4,5,2-approval,5,True,0.00013320008292794228
4,5,2-approval,6,False,8.119991980493069e-05
4,5,2-approval,7,True,0.00022620009258389473
4,5,2-approval,8,False,7.319985888898373e-05
4,5,2-approval,9,True,0.00014379993081092834
4,5,2-approval,10,True,0.00012119999155402184
4,5,2-approval,11,False,0.00014279992319643497
4,5,2-approval,12,False,0.00010349997319281101
4,5,2-approval,13,False,9.8800053820014e-05
4,5,2-approval,14,True,0.00011390005238354206
4,5,2-approval,15,False,0.00010579987429082394
4,5,2-approval,16,True,0.00012369989417493343
4,5,2-approval,17,True,0.00013120006769895554
4,5,2-approval,18,False,0.00017830007709562778
4,5,2-approval,19,False,0.00015609990805387497
4,5,2-approval,20,False,0.00010469998233020306
4,5,2-approval,21,False,8.899997919797897e-05
4,5,2-approval,22,True,0.0001235001254826784
4,5,2-approval,23,True,0.00016520009376108646
4,5,2-approval,24,False,7.469998672604561e-05
4,5,2-approval,25,False,7.340009324252605e-05
4,5,2-approval,26,False,0.0001431000418961048
4,5,2-approval,27,False,7.650000043213367e-05
4,5,2-approval,28,False,0.00014059990644454956
4,5,2-approval,29,True,0.00011039990931749344
4,5,2-approval,30,False,7.950002327561378e-05
4,5,2-approval,31,True,0.00012649991549551487
4,5,2-approval,32,True,0.000184300122782588
4,5,2-approval,33,True,0.00013299984857439995
4,5,2-approval,34,True,0.0001550000160932541
4,5,2-approval,35,False,7.24999699741602e-05
4,5,2-approval,36,False,0.0001029998529702425
4,5,2-approval,37,True,0.0001564000267535448
4,5,2-approval,38,False,9.889993816614151e-05
4,5,2-approval,39,False,7.299985736608505e-05
4,5,2-approval,40,False,7.930002175271511e-05
4,5,2-approval,41,False,8.819997310638428e-05
4,5,2-approval,42,False,7.219985127449036e-05
4,5,2-approval,43,False,7.16999638825655e-05
4,5,2-approval,44,True,0.0001680001150816679
4,5,2-approval,45,False,7.620011456310749e-05
4,5,2-approval,46,False,7.519987411797047e-05
4,5,2-approval,47,True,0.00013509998098015785
4,5,2-approval,48,True,0.0001137999352067709
4,5,2-approval,49,False,7.33998604118824e-05
4,5,veto,0,False,0.00015130010433495045
4,5,veto,1,False,0.0001501999795436859
4,5,veto,2,False,7.08999577909708e-05
4,5,veto,3,True,0.00012529990635812283
4,5,veto,4,False,0.00014489982277154922
4,5,veto,5,True,0.00010959990322589874
4,5,veto,6,False,9.660003706812859e-05
4,5,veto,7,True,0.00012090010568499565
4,5,veto,8,False,7.010018453001976e-05
4,5,veto,9,True,0.00015400000847876072
4,5,veto,10,True,0.00014350004494190216
4,5,veto,11,True,0.00012589991092681885
4,5,veto,12,False,7.910002022981644e-05
4,5,veto,13,False,0.00011100014671683311
4,5,veto,14,True,0.00010779988951981068
4,5,veto,15,False,7.670000195503235e-05
4,5,veto,16,True,0.00022369995713233948
4,5,veto,17,True,0.00021190010011196136
4,5,veto,18,True,0.00018999981693923473
4,5,veto,19,False,0.00016069994308054447
4,5,veto,20,False,7.409998215734959e-05
4,5,veto,21,False,8.010002784430981e-05
4,5,veto,22,True,0.0001813000999391079
4,5,veto,23,False,0.00027210009284317493
4,5,veto,24,False,7.589999586343765e-05
4,5,veto,25,False,0.00012019998393952847
4,5,veto,26,False,0.00014169979840517044
4,5,veto,27,False,7.140007801353931e-05
4,5,veto,28,False,0.0001238000113517046
4,5,veto,29,True,0.0001088001299649477
4,5,veto,30,False,8.739996701478958e-05
4,5,veto,31,True,0.00010540010407567024
4,5,veto,32,True,0.00011140014976263046
4,5,veto,33,True,0.00018540001474320889
4,5,veto,34,False,0.00016019982285797596
4,5,veto,35,False,0.00011319993063807487
4,5,veto,36,False,7.180008105933666e-05
4,5,veto,37,True,0.00011939997784793377
4,5,veto,38,False,7.609999738633633e-05
4,5,veto,39,False,7.880013436079025e-05
4,5,veto,40,False,7.890001870691776e-05
4,5,veto,41,False,0.00011039990931749344
4,5,veto,42,False,9.460002183914185e-05
4,5,veto,43,False,7.420009933412075e-05
4,5,veto,44,False,0.00018360000103712082
4,5,veto,45,False,9.50000248849392e-05
4,5,veto,46,False,9.149988181889057e-05
4,5,veto,47,False,0.00013129995204508305
4,5,veto,48,True,0.00011330004781484604
4,5,veto,49,False,9.25001222640276e-05
4,5,borda,0,False,8.25000461190939e-05
4,5,borda,1,False,0.00015030009672045708
4,5,borda,2,False,0.00012729992158710957
4,5,borda,3,False,0.000171000137925148
4,5,borda,4,False,0.0001531001180410385
4,5,borda,5,True,0.00011490005999803543
4,5,borda,6,False,0.00012580002658069134
4,5,borda,7,True,0.00011099991388618946
4,5,borda,8,False,7.060007192194462e-05
4,5,borda,9,True,0.0001221999991685152
4,5,borda,10,True,0.0001191999763250351
4,5,borda,11,True,0.00017369980923831463
4,5,borda,12,False,7.149996235966682e-05
4,5,borda,13,False,9.829993359744549e-05
4,5,borda,14,True,0.00014590006321668625
4,5,borda,15,False,6.679981015622616e-05
4,5,borda,16,True,0.0002077000681310892
4,5,borda,17,True,0.00011530006304383278
4,5,borda,18,False,0.00030850013718008995
4,5,borda,19,False,0.0003863000310957432
4,5,borda,20,False,9.529991075396538e-05
4,5,borda,21,False,9.369989857077599e-05
4,5,borda,22,True,0.0001767000649124384
4,5,borda,23,False,0.0002557998523116112
4,5,borda,24,False,0.00011770008131861687
4,5,borda,25,False,9.150011464953423e-05
4,5,borda,26,False,0.0003030998632311821
4,5,borda,27,False,0.00011330004781484604
4,5,borda,28,False,0.00016959989443421364
4,5,borda,29,True,0.00021840003319084644
4,5,borda,30,False,8.25000461190939e-05
4,5,borda,31,True,0.00013090018182992935
4,5,borda,32,True,0.0002758000046014786
4,5,borda,33,True,0.00017939996905624866
4,5,borda,34,True,0.00022659986279904842
4,5,borda,35,False,0.00010019983164966106
4,5,borda,36,False,0.00017579994164407253
4,5,borda,37,True,0.00028309994377195835
4,5,borda,38,False,8.249981328845024e-05
4,5,borda,39,False,0.00020319991745054722
4,5,borda,40,False,8.33999365568161e-05
4,5,borda,41,False,0.00013569998554885387
4,5,borda,42,False,7.92001374065876e-05
4,5,borda,43,False,0.00010320008732378483
4,5,borda,44,True,0.0001626000739634037
4,5,borda,45,False,0.00013349996879696846
4,5,borda,46,False,7.820012979209423e-05
4,5,borda,47,True,0.00019979989156126976
4,5,borda,48,True,0.0001238998956978321
4,5,borda,49,False,7.559987716376781e-05
4,6,plurality,0,False,9.909993968904018e-05
4,6,plurality,1,True,0.0001270999200642109
4,6,plurality,2,True,0.00015059998258948326
4,6,plurality,3,False,0.00012280000373721123
4,6,plurality,4,False,0.00012919981963932514
4,6,plurality,5,False,0.00019699987024068832
4,6,plurality,6,True,0.00024509988725185394
4,6,plurality,7,False,0.0001550000160932541
4,6,plurality,8,False,0.00011819996871054173
4,6,plurality,9,True,0.00014820019714534283
4,6,plurality,10,False,0.00019749999046325684
4,6,plurality,11,False,8.479994721710682e-05
4,6,plurality,12,True,0.00014210003428161144
4,6,plurality,13,False,8.41999426484108e-05
4,6,plurality,14,False,0.00014530005864799023
4,6,plurality,15,False,0.0001091999001801014
4,6,plurality,16,False,0.00017659994773566723
4,6,plurality,17,False,8.770008571445942e-05
4,6,plurality,18,False,0.00014160014688968658
4,6,plurality,19,True,0.0002902999985963106
4,6,plurality,20,True,0.00018820003606379032
4,6,plurality,21,False,0.00012740003876388073
4,6,plurality,22,False,9.440002031624317e-05
4,6,plurality,23,False,0.00017170002683997154
4,6,plurality,24,False,0.0001909998245537281
4,6,plurality,25,False,0.00010449998080730438
4,6,plurality,26,True,0.0002055999357253313
4,6,plurality,27,True,0.000148099847137928
4,6,plurality,28,False,8.599995635449886e-05
4,6,plurality,29,False,7.940013892948627e-05
4,6,plurality,30,True,0.00011990009807050228
4,6,plurality,31,False,0.0003136000595986843
4,6,plurality,32,False,0.0001509001012891531
4,6,plurality,33,True,0.00024159997701644897
4,6,plurality,34,False,0.00016309996135532856
4,6,plurality,35,False,0.00020030001178383827
4,6,plurality,36,True,0.00016879988834261894
4,6,plurality,37,True,0.00016009993851184845
4,6,plurality,38,False,0.00013109995052218437
4,6,plurality,39,False,0.00014430005103349686
4,6,plurality,40,True,0.00024949992075562477
4,6,plurality,41,False,0.00012480001896619797
4,6,plurality,42,False,0.00023850006982684135
4,6,plurality,43,True,0.00020290003158152103
4,6,plurality,44,False,0.00014779996126890182
4,6,plurality,45,True,0.0001574999187141657
4,6,plurality,46,False,0.00021059997379779816
4,6,plurality,47,False,0.0001626999583095312
4,6,plurality,48,False,0.00015580002218484879
4,6,plurality,49,False,0.0002139001153409481
4,6,2-approval,0,False,9.609991684556007e-05
4,6,2-approval,1,True,0.0002171001397073269
4,6,2-approval,2,True,0.000224200077354908
4,6,2-approval,3,False,9.96999442577362e-05
4,6,2-approval,4,False,0.00017149979248642921
4,6,2-approval,5,False,0.0002063000574707985
4,6,2-approval,6,True,0.00022540008649230003
4,6,2-approval,7,False,8.539995178580284e-05
4,6,2-approval,8,False,0.0001466998364776373
4,6,2-approval,9,False,0.00025739986449480057
4,6,2-approval,10,False,0.00019080005586147308
4,6,2-approval,11,False,8.9599983766675e-05
4,6,2-approval,12,True,0.00013109995052218437
4,6,2-approval,13,False,8.340016938745975e-05
4,6,2-approval,14,False,0.00011499994434416294
4,6,2-approval,15,False,0.00011689984239637852
4,6,2-approval,16,False,8.440017700195312e-05
4,6,2-approval,17,False,9.150011464953423e-05
4,6,2-approval,18,False,0.00012229988351464272
4,6,2-approval,19,True,0.00012969993986189365
4,6,2-approval,20,True,0.00013109995052218437
4,6,2-approval,21,False,0.00011190003715455532
4,6,2-approval,22,False,8.819997310638428e-05
4,6,2-approval,23,True,0.0002454000059515238
4,6,2-approval,24,False,0.0001593001652508974
4,6,2-approval,25,False,0.00010060006752610207
4,6,2-approval,26,True,0.0001808998640626669
4,6,2-approval,27,True,0.00025839987210929394
4,6,2-approval,28,False,7.880013436079025e-05
4,6,2-approval,29,False,8.300016634166241e-05
4,6,2-approval,30,True,0.00026570004411041737
4,6,2-approval,31,True,0.00016709999181330204
4,6,2-approval,32,False,0.00011630007065832615
4,6,2-approval,33,False,0.000219699926674366
4,6,2-approval,34,False,0.00011029979214072227
4,6,2-approval,35,False,0.0001984999980777502
4,6,2-approval,36,False,0.00029520015232264996
4,6,2-approval,37,False,0.0001580999232828617
4,6,2-approval,38,False,0.00017250003293156624
4,6,2-approval,39,False,8.499994874000549e-05
4,6,2-approval,40,True,0.00017319992184638977
4,6,2-approval,41,False,0.00010489998385310173
4,6,2-approval,42,False,0.00018079997971653938
4,6,2-approval,43,True,0.00015909993089735508
4,6,2-approval,44,False,0.00018770014867186546
4,6,2-approval,45,True,0.000175100052729249
4,6,2-approval,46,False,0.0003214001189917326
4,6,2-approval,47,False,0.00018959981389343739
4,6,2-approval,48,False,0.00012480001896619797
4,6,2-approval,49,False,9.96000599116087e-05
4,6,veto,0,False,8.999998681247234e-05
4,6,veto,1,True,0.00016199983656406403
4,6,veto,2,True,0.00012940005399286747
4,6,veto,3,False,7.369997911155224e-05
4,6,veto,4,False,7.389998063445091e-05
4,6,veto,5,False,0.00016280007548630238
4,6,veto,6,True,0.00023610005155205727
4,6,veto,7,False,0.0001037998590618372
4,6,veto,8,False,0.00010020006448030472
4,6,veto,9,True,0.00018800003454089165
4,6,veto,10,False,0.00017760018818080425
4,6,veto,11,False,8.409982547163963e-05
4,6,veto,12,True,0.0001205001026391983
4,6,veto,13,False,0.000143399927765131
4,6,veto,14,False,7.209996692836285e-05
4,6,veto,15,False,7.759989239275455e-05
4,6,veto,16,False,7.979990914463997e-05
4,6,veto,17,False,8.09000339359045e-05
4,6,veto,18,False,9.089987725019455e-05
4,6,veto,19,True,0.0001091999001801014
4,6,veto,20,True,0.00014130002819001675
4,6,veto,21,False,7.559987716376781e-05
4,6,veto,22,False,7.54999928176403e-05
4,6,veto,23,True,0.00014899997040629387
4,6,veto,24,False,0.00016239983960986137
4,6,veto,25,False,8.17000400274992e-05
4,6,veto,26,True,0.0001183999702334404
4,6,veto,27,False,0.0001254999078810215
4,6,veto,28,False,6.960006430745125e-05
4,6,veto,29,False,0.0001105000264942646
4,6,veto,30,False,0.00015119998715817928
4,6,veto,31,False,0.00024239998310804367
4,6,veto,32,False,0.00016439985483884811
4,6,veto,33,True,0.0001503999810665846
4,6,veto,34,False,6.960006430745125e-05
4,6,veto,35,True,0.00011470005847513676
4,6,veto,36,False,0.0002919000107795
4,6,veto,37,False,0.0004732001107186079
4,6,veto,38,False,0.00013689999468624592
4,6,veto,39,False,7.30000901967287e-05
4,6,veto,40,True,0.00011730007827281952
4,6,veto,41,False,9.820004925131798e-05
4,6,veto,42,False,0.00019890000112354755
4,6,veto,43,True,0.0002671000547707081
4,6,veto,44,False,0.00010349997319281101
4,6,veto,45,True,0.00011879997327923775
4,6,veto,46,True,0.00024640001356601715
4,6,veto,47,False,7.269997149705887e-05
4,6,veto,48,False,7.770000956952572e-05
4,6,veto,49,False,7.970002479851246e-05
4,6,borda,0,False,7.320009171962738e-05
4,6,borda,1,True,0.0001278999261558056
4,6,borda,2,True,0.00013970001600682735
4,6,borda,3,False,8.010002784430981e-05
4,6,borda,4,False,9.610014967620373e-05
4,6,borda,5,True,0.00017150002531707287
4,6,borda,6,True,0.00012139999307692051
4,6,borda,7,False,7.16999638825655e-05
4,6,borda,8,False,7.409998215734959e-05
4,6,borda,9,True,0.00013729999773204327
4,6,borda,10,False,0.00016400008462369442
4,6,borda,11,False,8.139992132782936e-05
4,6,borda,12,True,0.00017119990661740303
4,6,borda,13,False,0.00013759988360106945
4,6,borda,14,False,0.0001066999975591898
4,6,borda,15,False,7.149996235966682e-05
4,6,borda,16,False,7.149996235966682e-05
4,6,borda,17,False,7.350021041929722e-05
4,6,borda,18,False,6.969994865357876e-05
4,6,borda,19,True,0.00011390005238354206
4,6,borda,20,True,0.00011669984087347984
4,6,borda,21,False,8.430005982518196e-05
4,6,borda,22,False,7.620011456310749e-05
4,6,borda,23,True,0.00015400000847876072
4,6,borda,24,False,0.00015290011651813984
4,6,borda,25,False,8.649984374642372e-05
4,6,borda,26,True,0.00015920004807412624
4,6,borda,27,True,0.0001501000951975584
4,6,borda,28,False,7.33998604118824e-05
4,6,borda,29,False,8.030002936720848e-05
4,6,borda,30,True,0.00012440001592040062
4,6,borda,31,False,0.0001439000479876995
4,6,borda,32,False,0.00012600002810359
4,6,borda,33,True,0.00019800011068582535
4,6,borda,34,False,9.360001422464848e-05
4,6,borda,35,False,0.0001472998410463333
4,6,borda,36,False,0.00024410011246800423
4,6,borda,37,False,0.00015740003436803818
4,6,borda,38,False,7.239985279738903e-05
4,6,borda,39,False,6.630015559494495e-05
4,6,borda,40,True,0.00013329996727406979
4,6,borda,41,False,7.00999516993761e-05
4,6,borda,42,False,0.0001503999810665846
4,6,borda,43,True,0.00017439993098378181
4,6,borda,44,False,8.519995026290417e-05
4,6,borda,45,True,0.0001705000177025795
4,6,borda,46,False,0.00016329996287822723
4,6,borda,47,False,0.00010349997319281101
4,6,borda,48,False,0.00010520010255277157
4,6,borda,49,False,0.00010010018013417721
4,7,plurality,0,True,0.00015279999934136868
4,7,plurality,1,False,7.580011151731014e-05
4,7,plurality,2,False,7.690000347793102e-05
4,7,plurality,3,False,8.25999304652214e-05
4,7,plurality,4,True,0.00013199984095990658
4,7,plurality,5,True,0.00012280000373721123
4,7,plurality,6,True,0.00012779980897903442
4,7,plurality,7,False,0.00010169995948672295
4,7,plurality,8,False,0.00013669999316334724
4,7,plurality,9,False,9.870016947388649e-05
4,7,plurality,10,False,0.00011170003563165665
4,7,plurality,11,False,0.000125400023534894
4,7,plurality,12,False,7.830001413822174e-05
4,7,plurality,13,False,8.09000339359045e-05
4,7,plurality,14,False,0.000148099847137928
4,7,plurality,15,False,0.0001246000174432993
4,7,plurality,16,False,0.00019449996761977673
4,7,plurality,17,False,9.029987268149853e-05
4,7,plurality,18,False,8.499994874000549e-05
4,7,plurality,19,False,0.000130500178784132
4,7,plurality,20,True,0.00011790008284151554
4,7,plurality,21,False,0.00019880011677742004
4,7,plurality,22,False,7.939990609884262e-05
4,7,plurality,23,False,0.00010870001278817654
4,7,plurality,24,False,0.00014759995974600315
4,7,plurality,25,True,0.00011559994891285896
4,7,plurality,26,False,9.240000508725643e-05
4,7,plurality,27,False,0.00013810000382363796
4,7,plurality,28,False,6.940006278455257e-05
4,7,plurality,29,False,0.0001433000434190035
4,7,plurality,30,True,0.0002818000502884388
4,7,plurality,31,False,0.0001509999856352806
4,7,plurality,32,False,0.00013890000991523266
4,7,plurality,33,False,7.750000804662704e-05
4,7,plurality,34,False,7.499987259507179e-05
4,7,plurality,35,False,7.320009171962738e-05
4,7,plurality,36,True,0.0001251001376658678
4,7,plurality,37,False,0.00023360014893114567
4,7,plurality,38,False,0.0001230998896062374
4,7,plurality,39,False,0.00015709991566836834
4,7,plurality,40,True,0.00011459994129836559
4,7,plurality,41,True,0.00011479994282126427
4,7,plurality,42,False,7.400009781122208e-05
4,7,plurality,43,False,0.00015489989891648293
4,7,plurality,44,False,0.0001596999354660511
4,7,plurality,45,False,0.00010479986667633057
4,7,plurality,46,False,0.00013400008901953697
4,7,plurality,47,True,0.00010879989713430405
4,7,plurality,48,False,0.00010660011321306229
4,7,plurality,49,False,8.060014806687832e-05
4,7,2-approval,0,True,0.00012349989265203476
4,7,2-approval,1,False,7.429998368024826e-05
4,7,2-approval,2,False,0.00010659988038241863
4,7,2-approval,3,False,7.910002022981644e-05
4,7,2-approval,4,True,0.00020910007879137993
4,7,2-approval,5,True,0.00016850000247359276
4,7,2-approval,6,True,0.0001626000739634037
4,7,2-approval,7,False,0.0001433000434190035
4,7,2-approval,8,True,0.0001550000160932541
4,7,2-approval,9,False,9.670015424489975e-05
4,7,2-approval,10,False,7.930002175271511e-05
4,7,2-approval,11,False,8.79999715834856e-05
4,7,2-approval,12,False,0.00019249995239078999
4,7,2-approval,13,False,8.319993503391743e-05
4,7,2-approval,14,False,0.0001463000662624836
4,7,2-approval,15,False,8.190004155039787e-05
4,7,2-approval,16,False,0.00010440009646117687
4,7,2-approval,17,False,7.789977826178074e-05
4,7,2-approval,18,False,7.529999129474163e-05
4,7,2-approval,19,False,7.71000050008297e-05
4,7,2-approval,20,True,0.00016869977116584778
4,7,2-approval,21,True,0.0001564000267535448
4,7,2-approval,22,False,0.00014489982277154922
4,7,2-approval,23,False,7.880013436079025e-05
4,7,2-approval,24,False,0.00014739995822310448
4,7,2-approval,25,True,0.00015119998715817928
4,7,2-approval,26,False,8.020014502108097e-05
4,7,2-approval,27,True,0.00014520017430186272
4,7,2-approval,28,False,0.00011329981498420238
4,7,2-approval,29,False,0.00011520017869770527
4,7,2-approval,30,True,0.00014779996126890182
4,7,2-approval,31,False,0.00016229995526373386
4,7,2-approval,32,True,0.00011519994586706161
4,7,2-approval,33,False,0.00013649999164044857
4,7,2-approval,34,False,0.00016230018809437752
4,7,2-approval,35,False,9.329989552497864e-05
4,7,2-approval,36,False,0.00014279992319643497
4,7,2-approval,37,False,0.00016000005416572094
4,7,2-approval,38,False,9.580003097653389e-05
4,7,2-approval,39,True,0.0001338999718427658
4,7,2-approval,40,True,0.00017330003902316093
4,7,2-approval,41,True,0.00011959997937083244
4,7,2-approval,42,False,7.620011456310749e-05
4,7,2-approval,43,False,0.00014479993842542171
4,7,2-approval,44,True,0.00011870008893311024
4,7,2-approval,45,False,7.589999586343765e-05
4,7,2-approval,46,False,0.00013930001296103
4,7,2-approval,47,True,0.00017479993402957916
4,7,2-approval,48,False,8.500018157064915e-05
4,7,2-approval,49,False,0.00010280008427798748
4,7,veto,0,True,0.00012610014528036118
4,7,veto,1,False,9.709992446005344e-05
4,7,veto,2,False,0.00012039998546242714
4,7,veto,3,False,8.290004916489124e-05
4,7,veto,4,True,0.00013049994595348835
4,7,veto,5,True,0.00012620002962648869
4,7,veto,6,True,0.00012809992767870426
4,7,veto,7,False,0.00010240008123219013
4,7,veto,8,False,0.0001493000891059637
4,7,veto,9,False,0.00013689999468624592
4,7,veto,10,False,8.029979653656483e-05
4,7,veto,11,False,7.940013892948627e-05
4,7,veto,12,False,7.739989086985588e-05
4,7,veto,13,False,8.040014654397964e-05
4,7,veto,14,False,0.00014569982886314392
4,7,veto,15,False,7.529999129474163e-05
4,7,veto,16,False,7.569999434053898e-05
4,7,veto,17,False,7.770000956952572e-05
4,7,veto,18,False,7.679988630115986e-05
4,7,veto,19,False,7.509998977184296e-05
4,7,veto,20,False,0.00016369996592402458
4,7,veto,21,True,0.00012070010416209698
4,7,veto,22,False,8.020014502108097e-05
4,7,veto,23,False,9.450013749301434e-05
4,7,veto,24,True,0.0001574999187141657
4,7,veto,25,True,0.000124999787658453
4,7,veto,26,False,7.609999738633633e-05
4,7,veto,27,True,0.00016029994003474712
4,7,veto,28,False,7.229996845126152e-05
4,7,veto,29,False,7.500010542571545e-05
4,7,veto,30,False,0.00014949985779821873
4,7,veto,31,False,0.00020740018226206303
4,7,veto,32,False,0.00014970009215176105
4,7,veto,33,False,0.00010229996405541897
4,7,veto,34,False,9.660003706812859e-05
4,7,veto,35,False,8.58998391777277e-05
4,7,veto,36,False,0.00015270011499524117
4,7,veto,37,True,0.00019200006499886513
4,7,veto,38,False,0.00011619995348155499
4,7,veto,39,True,0.0001338999718427658
4,7,veto,40,True,0.00015230011194944382
4,7,veto,41,True,0.00014510005712509155
4,7,veto,42,False,0.00010309997014701366
4,7,veto,43,False,0.00017950008623301983
4,7,veto,44,True,0.00013349996879696846
4,7,veto,45,False,7.46001023799181e-05
4,7,veto,46,False,0.00014580017887055874
4,7,veto,47,True,0.00020110001787543297
4,7,veto,48,False,0.00010169995948672295
4,7,veto,49,False,8.25000461190939e-05
4,7,borda,0,True,0.00015259999781847
4,7,borda,1,False,7.119984365999699e-05
4,7,borda,2,False,9.55001451075077e-05
4,7,borda,3,False,0.00015480001457035542
4,7,borda,4,True,0.00013359985314309597
4,7,borda,5,True,0.00014190003275871277
4,7,borda,6,True,0.00012260000221431255
4,7,borda,7,False,7.24999699741602e-05
4,7,borda,8,True,0.00015320000238716602
4,7,borda,9,False,0.00011310004629194736
4,7,borda,10,False,7.179984822869301e-05
4,7,borda,11,False,7.489998824894428e-05
4,7,borda,12,False,7.320009171962738e-05
4,7,borda,13,False,7.679988630115986e-05
4,7,borda,14,False,0.00016060005873441696
4,7,borda,15,False,0.00010879989713430405
4,7,borda,16,False,0.00013129995204508305
4,7,borda,17,False,0.00011859997175633907
4,7,borda,18,False,0.00013700011186301708
4,7,borda,19,False,0.00010520010255277157
4,7,borda,20,True,0.0001503999810665846
4,7,borda,21,True,0.00016229995526373386
4,7,borda,22,False,9.569991379976273e-05
4,7,borda,23,False,7.54999928176403e-05
4,7,borda,24,False,0.00015789992175996304
4,7,borda,25,True,0.00014859996736049652
4,7,borda,26,False,7.71000050008297e-05
4,7,borda,27,True,0.00016369996592402458
4,7,borda,28,False,8.679996244609356e-05
4,7,borda,29,False,7.400009781122208e-05
4,7,borda,30,True,0.0003028998617082834
4,7,borda,31,False,0.00015869992785155773
4,7,borda,32,False,0.0002999999560415745
4,7,borda,33,False,7.950002327561378e-05
4,7,borda,34,False,7.059983909130096e-05
4,7,borda,35,False,8.299993351101875e-05
4,7,borda,36,False,0.0001550999004393816
4,7,borda,37,True,0.0001289001666009426
4,7,borda,38,False,0.0001409999094903469
4,7,borda,39,True,0.0001420998014509678
4,7,borda,40,True,0.0001762998290359974
4,7,borda,41,True,0.00014640018343925476
4,7,borda,42,False,7.839989848434925e-05
4,7,borda,43,False,0.00022359983995556831
4,7,borda,44,True,0.00013900012709200382
4,7,borda,45,False,7.939990609884262e-05
4,7,borda,46,False,0.00015059998258948326
4,7,borda,47,True,0.00025580008514225483
4,7,borda,48,False,6.610015407204628e-05
4,7,borda,49,False,7.489998824894428e-05
5,2,plurality,0,False,6.54999166727066e-05
5,2,plurality,1,False,9.300000965595245e-05
5,2,plurality,2,False,9.270012378692627e-05
5,2,plurality,3,False,0.00013640010729432106
5,2,plurality,4,False,9.280000813305378e-05
5,2,plurality,5,False,0.00010309997014701366
5,2,plurality,6,False,6.969994865357876e-05
5,2,plurality,7,True,0.00010820012539625168
5,2,plurality,8,False,7.049995474517345e-05
5,2,plurality,9,False,6.640003994107246e-05
5,2,plurality,10,False,8.46001785248518e-05
5,2,plurality,11,False,5.9399986639618874e-05
5,2,plurality,12,False,0.00010180007666349411
5,2,plurality,13,False,6.560003384947777e-05
5,2,plurality,14,False,6.949994713068008e-05
5,2,plurality,15,False,6.280001252889633e-05
5,2,plurality,16,False,6.349990144371986e-05
5,2,plurality,17,True,0.00010100007057189941
5,2,plurality,18,False,6.430014036595821e-05
5,2,plurality,19,True,0.00010040006600320339
5,2,plurality,20,False,6.809993647038937e-05
5,2,plurality,21,False,0.00014740019105374813
5,2,plurality,22,True,9.210011921823025e-05
5,2,plurality,23,True,0.00019990000873804092
5,2,plurality,24,False,6.220000796020031e-05
5,2,plurality,25,False,0.00013200007379055023
5,2,plurality,26,False,0.0001542000100016594
5,2,plurality,27,False,6.160000339150429e-05
5,2,plurality,28,False,0.00013699987903237343
5,2,plurality,29,False,0.00014199991710484028
5,2,plurality,30,True,0.00011599995195865631
5,2,plurality,31,True,0.00012699980288743973
5,2,plurality,32,False,5.8200210332870483e-05
5,2,plurality,33,False,6.0399994254112244e-05
5,2,plurality,34,False,6.050011143088341e-05
5,2,plurality,35,True,9.950017556548119e-05
5,2,plurality,36,False,8.039991371333599e-05
5,2,plurality,37,True,0.00018259999342262745
5,2,plurality,38,False,6.150011904537678e-05
5,2,plurality,39,False,9.119999594986439e-05
5,2,plurality,40,False,0.00013950001448392868
5,2,plurality,41,True,9.300000965595245e-05
5,2,plurality,42,False,0.00016700010746717453
5,2,plurality,43,False,8.00001434981823e-05
5,2,plurality,44,False,9.949994273483753e-05
5,2,plurality,45,True,0.00010609999299049377
5,2,plurality,46,True,0.0001034000888466835
5,2,plurality,47,False,6.509991362690926e-05
5,2,plurality,48,True,0.00010750000365078449
5,2,plurality,49,False,6.580003537237644e-05
5,2,2-approval,0,False,0.00010149995796382427
5,2,2-approval,1,False,6.059999577701092e-05
5,2,2-approval,2,False,7.509998977184296e-05
5,2,2-approval,3,False,0.00015909993089735508
5,2,2-approval,4,False,6.0999998822808266e-05
5,2,2-approval,5,False,6.0300109907984734e-05
5,2,2-approval,6,False,0.00011970009654760361
5,2,2-approval,7,True,0.0001509001012891531
5,2,2-approval,8,False,0.00010200007818639278
5,2,2-approval,9,False,7.440010085701942e-05
5,2,2-approval,10,False,6.729993037879467e-05
5,2,2-approval,11,False,6.129988469183445e-05
5,2,2-approval,12,False,6.3000014051795e-05
5,2,2-approval,13,False,6.940006278455257e-05
5,2,2-approval,14,False,9.070010855793953e-05
5,2,2-approval,15,False,8.670007809996605e-05
5,2,2-approval,16,False,5.7399971410632133e-05
5,2,2-approval,17,True,0.00014130002819001675
5,2,2-approval,18,False,7.830001413822174e-05
5,2,2-approval,19,True,0.00014500017277896404
5,2,2-approval,20,False,8.059991523623466e-05
5,2,2-approval,21,False,0.00016069994308054447
5,2,2-approval,22,True,9.80000477284193e-05
5,2,2-approval,23,True,0.00011279992759227753
5,2,2-approval,24,False,6.019999273121357e-05
5,2,2-approval,25,False,0.00013770000077784061
5,2,2-approval,26,True,9.909993968904018e-05
5,2,2-approval,27,False,7.299985736608505e-05
5,2,2-approval,28,False,0.00014670006930828094
5,2,2-approval,29,True,0.00016520009376108646
5,2,2-approval,30,True,0.00012059998698532581
5,2,2-approval,31,True,0.0001449999399483204
5,2,2-approval,32,False,0.00010790000669658184
5,2,2-approval,33,False,6.110011599957943e-05
5,2,2-approval,34,False,7.00999516993761e-05
5,2,2-approval,35,True,0.00016329996287822723
5,2,2-approval,36,False,6.909994408488274e-05
5,2,2-approval,37,True,0.00010620011016726494
5,2,2-approval,38,False,8.929986506700516e-05
5,2,2-approval,39,False,6.539979949593544e-05
5,2,2-approval,40,False,0.0001634000800549984
5,2,2-approval,41,True,0.00010700011625885963
5,2,2-approval,42,False,0.00015689991414546967
5,2,2-approval,43,False,6.450014188885689e-05
5,2,2-approval,44,False,6.84000551700592e-05
5,2,2-approval,45,True,0.00013129995204508305
5,2,2-approval,46,True,0.00017850007861852646
5,2,2-approval,47,False,5.7300087064504623e-05
5,2,2-approval,48,True,0.0001009001862257719
5,2,2-approval,49,False,6.909994408488274e-05
5,2,veto,0,False,8.530006743967533e-05
5,2,veto,1,False,0.00011310004629194736
5,2,veto,2,False,0.0002280999906361103
5,2,veto,3,False,0.00019160006195306778
5,2,veto,4,False,7.579987868666649e-05
5,2,veto,5,False,6.200000643730164e-05
5,2,veto,6,False,6.24998938292265e-05
5,2,veto,7,False,0.00017930008471012115
5,2,veto,8,False,9.709992446005344e-05
5,2,veto,9,False,6.510014645755291e-05
5,2,veto,10,False,6.280001252889633e-05
5,2,veto,11,False,6.149988621473312e-05
5,2,veto,12,False,6.050011143088341e-05
5,2,veto,13,False,6.24998938292265e-05
5,2,veto,14,False,6.529991514980793e-05
5,2,veto,15,False,0.00010160007514059544
5,2,veto,16,False,8.310005068778992e-05
5,2,veto,17,False,0.0001471000723540783
5,2,veto,18,False,6.409990601241589e-05
5,2,veto,19,True,9.979982860386372e-05
5,2,veto,20,False,6.329989992082119e-05
5,2,veto,21,True,0.00010440009646117687
5,2,veto,22,True,0.0001012999564409256
5,2,veto,23,True,9.450013749301434e-05
5,2,veto,24,False,6.780005060136318e-05
5,2,veto,25,True,0.000107599887996912
5,2,veto,26,True,0.00011529983021318913
5,2,veto,27,False,6.129988469183445e-05
5,2,veto,28,False,0.00014260015450417995
5,2,veto,29,False,0.00014270003885030746
5,2,veto,30,True,0.00010329997166991234
5,2,veto,31,True,0.00010310020297765732
5,2,veto,32,False,9.220000356435776e-05
5,2,veto,33,False,9.580003097653389e-05
5,2,veto,34,False,8.25000461190939e-05
5,2,veto,35,True,0.00010029994882643223
5,2,veto,36,False,7.479987107217312e-05
5,2,veto,37,True,0.00017439993098378181
5,2,veto,38,False,5.669984966516495e-05
5,2,veto,39,False,7.779989391565323e-05
5,2,veto,40,True,0.00010760012082755566
5,2,veto,41,False,0.00015109986998140812
5,2,veto,42,False,0.00015699979849159718
5,2,veto,43,False,6.680004298686981e-05
5,2,veto,44,False,7.08999577909708e-05
5,2,veto,45,True,0.00017030001617968082
5,2,veto,46,True,0.000210900092497468
5,2,veto,47,False,9.169988334178925e-05
5,2,veto,48,False,0.00014979997649788857
5,2,veto,49,False,6.640003994107246e-05
5,2,borda,0,False,6.000022403895855e-05
5,2,borda,1,False,9.130011312663555e-05
5,2,borda,2,False,5.7900091633200645e-05
5,2,borda,3,False,0.00016249995678663254
5,2,borda,4,False,6.189988926053047e-05
5,2,borda,5,False,8.41999426484108e-05
5,2,borda,6,False,6.320001557469368e-05
5,2,borda,7,True,0.0001292000524699688
5,2,borda,8,False,7.120007649064064e-05
5,2,borda,9,False,5.879998207092285e-05
5,2,borda,10,False,6.120000034570694e-05
5,2,borda,11,False,5.740020424127579e-05
5,2,borda,12,False,5.910010077059269e-05
5,2,borda,13,False,7.619988173246384e-05
5,2,borda,14,False,0.00011799996718764305
5,2,borda,15,False,6.069988012313843e-05
5,2,borda,16,False,0.0001134001649916172
5,2,borda,17,True,0.00023290002718567848
5,2,borda,18,False,9.159999899566174e-05
5,2,borda,19,True,0.00010730000212788582
5,2,borda,20,False,5.8999983593821526e-05
5,2,borda,21,False,0.00016820011660456657
5,2,borda,22,True,0.00013129995204508305
5,2,borda,23,True,0.0001066999975591898
5,2,borda,24,False,5.8999983593821526e-05
5,2,borda,25,False,0.00014909985475242138
5,2,borda,26,True,0.00033599999733269215
5,2,borda,27,False,0.00010020006448030472
5,2,borda,28,False,0.00014890008606016636
5,2,borda,29,False,0.00015789992175996304
5,2,borda,30,True,0.00012910016812384129
5,2,borda,31,True,0.00013699987903237343
5,2,borda,32,False,6.21001236140728e-05
5,2,borda,33,False,7.469998672604561e-05
5,2,borda,34,False,6.320001557469368e-05
5,2,borda,35,True,0.00012800004333257675
5,2,borda,36,False,7.650000043213367e-05
5,2,borda,37,True,0.00012939982116222382
5,2,borda,38,False,5.819997750222683e-05
5,2,borda,39,False,5.869986489415169e-05
5,2,borda,40,True,0.0002858999650925398
5,2,borda,41,True,0.00020830007269978523
5,2,borda,42,False,0.0001672001089900732
5,2,borda,43,False,6.269989535212517e-05
5,2,borda,44,False,9.070010855793953e-05
5,2,borda,45,True,0.00010339985601603985
5,2,borda,46,True,9.840005077421665e-05
5,2,borda,47,False,6.150011904537678e-05
5,2,borda,48,True,0.00015050009824335575
5,2,borda,49,False,7.109995931386948e-05
5,3,plurality,0,True,0.00017189979553222656
5,3,plurality,1,True,0.00022240006364881992
5,3,plurality,2,True,0.00010280008427798748
5,3,plurality,3,True,0.0001813000999391079
5,3,plurality,4,False,0.0002657999284565449
5,3,plurality,5,True,0.00022489996626973152
5,3,plurality,6,False,6.610015407204628e-05
5,3,plurality,7,False,0.00011270004324615002
5,3,plurality,8,True,0.00010520010255277157
5,3,plurality,9,True,0.00010620011016726494
5,3,plurality,10,False,6.160000339150429e-05
5,3,plurality,11,False,7.720012217760086e-05
5,3,plurality,12,True,0.00011350004933774471
5,3,plurality,13,True,0.00013329996727406979
5,3,plurality,14,False,6.38000201433897e-05
5,3,plurality,15,True,0.00012620002962648869
5,3,plurality,16,True,0.0003068998921662569
5,3,plurality,17,False,6.969994865357876e-05
5,3,plurality,18,True,0.00010890001431107521
5,3,plurality,19,True,0.00010999990627169609
5,3,plurality,20,False,7.95999076217413e-05
5,3,plurality,21,False,6.430014036595821e-05
5,3,plurality,22,False,6.699981167912483e-05
5,3,plurality,23,True,0.00016950001008808613
5,3,plurality,24,False,6.730016320943832e-05
5,3,plurality,25,True,0.00010249996557831764
5,3,plurality,26,False,6.38000201433897e-05
5,3,plurality,27,False,6.600003689527512e-05
5,3,plurality,28,True,0.00010050018317997456
5,3,plurality,29,False,6.849993951618671e-05
5,3,plurality,30,False,6.280001252889633e-05
5,3,plurality,31,False,6.270012818276882e-05
5,3,plurality,32,False,6.660004146397114e-05
5,3,plurality,33,False,6.520003080368042e-05
5,3,plurality,34,False,7.870001718401909e-05
5,3,plurality,35,False,6.84000551700592e-05
5,3,plurality,36,False,6.519979797303677e-05
5,3,plurality,37,False,7.109995931386948e-05
5,3,plurality,38,False,8.919998072087765e-05
5,3,plurality,39,False,6.620003841817379e-05
5,3,plurality,40,False,6.120000034570694e-05
5,3,plurality,41,False,6.610015407204628e-05
5,3,plurality,42,False,8.330005221068859e-05
5,3,plurality,43,False,0.00010529998689889908
5,3,plurality,44,False,0.00017779995687305927
5,3,plurality,45,False,0.00014219991862773895
5,3,plurality,46,False,0.00015259999781847
5,3,plurality,47,True,0.00010489998385310173
5,3,plurality,48,False,0.0002367999404668808
5,3,plurality,49,True,0.00011860020458698273
5,3,2-approval,0,True,0.00010349997319281101
5,3,2-approval,1,True,0.00015059998258948326
5,3,2-approval,2,True,0.00010089995339512825
5,3,2-approval,3,True,0.00013060006313025951
5,3,2-approval,4,True,0.00010710000060498714
5,3,2-approval,5,True,0.00011139991693198681
5,3,2-approval,6,False,7.46001023799181e-05
5,3,2-approval,7,False,6.609992124140263e-05
5,3,2-approval,8,True,0.00013279984705150127
5,3,2-approval,9,False,0.00032430002465844154
5,3,2-approval,10,False,6.180000491440296e-05
5,3,2-approval,11,False,6.900005973875523e-05
5,3,2-approval,12,True,0.00011619995348155499
5,3,2-approval,13,True,0.00018110009841620922
5,3,2-approval,14,False,0.00011730007827281952
5,3,2-approval,15,False,0.000197600107640028
5,3,2-approval,16,True,0.00016120006330311298
5,3,2-approval,17,False,7.619988173246384e-05
5,3,2-approval,18,True,0.00010040006600320339
5,3,2-approval,19,True,0.00010520010255277157
5,3,2-approval,20,False,8.859997615218163e-05
5,3,2-approval,21,False,6.46000262349844e-05
5,3,2-approval,22,False,0.00012209988199174404
5,3,2-approval,23,True,0.00012490013614296913
5,3,2-approval,24,False,6.579980254173279e-05
5,3,2-approval,25,True,0.00011950009502470493
5,3,2-approval,26,False,6.729993037879467e-05
5,3,2-approval,27,False,6.280001252889633e-05
5,3,2-approval,28,True,0.00012529990635812283
5,3,2-approval,29,False,6.54999166727066e-05
5,3,2-approval,30,False,0.00011490005999803543
5,3,2-approval,31,False,6.579980254173279e-05
5,3,2-approval,32,False,9.96999442577362e-05
5,3,2-approval,33,False,8.370005525648594e-05
5,3,2-approval,34,False,7.379986345767975e-05
5,3,2-approval,35,False,7.140007801353931e-05
5,3,2-approval,36,False,6.740004755556583e-05
5,3,2-approval,37,False,0.00010319985449314117
5,3,2-approval,38,False,7.209996692836285e-05
5,3,2-approval,39,False,6.200000643730164e-05
5,3,2-approval,40,False,7.499987259507179e-05
5,3,2-approval,41,False,0.00010600010864436626
5,3,2-approval,42,False,6.490014493465424e-05
5,3,2-approval,43,False,6.640003994107246e-05
5,3,2-approval,44,False,0.00016110017895698547
5,3,2-approval,45,True,0.00011859997175633907
5,3,2-approval,46,False,0.00021700002253055573
5,3,2-approval,47,True,0.00010840012691915035
5,3,2-approval,48,False,0.0002267998643219471
5,3,2-approval,49,True,0.0001908999402076006
5,3,veto,0,True,0.00012949993833899498
5,3,veto,1,True,0.00015059998258948326
5,3,veto,2,True,0.00010730000212788582
5,3,veto,3,True,0.00011139991693198681
5,3,veto,4,True,0.00012700003571808338
5,3,veto,5,True,0.00011129979975521564
5,3,veto,6,False,9.459978900849819e-05
5,3,veto,7,False,0.00010529998689889908
5,3,veto,8,False,0.00016169995069503784
5,3,veto,9,False,0.00019269995391368866
5,3,veto,10,False,6.780005060136318e-05
5,3,veto,11,False,6.430014036595821e-05
5,3,veto,12,True,0.0001278999261558056
5,3,veto,13,True,0.00012669991701841354
5,3,veto,14,False,9.830016642808914e-05
5,3,veto,15,False,0.0002872999757528305
5,3,veto,16,True,0.00010469998233020306
5,3,veto,17,False,6.340001709759235e-05
5,3,veto,18,False,0.00014659995213150978
5,3,veto,19,True,0.00010629999451339245
5,3,veto,20,False,6.220000796020031e-05
5,3,veto,21,False,6.510014645755291e-05
5,3,veto,22,False,7.559987716376781e-05
5,3,veto,23,True,0.00013440009206533432
5,3,veto,24,False,6.780005060136318e-05
5,3,veto,25,True,0.00010739988647401333
5,3,veto,26,False,6.500002928078175e-05
5,3,veto,27,False,6.729993037879467e-05
5,3,veto,28,True,0.0001167000737041235
5,3,veto,29,False,6.209989078342915e-05
5,3,veto,30,False,6.33997842669487e-05
5,3,veto,31,False,6.810016930103302e-05
5,3,veto,32,False,7.46001023799181e-05
5,3,veto,33,False,8.059991523623466e-05
5,3,veto,34,False,5.950010381639004e-05
5,3,veto,35,False,7.140007801353931e-05
5,3,veto,36,False,0.00011470005847513676
5,3,veto,37,False,0.00014409981667995453
5,3,veto,38,False,0.00014929985627532005
5,3,veto,39,False,6.180000491440296e-05
5,3,veto,40,False,7.060007192194462e-05
5,3,veto,41,False,8.010002784430981e-05
5,3,veto,42,False,6.649992428719997e-05
5,3,veto,43,False,6.400002166628838e-05
5,3,veto,44,False,0.0001689000055193901
5,3,veto,45,True,0.00013420009054243565
5,3,veto,46,True,0.00013689999468624592
5,3,veto,47,True,0.00010629999451339245
5,3,veto,48,True,0.00014130002819001675
5,3,veto,49,False,0.0002841001842170954
5,3,borda,0,True,0.00012420001439750195
5,3,borda,1,True,0.0001354999840259552
5,3,borda,2,True,0.00011170003563165665
5,3,borda,3,True,0.00011899997480213642
5,3,borda,4,True,0.0001409000251442194
5,3,borda,5,True,0.00014769984409213066
5,3,borda,6,False,0.00010009994730353355
5,3,borda,7,False,6.150011904537678e-05
5,3,borda,8,True,0.00014319992624223232
5,3,borda,9,True,0.0001097000204026699
5,3,borda,10,False,6.269989535212517e-05
5,3,borda,11,False,0.00013270019553601742
5,3,borda,12,True,0.0001067998819053173
5,3,borda,13,True,0.00011630007065832615
5,3,borda,14,False,6.500002928078175e-05
5,3,borda,15,False,0.00021660001948475838
5,3,borda,16,True,0.00016290019266307354
5,3,borda,17,False,6.0499878600239754e-05
5,3,borda,18,True,0.00013819988816976547
5,3,borda,19,True,0.0001651998609304428
5,3,borda,20,False,6.270012818276882e-05
5,3,borda,21,False,6.660004146397114e-05
5,3,borda,22,False,9.099999442696571e-05
5,3,borda,23,True,0.0001042000949382782
5,3,borda,24,False,7.529999129474163e-05
5,3,borda,25,True,0.0001713999081403017
5,3,borda,26,False,6.800005212426186e-05
5,3,borda,27,False,6.400002166628838e-05
5,3,borda,28,True,0.00010499986819922924
5,3,borda,29,False,6.250012665987015e-05
5,3,borda,30,False,9.670015424489975e-05
5,3,borda,31,False,8.990010246634483e-05
5,3,borda,32,False,7.209996692836285e-05
5,3,borda,33,False,6.059999577701092e-05
5,3,borda,34,False,5.979998968541622e-05
5,3,borda,35,False,0.00012539979070425034
5,3,borda,36,False,7.320009171962738e-05
5,3,borda,37,False,5.969987250864506e-05
5,3,borda,38,False,8.639995940029621e-05
5,3,borda,39,False,0.00010059983469545841
5,3,borda,40,False,9.600003249943256e-05
5,3,borda,41,False,7.109995931386948e-05
5,3,borda,42,False,5.9099867939949036e-05
5,3,borda,43,False,8.100015111267567e-05
5,3,borda,44,False,0.00019779987633228302
5,3,borda,45,True,0.00010609999299049377
5,3,borda,46,False,0.000157100148499012
5,3,borda,47,True,0.0003207998815923929
5,3,borda,48,True,0.0002280001062899828
5,3,borda,49,True,0.00013609998859465122
5,4,plurality,0,False,7.810001261532307e-05
5,4,plurality,1,True,0.00013229995965957642
5,4,plurality,2,False,8.839997462928295e-05
5,4,plurality,3,True,0.00010980013757944107
5,4,plurality,4,False,0.00012129987590014935
5,4,plurality,5,True,0.00013830000534653664
5,4,plurality,6,False,7.100007496774197e-05
5,4,plurality,7,True,0.00010180007666349411
5,4,plurality,8,False,7.069995626807213e-05
5,4,plurality,9,True,0.00010300008580088615
5,4,plurality,10,True,0.00013029994443058968
5,4,plurality,11,False,0.00017150002531707287
5,4,plurality,12,True,0.00011010002344846725
5,4,plurality,13,True,0.00017499993555247784
5,4,plurality,14,False,0.00016119983047246933
5,4,plurality,15,False,7.020006887614727e-05
5,4,plurality,16,False,0.00010029994882643223
5,4,plurality,17,False,6.740004755556583e-05
5,4,plurality,18,False,6.84000551700592e-05
5,4,plurality,19,True,0.00012150011025369167
5,4,plurality,20,False,0.00010289996862411499
5,4,plurality,21,True,0.00010750000365078449
5,4,plurality,22,False,0.00011859997175633907
5,4,plurality,23,True,0.0001058999914675951
5,4,plurality,24,False,6.279977969825268e-05
5,4,plurality,25,False,0.00013939989730715752
5,4,plurality,26,False,6.440002471208572e-05
5,4,plurality,27,True,0.00010229996405541897
5,4,plurality,28,False,7.140007801353931e-05
5,4,plurality,29,False,9.779981337487698e-05
5,4,plurality,30,False,0.0002880000974982977
5,4,plurality,31,False,9.200000204145908e-05
5,4,plurality,32,True,0.00011770008131861687
5,4,plurality,33,False,0.00015580002218484879
5,4,plurality,34,False,7.039983756840229e-05
5,4,plurality,35,False,0.00019839988090097904
5,4,plurality,36,False,7.71000050008297e-05
5,4,plurality,37,False,9.440002031624317e-05
5,4,plurality,38,False,7.120007649064064e-05
5,4,plurality,39,False,0.00019439985044300556
5,4,plurality,40,False,0.00018019997514784336
5,4,plurality,41,False,7.569999434053898e-05
5,4,plurality,42,True,0.00010869977995753288
5,4,plurality,43,True,0.00010990002192556858
5,4,plurality,44,False,6.770016625523567e-05
5,4,plurality,45,False,0.0001593001652508974
5,4,plurality,46,False,0.00012340000830590725
5,4,plurality,47,False,7.479987107217312e-05
5,4,plurality,48,True,0.00012550014071166515
5,4,plurality,49,False,0.00010639987885951996
5,4,2-approval,0,False,8.619995787739754e-05
5,4,2-approval,1,False,0.00016159983351826668
5,4,2-approval,2,False,7.079984061419964e-05
5,4,2-approval,3,False,0.00016449997201561928
5,4,2-approval,4,False,7.329997606575489e-05
5,4,2-approval,5,True,0.0001460001803934574
5,4,2-approval,6,False,7.740012370049953e-05
5,4,2-approval,7,False,0.00020749983377754688
5,4,2-approval,8,False,0.0001276000402867794
5,4,2-approval,9,True,0.00010569998994469643
5,4,2-approval,10,False,0.0001914000604301691
5,4,2-approval,11,False,0.0002905998844653368
5,4,2-approval,12,True,0.00010580010712146759
5,4,2-approval,13,False,0.00014950009062886238
5,4,2-approval,14,False,0.000157299917191267
5,4,2-approval,15,False,7.160007953643799e-05
5,4,2-approval,16,False,7.280008867383003e-05
5,4,2-approval,17,False,7.019983604550362e-05
5,4,2-approval,18,False,6.760004907846451e-05
5,4,2-approval,19,True,0.00013500009663403034
5,4,2-approval,20,False,6.620003841817379e-05
5,4,2-approval,21,True,0.00010469998233020306
5,4,2-approval,22,False,7.069995626807213e-05
5,4,2-approval,23,True,0.0001083998940885067
5,4,2-approval,24,False,7.329997606575489e-05
5,4,2-approval,25,False,0.00014359992928802967
5,4,2-approval,26,False,8.709984831511974e-05
5,4,2-approval,27,True,0.00011819996871054173
5,4,2-approval,28,False,7.389998063445091e-05
5,4,2-approval,29,False,6.770016625523567e-05
5,4,2-approval,30,False,6.889994256198406e-05
5,4,2-approval,31,False,9.560002945363522e-05
5,4,2-approval,32,True,0.00013669999316334724
5,4,2-approval,33,False,0.00015069986693561077
5,4,2-approval,34,False,0.00016190018504858017
5,4,2-approval,35,True,0.0002112998627126217
5,4,2-approval,36,False,0.00011539994738996029
5,4,2-approval,37,False,7.660011760890484e-05
5,4,2-approval,38,False,9.980006143450737e-05
5,4,2-approval,39,False,0.00020449981093406677
5,4,2-approval,40,False,0.00017110002227127552
5,4,2-approval,41,False,0.0001034000888466835
5,4,2-approval,42,True,0.00010689999908208847
5,4,2-approval,43,True,0.0001425000373274088
5,4,2-approval,44,False,7.100007496774197e-05
5,4,2-approval,45,False,0.00020530004985630512
5,4,2-approval,46,False,0.00010309997014701366
5,4,2-approval,47,False,7.080007344484329e-05
5,4,2-approval,48,True,0.00011850008741021156
5,4,2-approval,49,False,6.730016320943832e-05
5,4,veto,0,False,9.940005838871002e-05
5,4,veto,1,True,0.00011959997937083244
5,4,veto,2,False,0.00013449997641146183
5,4,veto,3,False,0.00016189995221793652
5,4,veto,4,False,8.87999776750803e-05
5,4,veto,5,True,0.00018129986710846424
5,4,veto,6,False,7.029995322227478e-05
5,4,veto,7,False,0.00017530005425214767
5,4,veto,8,False,8.929986506700516e-05
5,4,veto,9,True,0.00011250004172325134
5,4,veto,10,False,0.00017819995991885662
5,4,veto,11,True,0.00013890000991523266
5,4,veto,12,True,0.00014119991101324558
5,4,veto,13,True,0.0001409000251442194
5,4,veto,14,False,0.0002578999847173691
5,4,veto,15,False,6.969994865357876e-05
5,4,veto,16,False,6.84000551700592e-05
5,4,veto,17,False,7.200008258223534e-05
5,4,veto,18,False,9.55001451075077e-05
5,4,veto,19,True,0.00013819988816976547
5,4,veto,20,False,8.609984070062637e-05
5,4,veto,21,False,0.00016649998724460602
5,4,veto,22,False,8.490006439387798e-05
5,4,veto,23,True,0.00011770008131861687
5,4,veto,24,False,6.79998192936182e-05
5,4,veto,25,False,0.00016380008310079575
5,4,veto,26,False,9.130011312663555e-05
5,4,veto,27,True,0.00011690007522702217
5,4,veto,28,False,8.439994417130947e-05
5,4,veto,29,False,0.0003307999577373266
5,4,veto,30,False,7.459986954927444e-05
5,4,veto,31,False,0.0001058999914675951
5,4,veto,32,True,0.00015219999477267265
5,4,veto,33,True,0.00011459994129836559
5,4,veto,34,False,9.79001633822918e-05
5,4,veto,35,False,0.00016549997963011265
5,4,veto,36,False,0.0001216998789459467
5,4,veto,37,False,0.00010910001583397388
5,4,veto,38,False,8.479994721710682e-05
5,4,veto,39,False,0.00017090002074837685
5,4,veto,40,True,0.00015300000086426735
5,4,veto,41,False,9.249988943338394e-05
5,4,veto,42,True,0.0001922999508678913
5,4,veto,43,True,0.00014440016821026802
5,4,veto,44,False,6.420002318918705e-05
5,4,veto,45,False,0.00016739987768232822
5,4,veto,46,False,6.509991362690926e-05
5,4,veto,47,False,7.609999738633633e-05
5,4,veto,48,True,0.00013720011338591576
5,4,veto,49,False,7.180008105933666e-05
5,4,borda,0,False,7.150019519031048e-05
5,4,borda,1,True,0.00021059997379779816
5,4,borda,2,False,6.410013884305954e-05
5,4,borda,3,False,0.00016819988377392292
5,4,borda,4,False,6.369990296661854e-05
5,4,borda,5,True,0.00011259992606937885
5,4,borda,6,False,9.019998833537102e-05
5,4,borda,7,True,0.00012649991549551487
5,4,borda,8,False,0.00011250004172325134
5,4,borda,9,True,0.00012029986828565598
5,4,borda,10,True,0.00014830008149147034
5,4,borda,11,False,0.00016930000856518745
5,4,borda,12,True,0.00014150002971291542
5,4,borda,13,True,0.00012040021829307079
5,4,borda,14,False,0.00019839988090097904
5,4,borda,15,False,6.820005364716053e-05
5,4,borda,16,False,6.490014493465424e-05
5,4,borda,17,False,8.650007657706738e-05
5,4,borda,18,False,6.7099928855896e-05
5,4,borda,19,True,0.00017189979553222656
5,4,borda,20,False,5.9399986639618874e-05
5,4,borda,21,True,0.00012340000830590725
5,4,borda,22,False,7.349997758865356e-05
5,4,borda,23,True,0.00012209988199174404
5,4,borda,24,False,0.00010180007666349411
5,4,borda,25,False,0.000192900188267231
5,4,borda,26,False,6.910017691552639e-05
5,4,borda,27,True,0.00029600015841424465
5,4,borda,28,False,8.070003241300583e-05
5,4,borda,29,False,8.899997919797897e-05
5,4,borda,30,False,8.010002784430981e-05
5,4,borda,31,False,0.00010189996100962162
5,4,borda,32,True,0.0002998998388648033
5,4,borda,33,True,0.00014059990644454956
5,4,borda,34,False,0.0001324999611824751
5,4,borda,35,True,0.00034009991213679314
5,4,borda,36,False,8.150003850460052e-05
5,4,borda,37,False,0.00014210003428161144
5,4,borda,38,False,7.00999516993761e-05
5,4,borda,39,False,0.00022360007278621197
5,4,borda,40,True,0.00017579994164407253
5,4,borda,41,False,7.08999577909708e-05
5,4,borda,42,True,0.0001284999307245016
5,4,borda,43,True,0.0002042998094111681
5,4,borda,44,False,0.00011610006913542747
5,4,borda,45,False,0.00019959989003837109
5,4,borda,46,False,6.930017843842506e-05
5,4,borda,47,False,6.84000551700592e-05
5,4,borda,48,True,0.00023079989477992058
5,4,borda,49,False,6.889994256198406e-05
5,5,plurality,0,False,7.209996692836285e-05
5,5,plurality,1,True,0.00011610006913542747
5,5,plurality,2,True,0.00012560002505779266
5,5,plurality,3,False,7.429998368024826e-05
5,5,plurality,4,False,7.140007801353931e-05
5,5,plurality,5,True,0.00011739996261894703
5,5,plurality,6,False,7.379986345767975e-05
5,5,plurality,7,False,6.939982995390892e-05
5,5,plurality,8,False,9.309989400207996e-05
5,5,plurality,9,True,0.00011039990931749344
5,5,plurality,10,False,7.180008105933666e-05
5,5,plurality,11,False,7.369997911155224e-05
5,5,plurality,12,False,7.289997301995754e-05
5,5,plurality,13,False,7.389998063445091e-05
5,5,plurality,14,False,0.0001539001241326332
5,5,plurality,15,False,0.00010489998385310173
5,5,plurality,16,False,7.6299998909235e-05
5,5,plurality,17,False,8.009979501366615e-05
5,5,plurality,18,False,0.00018239999189972878
5,5,plurality,19,False,7.369997911155224e-05
5,5,plurality,20,False,9.540002793073654e-05
5,5,plurality,21,True,0.00014189979992806911
5,5,plurality,22,False,8.110003545880318e-05
5,5,plurality,23,False,0.00012039998546242714
5,5,plurality,24,True,0.00013589998707175255
5,5,plurality,25,False,0.00017729983665049076
5,5,plurality,26,False,0.00010710000060498714
5,5,plurality,27,False,7.949979044497013e-05
5,5,plurality,28,True,0.00013990001752972603
5,5,plurality,29,False,8.280016481876373e-05
5,5,plurality,30,False,7.600011304020882e-05
5,5,plurality,31,False,0.00010220007970929146
5,5,plurality,32,True,0.00015449989587068558
5,5,plurality,33,False,0.00017170002683997154
5,5,plurality,34,False,0.00015130010433495045
5,5,plurality,35,False,0.00011619995348155499
5,5,plurality,36,False,7.229996845126152e-05
5,5,plurality,37,False,9.940005838871002e-05
5,5,plurality,38,False,7.039983756840229e-05
5,5,plurality,39,False,8.410005830228329e-05
5,5,plurality,40,False,0.00016309996135532856
5,5,plurality,41,True,0.00019560009241104126
5,5,plurality,42,False,7.750000804662704e-05
5,5,plurality,43,False,0.00010720011778175831
5,5,plurality,44,False,0.00010950001887977123
5,5,plurality,45,False,7.109995931386948e-05
5,5,plurality,46,False,7.589999586343765e-05
5,5,plurality,47,False,7.560010999441147e-05
5,5,plurality,48,True,0.00012159999459981918
5,5,plurality,49,False,9.820004925131798e-05
5,5,2-approval,0,False,8.979998528957367e-05
5,5,2-approval,1,True,0.00011810008436441422
5,5,2-approval,2,True,0.00013120006769895554
5,5,2-approval,3,False,0.00011599995195865631
5,5,2-approval,4,False,7.979990914463997e-05
5,5,2-approval,5,True,0.0001175999641418457
5,5,2-approval,6,False,7.6299998909235e-05
5,5,2-approval,7,False,7.670000195503235e-05
5,5,2-approval,8,False,9.109987877309322e-05
5,5,2-approval,9,True,0.0001097000204026699
5,5,2-approval,10,False,0.00011479994282126427
5,5,2-approval,11,False,6.989995017647743e-05
5,5,2-approval,12,False,8.130003698170185e-05
5,5,2-approval,13,False,7.800012826919556e-05
5,5,2-approval,14,False,0.00016559986397624016
5,5,2-approval,15,False,7.859990000724792e-05
5,5,2-approval,16,False,8.949986658990383e-05
5,5,2-approval,17,False,9.360001422464848e-05
5,5,2-approval,18,False,0.0002715000882744789
5,5,2-approval,19,False,6.869994103908539e-05
5,5,2-approval,20,False,8.040014654397964e-05
5,5,2-approval,21,False,0.0001881001517176628
5,5,2-approval,22,False,0.00011559994891285896
5,5,2-approval,23,False,7.92001374065876e-05
5,5,2-approval,24,False,0.0001963998656719923
5,5,2-approval,25,False,9.720004163682461e-05
5,5,2-approval,26,False,9.819981642067432e-05
5,5,2-approval,27,False,0.00010909978300333023
5,5,2-approval,28,False,0.00017499993555247784
5,5,2-approval,29,False,7.970002479851246e-05
5,5,2-approval,30,False,8.619995787739754e-05
5,5,2-approval,31,False,7.420009933412075e-05
5,5,2-approval,32,False,0.00018109986558556557
5,5,2-approval,33,False,0.00020659994333982468
5,5,2-approval,34,False,7.499987259507179e-05
5,5,2-approval,35,False,0.00010360009036958218
5,5,2-approval,36,False,9.809993207454681e-05
5,5,2-approval,37,False,7.580011151731014e-05
5,5,2-approval,38,False,0.00010570022277534008
5,5,2-approval,39,False,8.079991675913334e-05
5,5,2-approval,40,True,0.00012099999003112316
5,5,2-approval,41,False,0.00016600009985268116
5,5,2-approval,42,False,8.350005373358727e-05
5,5,2-approval,43,False,7.970002479851246e-05
5,5,2-approval,44,False,6.980006583034992e-05
5,5,2-approval,45,False,9.42000187933445e-05
5,5,2-approval,46,False,7.599988020956516e-05
5,5,2-approval,47,False,7.639988325536251e-05
5,5,2-approval,48,True,0.0002445001155138016
5,5,2-approval,49,False,8.400017395615578e-05
5,5,veto,0,False,0.00011199992150068283
5,5,veto,1,True,0.0001385000068694353
5,5,veto,2,True,0.00011910009197890759
5,5,veto,3,False,7.970002479851246e-05
5,5,veto,4,False,7.269997149705887e-05
5,5,veto,5,True,0.0001664001028984785
5,5,veto,6,False,7.30000901967287e-05
5,5,veto,7,False,0.00011550006456673145
5,5,veto,8,False,0.00010249996557831764
5,5,veto,9,True,0.0001860000193119049
5,5,veto,10,False,8.599995635449886e-05
5,5,veto,11,False,8.130003698170185e-05
5,5,veto,12,False,0.00011259992606937885
5,5,veto,13,False,0.00010150019079446793
5,5,veto,14,False,0.00017449981532990932
5,5,veto,15,False,8.210004307329655e-05
5,5,veto,16,False,0.0001512998715043068
5,5,veto,17,False,7.890001870691776e-05
5,5,veto,18,False,0.0002561998553574085
5,5,veto,19,False,7.660011760890484e-05
5,5,veto,20,False,8.809985592961311e-05
5,5,veto,21,True,0.00012240000069141388
5,5,veto,22,False,7.589999586343765e-05
5,5,veto,23,False,0.00011909985914826393
5,5,veto,24,False,0.00022689998149871826
5,5,veto,25,False,7.839989848434925e-05
5,5,veto,26,False,7.580011151731014e-05
5,5,veto,27,False,9.50000248849392e-05
5,5,veto,28,False,0.00018860003910958767
5,5,veto,29,False,7.54999928176403e-05
5,5,veto,30,False,0.00014990009367465973
5,5,veto,31,False,7.670000195503235e-05
5,5,veto,32,False,0.0004241999704390764
5,5,veto,33,False,0.0002180999144911766
5,5,veto,34,False,9.079999290406704e-05
5,5,veto,35,False,7.409998215734959e-05
5,5,veto,36,False,7.720012217760086e-05
5,5,veto,37,False,7.870001718401909e-05
5,5,veto,38,False,7.369997911155224e-05
5,5,veto,39,False,7.30000901967287e-05
5,5,veto,40,True,0.0001263997983187437
5,5,veto,41,False,0.0003696000203490257
5,5,veto,42,False,6.809993647038937e-05
5,5,veto,43,False,8.839997462928295e-05
5,5,veto,44,False,7.609999738633633e-05
5,5,veto,45,False,0.0001314000692218542
5,5,veto,46,False,7.679988630115986e-05
5,5,veto,47,False,0.00014629983343183994
5,5,veto,48,False,0.00019860011525452137
5,5,veto,49,False,8.450006134808064e-05
5,5,borda,0,False,7.060007192194462e-05
5,5,borda,1,True,0.00013120006769895554
5,5,borda,2,True,0.00016000005416572094
5,5,borda,3,False,7.199984975159168e-05
5,5,borda,4,False,9.290012530982494e-05
5,5,borda,5,True,0.00013479986228048801
5,5,borda,6,False,0.00010580010712146759
5,5,borda,7,False,6.889994256198406e-05
5,5,borda,8,False,0.00013529998250305653
5,5,borda,9,True,0.00014030002057552338
5,5,borda,10,False,7.140007801353931e-05
5,5,borda,11,False,9.689992293715477e-05
5,5,borda,12,False,0.00011610006913542747
5,5,borda,13,False,0.00010920013301074505
5,5,borda,14,False,0.00019340007565915585
5,5,borda,15,False,9.539979510009289e-05
5,5,borda,16,False,7.33998604118824e-05
5,5,borda,17,False,0.00011650007218122482
5,5,borda,18,False,0.00021450011990964413
5,5,borda,19,False,7.960014045238495e-05
5,5,borda,20,False,7.059983909130096e-05
5,5,borda,21,True,0.0001254999078810215
5,5,borda,22,False,7.750000804662704e-05
5,5,borda,23,False,7.309997454285622e-05
5,5,borda,24,False,0.0001993998885154724
5,5,borda,25,False,7.999991066753864e-05
5,5,borda,26,False,7.690000347793102e-05
5,5,borda,27,False,0.00010700011625885963
5,5,borda,28,False,0.0001922000665217638
5,5,borda,29,False,0.00011290004476904869
5,5,borda,30,False,7.349997758865356e-05
5,5,borda,31,False,7.520010694861412e-05
5,5,borda,32,False,0.0001870999112725258
5,5,borda,33,False,0.00017989985644817352
5,5,borda,34,False,0.000143399927765131
5,5,borda,35,False,6.730016320943832e-05
5,5,borda,36,False,6.790016777813435e-05
5,5,borda,37,False,0.00017909985035657883
5,5,borda,38,False,0.00015119998715817928
5,5,borda,39,False,8.390005677938461e-05
5,5,borda,40,True,0.0001308000646531582
5,5,borda,41,False,0.00018960004672408104
5,5,borda,42,False,8.619995787739754e-05
5,5,borda,43,False,6.84000551700592e-05
5,5,borda,44,False,7.100007496774197e-05
5,5,borda,45,False,7.359986193478107e-05
5,5,borda,46,False,0.00017099990509450436
5,5,borda,47,False,6.900005973875523e-05
5,5,borda,48,True,0.00013830000534653664
5,5,borda,49,False,7.00000673532486e-05
5,6,plurality,0,False,8.279993198812008e-05
5,6,plurality,1,False,0.00010139984078705311
5,6,plurality,2,True,0.00018310011364519596
5,6,plurality,3,False,0.00020750006660819054
5,6,plurality,4,True,0.0001287998165935278
5,6,plurality,5,False,0.00020270003005862236
5,6,plurality,6,False,9.050010703504086e-05
5,6,plurality,7,False,9.200000204145908e-05
5,6,plurality,8,False,0.00019329995848238468
5,6,plurality,9,False,0.00010750000365078449
5,6,plurality,10,False,8.180015720427036e-05
5,6,plurality,11,False,7.909978739917278e-05
5,6,plurality,12,False,7.509998977184296e-05
5,6,plurality,13,False,8.310005068778992e-05
5,6,plurality,14,True,0.00011859997175633907
5,6,plurality,15,False,7.830001413822174e-05
5,6,plurality,16,False,0.0001012999564409256
5,6,plurality,17,False,7.750000804662704e-05
5,6,plurality,18,False,8.789985440671444e-05
5,6,plurality,19,False,8.330005221068859e-05
5,6,plurality,20,True,0.00011739996261894703
5,6,plurality,21,False,8.440017700195312e-05
5,6,plurality,22,False,8.109980262815952e-05
5,6,plurality,23,False,8.189980871975422e-05
5,6,plurality,24,True,0.00012119999155402184
5,6,plurality,25,False,0.00010959990322589874
5,6,plurality,26,True,0.00013229995965957642
5,6,plurality,27,False,7.679988630115986e-05
5,6,plurality,28,True,0.00015740003436803818
5,6,plurality,29,False,0.00011010002344846725
5,6,plurality,30,False,0.0001680999994277954
5,6,plurality,31,False,8.470006287097931e-05
5,6,plurality,32,False,0.00015549990348517895
5,6,plurality,33,False,0.00010710000060498714
5,6,plurality,34,False,0.00020279991440474987
5,6,plurality,35,False,0.00011720019392669201
5,6,plurality,36,False,0.00024039996787905693
5,6,plurality,37,False,0.00011170003563165665
5,6,plurality,38,False,8.119991980493069e-05
5,6,plurality,39,False,7.6299998909235e-05
5,6,plurality,40,False,8.299993351101875e-05
5,6,plurality,41,True,0.0001278999261558056
5,6,plurality,42,False,0.00035230000503361225
5,6,plurality,43,True,0.0001191999763250351
5,6,plurality,44,False,0.00015820004045963287
5,6,plurality,45,True,0.00011380016803741455
5,6,plurality,46,True,0.00011879997327923775
5,6,plurality,47,False,7.859990000724792e-05
5,6,plurality,48,False,0.00017490005120635033
5,6,plurality,49,False,0.00015949993394315243
5,6,2-approval,0,False,9.240000508725643e-05
5,6,2-approval,1,False,8.370005525648594e-05
5,6,2-approval,2,True,0.00018749991431832314
5,6,2-approval,3,False,0.00016309996135532856
5,6,2-approval,4,True,0.0001205001026391983
5,6,2-approval,5,False,0.00039900001138448715
5,6,2-approval,6,False,7.980014197528362e-05
5,6,2-approval,7,False,8.030002936720848e-05
5,6,2-approval,8,False,0.00020539993420243263
5,6,2-approval,9,False,7.950002327561378e-05
5,6,2-approval,10,False,8.070003241300583e-05
5,6,2-approval,11,False,8.119991980493069e-05
5,6,2-approval,12,False,8.71000811457634e-05
5,6,2-approval,13,False,9.929994121193886e-05
5,6,2-approval,14,True,0.0001876000314950943
5,6,2-approval,15,False,0.00010220007970929146
5,6,2-approval,16,False,9.650015272200108e-05
5,6,2-approval,17,False,0.0001021998468786478
5,6,2-approval,18,False,0.00010269996710121632
5,6,2-approval,19,False,7.6299998909235e-05
5,6,2-approval,20,True,0.00011679995805025101
5,6,2-approval,21,False,8.010002784430981e-05
5,6,2-approval,22,False,8.490006439387798e-05
5,6,2-approval,23,False,0.00010119983926415443
5,6,2-approval,24,True,0.00014580017887055874
5,6,2-approval,25,False,8.600018918514252e-05
5,6,2-approval,26,True,0.0001284999307245016
5,6,2-approval,27,False,7.679988630115986e-05
5,6,2-approval,28,True,0.00011090002954006195
5,6,2-approval,29,False,7.189996540546417e-05
5,6,2-approval,30,True,0.00013029994443058968
5,6,2-approval,31,False,7.770000956952572e-05
5,6,2-approval,32,True,0.00012049986980855465
5,6,2-approval,33,False,7.829978130757809e-05
5,6,2-approval,34,False,7.790001109242439e-05
5,6,2-approval,35,False,7.71000050008297e-05
5,6,2-approval,36,True,0.00012019998393952847
5,6,2-approval,37,False,8.819997310638428e-05
5,6,2-approval,38,False,7.850001566112041e-05
5,6,2-approval,39,False,8.09000339359045e-05
5,6,2-approval,40,False,7.730000652372837e-05
5,6,2-approval,41,True,0.0001235001254826784
5,6,2-approval,42,False,0.00018400000408291817
5,6,2-approval,43,True,0.00011950009502470493
5,6,2-approval,44,False,8.180015720427036e-05
5,6,2-approval,45,False,0.00018660002388060093
5,6,2-approval,46,True,0.00012260000221431255
5,6,2-approval,47,False,7.660011760890484e-05
5,6,2-approval,48,False,0.00017349980771541595
5,6,2-approval,49,False,0.0001713000237941742
5,6,veto,0,False,7.360009476542473e-05
5,6,veto,1,False,0.00011990009807050228
5,6,veto,2,False,0.0001813999842852354
5,6,veto,3,False,0.00023090001195669174
5,6,veto,4,True,0.00012189988046884537
5,6,veto,5,True,0.00011410005390644073
5,6,veto,6,False,7.609999738633633e-05
5,6,veto,7,False,8.9599983766675e-05
5,6,veto,8,True,0.00011750007979571819
5,6,veto,9,False,8.099991828203201e-05
5,6,veto,10,False,7.770000956952572e-05
5,6,veto,11,False,9.720004163682461e-05
5,6,veto,12,False,0.0001860000193119049
5,6,veto,13,False,0.00014770007692277431
5,6,veto,14,True,0.00021700002253055573
5,6,veto,15,False,0.00011539994738996029
5,6,veto,16,False,7.759989239275455e-05
5,6,veto,17,False,7.860013283789158e-05
5,6,veto,18,False,0.00014030002057552338
5,6,veto,19,False,7.790001109242439e-05
5,6,veto,20,False,0.00018660002388060093
5,6,veto,21,False,8.079991675913334e-05
5,6,veto,22,False,0.00011430005542933941
5,6,veto,23,False,0.0001542998943477869
5,6,veto,24,True,0.00012159999459981918
5,6,veto,25,False,8.539995178580284e-05
5,6,veto,26,True,0.00013880012556910515
5,6,veto,27,False,7.54999928176403e-05
5,6,veto,28,True,0.00015760003589093685
5,6,veto,29,False,0.0001433000434190035
5,6,veto,30,True,0.00017390004359185696
5,6,veto,31,False,7.87999015301466e-05
5,6,veto,32,False,0.0001897001639008522
5,6,veto,33,False,8.069979958236217e-05
5,6,veto,34,False,8.709984831511974e-05
5,6,veto,35,False,7.880013436079025e-05
5,6,veto,36,True,0.00012240000069141388
5,6,veto,37,False,7.930002175271511e-05
5,6,veto,38,False,8.860020898282528e-05
5,6,veto,39,False,8.720019832253456e-05
5,6,veto,40,False,7.620011456310749e-05
5,6,veto,41,False,0.000224399846047163
5,6,veto,42,True,0.00028200005181133747
5,6,veto,43,True,0.0001376001164317131
5,6,veto,44,False,7.800012826919556e-05
5,6,veto,45,False,0.00022879987955093384
5,6,veto,46,False,0.00023230002261698246
5,6,veto,47,False,0.00015480001457035542
5,6,veto,48,False,0.0002133999951183796
5,6,veto,49,False,0.000224800081923604
5,6,borda,0,False,0.00012569990940392017
5,6,borda,1,False,0.0001066999975591898
5,6,borda,2,True,0.00012769992463290691
5,6,borda,3,False,0.0002125001046806574
5,6,borda,4,True,0.00013320008292794228
5,6,borda,5,True,0.00017090002074837685
5,6,borda,6,False,9.709992446005344e-05
5,6,borda,7,False,8.770008571445942e-05
5,6,borda,8,False,0.00020650005899369717
5,6,borda,9,False,0.00010790000669658184
5,6,borda,10,False,9.549991227686405e-05
5,6,borda,11,False,7.790001109242439e-05
5,6,borda,12,False,7.670000195503235e-05
5,6,borda,13,False,7.46001023799181e-05
5,6,borda,14,True,0.00013459986075758934
5,6,borda,15,False,7.129996083676815e-05
5,6,borda,16,False,7.389998063445091e-05
5,6,borda,17,False,7.200008258223534e-05
5,6,borda,18,False,6.989995017647743e-05
5,6,borda,19,False,9.520002640783787e-05
5,6,borda,20,True,0.00012509990483522415
5,6,borda,21,False,6.599980406463146e-05
5,6,borda,22,False,7.069995626807213e-05
5,6,borda,23,False,7.410021498799324e-05
5,6,borda,24,True,0.000183899886906147
5,6,borda,25,False,8.190004155039787e-05
5,6,borda,26,True,0.00014120014384388924
5,6,borda,27,False,7.040007039904594e-05
5,6,borda,28,True,0.00012189988046884537
5,6,borda,29,False,7.449998520314693e-05
5,6,borda,30,True,0.0001855997834354639
5,6,borda,31,False,7.6299998909235e-05
5,6,borda,32,False,0.00042370008304715157
5,6,borda,33,False,7.109995931386948e-05
5,6,borda,34,False,0.00020159990526735783
5,6,borda,35,False,0.00013669999316334724
5,6,borda,36,True,0.0002661000471562147
5,6,borda,37,False,8.09000339359045e-05
5,6,borda,38,False,7.429998368024826e-05
5,6,borda,39,False,7.020006887614727e-05
5,6,borda,40,False,7.260008715093136e-05
5,6,borda,41,True,0.00013040006160736084
5,6,borda,42,False,0.0003665999975055456
5,6,borda,43,True,0.00013720011338591576
5,6,borda,44,False,7.54999928176403e-05
5,6,borda,45,False,0.0001799999736249447
5,6,borda,46,True,0.00014050002209842205
5,6,borda,47,False,7.870001718401909e-05
5,6,borda,48,False,0.0002234000712633133
5,6,borda,49,True,0.0004320000298321247
5,7,plurality,0,False,0.00013800011947751045
5,7,plurality,1,False,7.509998977184296e-05
5,7,plurality,2,False,8.579995483160019e-05
5,7,plurality,3,False,8.480018004775047e-05
5,7,plurality,4,False,8.449982851743698e-05
5,7,plurality,5,False,0.00016369996592402458
5,7,plurality,6,False,0.00016850000247359276
5,7,plurality,7,True,0.000125400023534894
5,7,plurality,8,False,9.849993512034416e-05
5,7,plurality,9,False,0.0003767001908272505
5,7,plurality,10,False,8.63000750541687e-05
5,7,plurality,11,False,8.739996701478958e-05
5,7,plurality,12,False,7.970002479851246e-05
5,7,plurality,13,False,8.160015568137169e-05
5,7,plurality,14,False,8.689984679222107e-05
5,7,plurality,15,True,0.0001254999078810215
5,7,plurality,16,False,8.25000461190939e-05
5,7,plurality,17,False,0.0001004999503493309
5,7,plurality,18,False,8.389982394874096e-05
5,7,plurality,19,False,0.0001463999506086111
5,7,plurality,20,False,8.25000461190939e-05
5,7,plurality,21,False,0.0001159000676125288
5,7,plurality,22,False,8.729984983801842e-05
5,7,plurality,23,False,0.00010760012082755566
5,7,plurality,24,False,9.55001451075077e-05
5,7,plurality,25,False,8.179992437362671e-05
5,7,plurality,26,False,8.739996701478958e-05
5,7,plurality,27,False,0.00018740002997219563
5,7,plurality,28,False,0.0001743000466376543
5,7,plurality,29,False,8.410005830228329e-05
5,7,plurality,30,False,0.00016870000399649143
5,7,plurality,31,True,0.00012110010720789433
5,7,plurality,32,False,0.00010349997319281101
5,7,plurality,33,False,8.770008571445942e-05
5,7,plurality,34,False,8.300016634166241e-05
5,7,plurality,35,False,9.139999747276306e-05
5,7,plurality,36,False,8.470006287097931e-05
5,7,plurality,37,False,0.0003253999166190624
5,7,plurality,38,True,0.00012329989112913609
5,7,plurality,39,False,0.00010609999299049377
5,7,plurality,40,False,0.00015829992480576038
5,7,plurality,41,False,7.970002479851246e-05
5,7,plurality,42,False,7.690000347793102e-05
5,7,plurality,43,False,8.33999365568161e-05
5,7,plurality,44,False,0.00017609982751309872
5,7,plurality,45,False,8.429982699453831e-05
5,7,plurality,46,False,8.190004155039787e-05
5,7,plurality,47,True,0.00014479993842542171
5,7,plurality,48,False,0.0001572000328451395
5,7,plurality,49,False,0.00010840012691915035
5,7,2-approval,0,False,0.00011060014367103577
5,7,2-approval,1,False,8.159992285072803e-05
5,7,2-approval,2,False,8.430005982518196e-05
5,7,2-approval,3,False,0.00011899997480213642
5,7,2-approval,4,False,0.0001425000373274088
5,7,2-approval,5,False,9.169988334178925e-05
5,7,2-approval,6,False,0.0001892000436782837
5,7,2-approval,7,False,0.00018319999799132347
5,7,2-approval,8,False,8.950009942054749e-05
5,7,2-approval,9,True,0.0002796000335365534
5,7,2-approval,10,False,8.260016329586506e-05
5,7,2-approval,11,False,7.930002175271511e-05
5,7,2-approval,12,False,7.960014045238495e-05
5,7,2-approval,13,False,7.880013436079025e-05
5,7,2-approval,14,False,9.560002945363522e-05
5,7,2-approval,15,False,0.00018930016085505486
5,7,2-approval,16,False,7.750000804662704e-05
5,7,2-approval,17,False,0.00010730000212788582
5,7,2-approval,18,False,8.810008876025677e-05
5,7,2-approval,19,False,9.270012378692627e-05
5,7,2-approval,20,False,0.00012410013005137444
5,7,2-approval,21,False,8.370005525648594e-05
5,7,2-approval,22,False,9.469990618526936e-05
5,7,2-approval,23,False,8.379993960261345e-05
5,7,2-approval,24,False,7.950002327561378e-05
5,7,2-approval,25,False,9.289989247918129e-05
5,7,2-approval,26,False,0.00015490013174712658
5,7,2-approval,27,False,0.0002204999327659607
5,7,2-approval,28,False,0.00019239983521401882
5,7,2-approval,29,False,8.050003089010715e-05
5,7,2-approval,30,True,0.00013689999468624592
5,7,2-approval,31,True,0.0001433000434190035
5,7,2-approval,32,False,7.870001718401909e-05
5,7,2-approval,33,False,7.680011913180351e-05
5,7,2-approval,34,False,9.380001574754715e-05
5,7,2-approval,35,False,8.979998528957367e-05
5,7,2-approval,36,False,7.809977978467941e-05
5,7,2-approval,37,False,0.00020150002092123032
5,7,2-approval,38,True,0.00013479986228048801
5,7,2-approval,39,False,8.040014654397964e-05
5,7,2-approval,40,False,8.040014654397964e-05
5,7,2-approval,41,False,0.00010569998994469643
5,7,2-approval,42,False,9.820004925131798e-05
5,7,2-approval,43,False,8.950009942054749e-05
5,7,2-approval,44,False,0.00021620001643896103
5,7,2-approval,45,False,0.00014130002819001675
5,7,2-approval,46,False,8.530006743967533e-05
5,7,2-approval,47,True,0.00012329989112913609
5,7,2-approval,48,False,0.000174699816852808
5,7,2-approval,49,False,0.00010369997471570969
5,7,veto,0,False,8.33999365568161e-05
5,7,veto,1,False,0.00012589991092681885
5,7,veto,2,False,8.480018004775047e-05
5,7,veto,3,False,9.119999594986439e-05
5,7,veto,4,False,7.670000195503235e-05
5,7,veto,5,False,9.720004163682461e-05
5,7,veto,6,True,0.00016210018657147884
5,7,veto,7,False,0.00018480001017451286
5,7,veto,8,False,9.489990770816803e-05
5,7,veto,9,True,0.00012839981354773045
5,7,veto,10,False,0.00020819995552301407
5,7,veto,11,False,7.790001109242439e-05
5,7,veto,12,False,8.499994874000549e-05
5,7,veto,13,False,7.690000347793102e-05
5,7,veto,14,False,0.0001159000676125288
5,7,veto,15,False,0.00038839993067085743
5,7,veto,16,False,7.609999738633633e-05
5,7,veto,17,False,8.020014502108097e-05
5,7,veto,18,False,0.00010520010255277157
5,7,veto,19,False,0.00017129979096353054
5,7,veto,20,False,9.350012987852097e-05
5,7,veto,21,False,7.859990000724792e-05
5,7,veto,22,False,0.0001425000373274088
5,7,veto,23,False,8.179992437362671e-05
5,7,veto,24,False,8.41999426484108e-05
5,7,veto,25,False,0.00017559994012117386
5,7,veto,26,False,0.00010689999908208847
5,7,veto,27,True,0.00013770000077784061
5,7,veto,28,False,0.00017199991270899773
5,7,veto,29,False,8.25000461190939e-05
5,7,veto,30,True,0.0002882999833673239
5,7,veto,31,True,0.0001408001407980919
5,7,veto,32,False,7.459986954927444e-05
5,7,veto,33,False,8.310005068778992e-05
5,7,veto,34,False,0.00010879989713430405
5,7,veto,35,False,8.350005373358727e-05
5,7,veto,36,False,0.00010649999603629112
5,7,veto,37,False,0.00019269995391368866
5,7,veto,38,False,0.00023509981110692024
5,7,veto,39,False,8.619995787739754e-05
5,7,veto,40,False,7.559987716376781e-05
5,7,veto,41,False,7.830001413822174e-05
5,7,veto,42,False,8.240016177296638e-05
5,7,veto,43,False,9.50999092310667e-05
5,7,veto,44,False,0.00019200006499886513
5,7,veto,45,False,8.189980871975422e-05
5,7,veto,46,False,0.00010600010864436626
5,7,veto,47,True,0.0002383999526500702
5,7,veto,48,False,0.00019080005586147308
5,7,veto,49,False,7.760012522339821e-05
5,7,borda,0,False,8.019991219043732e-05
5,7,borda,1,False,8.779997006058693e-05
5,7,borda,2,False,8.190004155039787e-05
5,7,borda,3,False,9.149988181889057e-05
5,7,borda,4,False,0.0002258999738842249
5,7,borda,5,False,9.770016185939312e-05
5,7,borda,6,False,0.0001955998595803976
5,7,borda,7,True,0.00016380008310079575
5,7,borda,8,False,7.499987259507179e-05
5,7,borda,9,False,0.0002117999829351902
5,7,borda,10,False,8.17000400274992e-05
5,7,borda,11,False,8.17000400274992e-05
5,7,borda,12,False,0.00010730000212788582
5,7,borda,13,False,8.210004307329655e-05
5,7,borda,14,False,7.899990305304527e-05
5,7,borda,15,False,0.00021389988251030445
5,7,borda,16,False,7.220008410513401e-05
5,7,borda,17,False,8.459994569420815e-05
5,7,borda,18,False,8.00001434981823e-05
5,7,borda,19,False,7.820012979209423e-05
5,7,borda,20,False,9.520002640783787e-05
5,7,borda,21,False,0.00011779996566474438
5,7,borda,22,False,0.00016369996592402458
5,7,borda,23,False,0.0001759000588208437
5,7,borda,24,False,7.979990914463997e-05
5,7,borda,25,False,0.00010940013453364372
5,7,borda,26,False,9.069987572729588e-05
5,7,borda,27,True,0.00018390011973679066
5,7,borda,28,False,0.00017959997057914734
5,7,borda,29,False,8.270004764199257e-05
5,7,borda,30,True,0.00017870008014142513
5,7,borda,31,True,0.00013930001296103
5,7,borda,32,False,7.319985888898373e-05
5,7,borda,33,False,0.00011359993368387222
5,7,borda,34,False,9.240000508725643e-05
5,7,borda,35,False,0.0001050999853760004
5,7,borda,36,False,8.110003545880318e-05
5,7,borda,37,False,0.00021500000730156898
5,7,borda,38,True,0.00016019982285797596
5,7,borda,39,False,7.790001109242439e-05
5,7,borda,40,False,7.680011913180351e-05
5,7,borda,41,False,9.190011769533157e-05
5,7,borda,42,False,6.969994865357876e-05
5,7,borda,43,False,7.609999738633633e-05
5,7,borda,44,False,0.00019429996609687805
5,7,borda,45,False,0.00014219991862773895
5,7,borda,46,False,8.059991523623466e-05
5,7,borda,47,True,0.0001346999779343605
5,7,borda,48,False,0.00021929992362856865
5,7,borda,49,False,0.00010309997014701366
6,2,plurality,0,False,0.0001596000511199236
6,2,plurality,1,False,0.0001829001121222973
6,2,plurality,2,False,0.00015909993089735508
6,2,plurality,3,False,6.809993647038937e-05
6,2,plurality,4,False,0.0003100000321865082
6,2,plurality,5,False,9.429990313947201e-05
6,2,plurality,6,True,0.00011650007218122482
6,2,plurality,7,True,0.00011599995195865631
6,2,plurality,8,False,0.00013820012100040913
6,2,plurality,9,False,6.940006278455257e-05
6,2,plurality,10,True,0.0001200998667627573
6,2,plurality,11,False,7.199984975159168e-05
6,2,plurality,12,True,0.00011330004781484604
6,2,plurality,13,False,0.00017150002531707287
6,2,plurality,14,False,0.00016830000095069408
6,2,plurality,15,True,0.0001134001649916172
6,2,plurality,16,False,8.019991219043732e-05
6,2,plurality,17,True,0.00017290003597736359
6,2,plurality,18,False,7.520010694861412e-05
6,2,plurality,19,False,0.00016469997353851795
6,2,plurality,20,True,0.00013640010729432106
6,2,plurality,21,True,0.0001322000753134489
6,2,plurality,22,False,0.00011979998089373112
6,2,plurality,23,True,0.00019990000873804092
6,2,plurality,24,False,0.00011230004020035267
6,2,plurality,25,False,9.189988486468792e-05
6,2,plurality,26,True,0.0002707000821828842
6,2,plurality,27,False,0.00016820011660456657
6,2,plurality,28,True,0.0001952000893652439
6,2,plurality,29,False,0.0003581000491976738
6,2,plurality,30,False,7.469998672604561e-05
6,2,plurality,31,False,7.619988173246384e-05
6,2,plurality,32,False,0.00010079983621835709
6,2,plurality,33,True,0.00011559994891285896
6,2,plurality,34,False,0.00012400001287460327
6,2,plurality,35,False,0.00022609997540712357
6,2,plurality,36,False,7.309997454285622e-05
6,2,plurality,37,False,7.449998520314693e-05
6,2,plurality,38,False,7.950002327561378e-05
6,2,plurality,39,False,0.00018209987320005894
6,2,plurality,40,False,0.00020250002853572369
6,2,plurality,41,True,0.0001238000113517046
6,2,plurality,42,False,7.359986193478107e-05
6,2,plurality,43,False,0.00015660002827644348
6,2,plurality,44,False,6.689992733299732e-05
6,2,plurality,45,False,0.0001504998654127121
6,2,plurality,46,False,6.870017386972904e-05
6,2,plurality,47,False,6.79998192936182e-05
6,2,plurality,48,True,0.00012949993833899498
6,2,plurality,49,False,7.119984365999699e-05
6,2,2-approval,0,True,0.00017030001617968082
6,2,2-approval,1,True,0.00011390005238354206
6,2,2-approval,2,False,0.00015699979849159718
6,2,2-approval,3,False,0.00010629999451339245
6,2,2-approval,4,False,0.0001656000968068838
6,2,2-approval,5,False,9.739981032907963e-05
6,2,2-approval,6,False,0.00018500001169741154
6,2,2-approval,7,True,0.0001034000888466835
6,2,2-approval,8,False,6.569991819560528e-05
6,2,2-approval,9,False,7.690000347793102e-05
6,2,2-approval,10,True,0.0001088001299649477
6,2,2-approval,11,False,6.260001100599766e-05
6,2,2-approval,12,True,0.00011190003715455532
6,2,2-approval,13,False,0.00015230011194944382
6,2,2-approval,14,False,0.00018530013039708138
6,2,2-approval,15,True,0.00011120014823973179
6,2,2-approval,16,False,7.109995931386948e-05
6,2,2-approval,17,True,0.00012079998850822449
6,2,2-approval,18,False,6.609992124140263e-05
6,2,2-approval,19,False,0.00016860011965036392
6,2,2-approval,20,True,0.00019959989003837109
6,2,2-approval,21,False,0.00017069978639483452
6,2,2-approval,22,False,6.619980558753014e-05
6,2,2-approval,23,True,0.00010819989256560802
6,2,2-approval,24,False,6.370013579726219e-05
6,2,2-approval,25,False,7.220008410513401e-05
6,2,2-approval,26,True,0.00020759995095431805
6,2,2-approval,27,False,6.250012665987015e-05
6,2,2-approval,28,False,0.00015760003589093685
6,2,2-approval,29,False,0.00019499985501170158
6,2,2-approval,30,False,7.699988782405853e-05
6,2,2-approval,31,False,0.00011850008741021156
6,2,2-approval,32,False,6.749993190169334e-05
6,2,2-approval,33,True,0.00022769998759031296
6,2,2-approval,34,False,7.930002175271511e-05
6,2,2-approval,35,False,0.00028849998489022255
6,2,2-approval,36,False,6.880005821585655e-05
6,2,2-approval,37,False,6.54000323265791e-05
6,2,2-approval,38,False,7.260008715093136e-05
6,2,2-approval,39,False,0.00016149994917213917
6,2,2-approval,40,True,0.00010060006752610207
6,2,2-approval,41,True,0.0001892999280244112
6,2,2-approval,42,False,0.0001004999503493309
6,2,2-approval,43,True,0.00011899997480213642
6,2,2-approval,44,False,8.150003850460052e-05
6,2,2-approval,45,False,0.00017819995991885662
6,2,2-approval,46,False,8.9599983766675e-05
6,2,2-approval,47,False,8.300016634166241e-05
6,2,2-approval,48,True,0.00013919989578425884
6,2,2-approval,49,False,0.00014480017125606537
6,2,veto,0,True,0.0002022001426666975
6,2,veto,1,False,0.00021700002253055573
6,2,veto,2,False,0.00018109986558556557
6,2,veto,3,False,6.470014341175556e-05
6,2,veto,4,False,0.0001651998609304428
6,2,veto,5,False,6.490014493465424e-05
6,2,veto,6,False,0.00017899996601045132
6,2,veto,7,True,0.00014810007996857166
6,2,veto,8,False,6.229989230632782e-05
6,2,veto,9,False,7.560010999441147e-05
6,2,veto,10,True,0.00014239992015063763
6,2,veto,11,False,6.800005212426186e-05
6,2,veto,12,True,0.00020839995704591274
6,2,veto,13,False,0.0001754998229444027
6,2,veto,14,False,0.0001789000816643238
6,2,veto,15,True,0.00010240008123219013
6,2,veto,16,False,6.650015711784363e-05
6,2,veto,17,False,0.00014999997802078724
6,2,veto,18,False,6.7099928855896e-05
6,2,veto,19,False,0.00018199998885393143
6,2,veto,20,True,0.00013020006008446217
6,2,veto,21,True,0.00012569990940392017
6,2,veto,22,False,6.660004146397114e-05
6,2,veto,23,False,0.0001917998306453228
6,2,veto,24,False,7.820012979209423e-05
6,2,veto,25,False,0.00012059998698532581
6,2,veto,26,True,0.00019040005281567574
6,2,veto,27,False,6.620003841817379e-05
6,2,veto,28,True,0.00020319991745054722
6,2,veto,29,False,0.00018179998733103275
6,2,veto,30,False,7.860013283789158e-05
6,2,veto,31,False,7.690000347793102e-05
6,2,veto,32,False,7.16999638825655e-05
6,2,veto,33,True,0.00019080005586147308
6,2,veto,34,False,7.769977673888206e-05
6,2,veto,35,True,0.00012280000373721123
6,2,veto,36,False,9.370013140141964e-05
6,2,veto,37,False,7.650000043213367e-05
6,2,veto,38,False,0.0001370999962091446
6,2,veto,39,False,0.00015119998715817928
6,2,veto,40,True,0.00010659988038241863
6,2,veto,41,True,0.00011850008741021156
6,2,veto,42,False,6.309989839792252e-05
6,2,veto,43,False,0.0002050998155027628
6,2,veto,44,False,7.08999577909708e-05
6,2,veto,45,True,0.00013289996422827244
6,2,veto,46,False,6.980006583034992e-05
6,2,veto,47,False,0.00010469998233020306
6,2,veto,48,True,0.00013619987294077873
6,2,veto,49,False,6.610015407204628e-05
6,2,borda,0,True,0.0003132999408990145
6,2,borda,1,True,0.00015159999020397663
6,2,borda,2,False,0.0001767999492585659
6,2,borda,3,False,6.889994256198406e-05
6,2,borda,4,False,0.0002460000105202198
6,2,borda,5,False,7.850001566112041e-05
6,2,borda,6,True,0.00014579994603991508
6,2,borda,7,True,0.00010950001887977123
6,2,borda,8,False,0.00010189996100962162
6,2,borda,9,False,6.759981624782085e-05
6,2,borda,10,True,0.0001330999657511711
6,2,borda,11,False,9.310012683272362e-05
6,2,borda,12,True,0.0001729999203234911
6,2,borda,13,False,0.00017259991727769375
6,2,borda,14,False,0.0002150998916476965
6,2,borda,15,True,0.00012079998850822449
6,2,borda,16,False,6.029987707734108e-05
6,2,borda,17,True,0.000143800163641572
6,2,borda,18,False,6.660004146397114e-05
6,2,borda,19,True,0.00014480017125606537
6,2,borda,20,True,0.00015119998715817928
6,2,borda,21,True,0.0001295998226851225
6,2,borda,22,False,8.619995787739754e-05
6,2,borda,23,True,0.00012129987590014935
6,2,borda,24,False,6.449990905821323e-05
6,2,borda,25,False,9.069987572729588e-05
6,2,borda,26,True,0.0001243001315742731
6,2,borda,27,False,8.010002784430981e-05
6,2,borda,28,True,0.00011710007674992085
6,2,borda,29,True,0.00013340008445084095
6,2,borda,30,False,6.329989992082119e-05
6,2,borda,31,False,6.469991058111191e-05
6,2,borda,32,False,6.13001175224781e-05
6,2,borda,33,True,0.0001268000341951847
6,2,borda,34,False,6.580003537237644e-05
6,2,borda,35,True,0.00012420001439750195
6,2,borda,36,False,7.090019062161446e-05
6,2,borda,37,False,6.469991058111191e-05
6,2,borda,38,False,0.00010079983621835709
6,2,borda,39,False,0.00017539993859827518
6,2,borda,40,True,0.00018400000408291817
6,2,borda,41,True,0.0002033999189734459
6,2,borda,42,False,6.740004755556583e-05
6,2,borda,43,True,0.00013040006160736084
6,2,borda,44,False,6.269989535212517e-05
6,2,borda,45,False,0.00015820004045963287
6,2,borda,46,False,6.41997903585434e-05
6,2,borda,47,False,0.00010080006904900074
6,2,borda,48,True,0.00013700011186301708
6,2,borda,49,False,6.329989992082119e-05
6,3,plurality,0,False,7.079984061419964e-05
6,3,plurality,1,False,0.00015400000847876072
6,3,plurality,2,False,7.069995626807213e-05
6,3,plurality,3,True,0.00010940013453364372
6,3,plurality,4,True,0.00014819996431469917
6,3,plurality,5,True,0.00011339993216097355
6,3,plurality,6,False,0.00019890000112354755
6,3,plurality,7,False,7.289997301995754e-05
6,3,plurality,8,False,0.00015879981219768524
6,3,plurality,9,True,0.0001050001010298729
6,3,plurality,10,False,6.860005669295788e-05
6,3,plurality,11,False,0.00019370019435882568
6,3,plurality,12,False,7.54999928176403e-05
6,3,plurality,13,False,0.0002608001232147217
6,3,plurality,14,True,0.0002055999357253313
6,3,plurality,15,False,7.260008715093136e-05
6,3,plurality,16,True,0.0001355998683720827
6,3,plurality,17,False,7.00999516993761e-05
6,3,plurality,18,False,7.340009324252605e-05
6,3,plurality,19,True,0.00010790000669658184
6,3,plurality,20,False,0.00010760012082755566
6,3,plurality,21,True,0.000264899805188179
6,3,plurality,22,True,0.00011100014671683311
6,3,plurality,23,True,0.00017620017752051353
6,3,plurality,24,False,6.980006583034992e-05
6,3,plurality,25,False,6.939982995390892e-05
6,3,plurality,26,False,0.0001762998290359974
6,3,plurality,27,True,0.00013940013013780117
6,3,plurality,28,True,0.00014730007387697697
6,3,plurality,29,True,0.0001792998518794775
6,3,plurality,30,False,9.549991227686405e-05
6,3,plurality,31,False,0.00015829992480576038
6,3,plurality,32,True,0.00021549989469349384
6,3,plurality,33,True,0.00011579995043575764
6,3,plurality,34,False,0.0001729999203234911
6,3,plurality,35,False,7.420009933412075e-05
6,3,plurality,36,False,0.00014100014232099056
6,3,plurality,37,False,8.190004155039787e-05
6,3,plurality,38,True,0.0001314000692218542
6,3,plurality,39,False,7.729977369308472e-05
6,3,plurality,40,True,0.00011530006304383278
6,3,plurality,41,True,0.00011410005390644073
6,3,plurality,42,False,0.00016629998572170734
6,3,plurality,43,False,7.770000956952572e-05
6,3,plurality,44,False,7.040007039904594e-05
6,3,plurality,45,False,7.079984061419964e-05
6,3,plurality,46,True,0.00011530006304383278
6,3,plurality,47,True,0.0001137999352067709
6,3,plurality,48,False,6.949994713068008e-05
6,3,plurality,49,False,7.13001936674118e-05
6,3,2-approval,0,False,7.400009781122208e-05
6,3,2-approval,1,False,0.00034019979648292065
6,3,2-approval,2,False,7.260008715093136e-05
6,3,2-approval,3,True,0.00021620001643896103
6,3,2-approval,4,True,0.0001238000113517046
6,3,2-approval,5,True,0.00011339993216097355
6,3,2-approval,6,False,0.00019609997980296612
6,3,2-approval,7,False,7.220008410513401e-05
6,3,2-approval,8,False,0.00015489989891648293
6,3,2-approval,9,True,0.00011280016042292118
6,3,2-approval,10,False,7.240008562803268e-05
6,3,2-approval,11,False,0.00017319992184638977
6,3,2-approval,12,False,9.849993512034416e-05
6,3,2-approval,13,True,0.00021919980645179749
6,3,2-approval,14,True,0.00014439993537962437
6,3,2-approval,15,False,7.600011304020882e-05
6,3,2-approval,16,True,0.00011480017565190792
6,3,2-approval,17,False,0.00029319990426301956
6,3,2-approval,18,False,7.700012065470219e-05
6,3,2-approval,19,False,0.00019449996761977673
6,3,2-approval,20,False,7.970002479851246e-05
6,3,2-approval,21,True,0.0001604000572115183
6,3,2-approval,22,True,0.00012440001592040062
6,3,2-approval,23,False,0.000206800177693367
6,3,2-approval,24,False,0.00014570006169378757
6,3,2-approval,25,False,7.340009324252605e-05
6,3,2-approval,26,False,0.00018019997514784336
6,3,2-approval,27,True,0.00011639995500445366
6,3,2-approval,28,False,0.0001992001198232174
6,3,2-approval,29,True,0.00013740011490881443
6,3,2-approval,30,False,7.110019214451313e-05
6,3,2-approval,31,False,0.0001737999264150858
6,3,2-approval,32,True,0.00011039990931749344
6,3,2-approval,33,True,0.00012269988656044006
6,3,2-approval,34,False,0.00018830015324056149
6,3,2-approval,35,False,0.00012909993529319763
6,3,2-approval,36,False,0.00019859988242387772
6,3,2-approval,37,False,6.999983452260494e-05
6,3,2-approval,38,True,0.00011000013910233974
6,3,2-approval,39,False,0.00011250004172325134
6,3,2-approval,40,True,0.00013489997945725918
6,3,2-approval,41,False,0.0001642000861465931
6,3,2-approval,42,False,0.00016400008462369442
6,3,2-approval,43,False,7.189996540546417e-05
6,3,2-approval,44,False,7.899990305304527e-05
6,3,2-approval,45,False,0.00010000006295740604
6,3,2-approval,46,True,0.00015239999629557133
6,3,2-approval,47,False,0.00017990008927881718
6,3,2-approval,48,False,6.679981015622616e-05
6,3,2-approval,49,False,6.649992428719997e-05
6,3,veto,0,False,9.749992750585079e-05
6,3,veto,1,False,0.00017570005729794502
6,3,veto,2,False,7.150019519031048e-05
6,3,veto,3,True,0.0004700000863522291
6,3,veto,4,True,0.00027199997566640377
6,3,veto,5,True,0.00015329988673329353
6,3,veto,6,False,0.00019820011220872402
6,3,veto,7,False,6.989995017647743e-05
6,3,veto,8,False,0.00020239991135895252
6,3,veto,9,False,0.0003355999942868948
6,3,veto,10,False,0.00011349981650710106
6,3,veto,11,False,0.00033050007186830044
6,3,veto,12,False,7.279985584318638e-05
6,3,veto,13,False,0.0001637998502701521
6,3,veto,14,True,0.00015210011042654514
6,3,veto,15,False,7.029995322227478e-05
6,3,veto,16,True,0.00011309981346130371
6,3,veto,17,False,9.320001117885113e-05
6,3,veto,18,False,6.980006583034992e-05
6,3,veto,19,False,0.00032180012203752995
6,3,veto,20,False,0.00011499994434416294
6,3,veto,21,False,0.0001770998351275921
6,3,veto,22,True,0.00013620010577142239
6,3,veto,23,False,0.0003253000322729349
6,3,veto,24,False,7.24999699741602e-05
6,3,veto,25,False,9.549991227686405e-05
6,3,veto,26,False,0.00017799995839595795
6,3,veto,27,False,0.00021039997227489948
6,3,veto,28,True,0.0001346999779343605
6,3,veto,29,True,0.00019329995848238468
6,3,veto,30,False,9.949994273483753e-05
6,3,veto,31,True,0.00011100014671683311
6,3,veto,32,True,0.00011829985305666924
6,3,veto,33,False,0.0002000001259148121
6,3,veto,34,False,0.00017559994012117386
6,3,veto,35,False,6.859982386231422e-05
6,3,veto,36,False,0.00017830007709562778
6,3,veto,37,False,0.00012770015746355057
6,3,veto,38,True,0.0001813000999391079
6,3,veto,39,False,7.529999129474163e-05
6,3,veto,40,True,0.00012170011177659035
6,3,veto,41,True,0.00021760002709925175
6,3,veto,42,False,0.00031049991957843304
6,3,veto,43,False,0.00012149987742304802
6,3,veto,44,False,8.610007353127003e-05
6,3,veto,45,False,7.100007496774197e-05
6,3,veto,46,True,0.00013429997488856316
6,3,veto,47,False,0.0002522999420762062
6,3,veto,48,False,7.479987107217312e-05
6,3,veto,49,False,6.810016930103302e-05
6,3,borda,0,False,0.00012329989112913609
6,3,borda,1,False,0.0001829001121222973
6,3,borda,2,False,6.510014645755291e-05
6,3,borda,3,True,0.00012969993986189365
6,3,borda,4,True,0.0002022001426666975
6,3,borda,5,True,0.0001433000434190035
6,3,borda,6,True,0.00017330003902316093
6,3,borda,7,False,7.00000673532486e-05
6,3,borda,8,False,0.00036700000055134296
6,3,borda,9,True,0.00011560018174350262
6,3,borda,10,False,8.219992741942406e-05
6,3,borda,11,False,0.00024489988572895527
6,3,borda,12,False,6.260001100599766e-05
6,3,borda,13,False,0.00018500001169741154
6,3,borda,14,True,0.00014779996126890182
6,3,borda,15,False,7.00999516993761e-05
6,3,borda,16,True,0.00015620002523064613
6,3,borda,17,False,9.760004468262196e-05
6,3,borda,18,False,0.000112100038677454
6,3,borda,19,True,0.00011950009502470493
6,3,borda,20,False,6.340001709759235e-05
6,3,borda,21,True,0.00011859997175633907
6,3,borda,22,True,0.00012600002810359
6,3,borda,23,True,0.00019349996000528336
6,3,borda,24,False,9.959982708096504e-05
6,3,borda,25,False,7.109995931386948e-05
6,3,borda,26,False,0.00017530005425214767
6,3,borda,27,True,0.00020039989612996578
6,3,borda,28,True,0.00014819996431469917
6,3,borda,29,True,0.00015109986998140812
6,3,borda,30,False,0.00012270011939108372
6,3,borda,31,True,0.00012369989417493343
6,3,borda,32,True,0.0001781000755727291
6,3,borda,33,True,0.0001783999614417553
6,3,borda,34,False,0.00017079990357160568
6,3,borda,35,False,7.139984518289566e-05
6,3,borda,36,False,0.00018239999189972878
6,3,borda,37,False,0.00016460008919239044
6,3,borda,38,True,0.00016600009985268116
6,3,borda,39,False,0.0001137999352067709
6,3,borda,40,True,0.0002060001716017723
6,3,borda,41,True,0.00022360007278621197
6,3,borda,42,True,0.00025739986449480057
6,3,borda,43,False,0.0001050999853760004
6,3,borda,44,False,7.440010085701942e-05
6,3,borda,45,False,9.25001222640276e-05
6,3,borda,46,True,0.0001501999795436859
6,3,borda,47,True,0.00022609997540712357
6,3,borda,48,False,6.800005212426186e-05
6,3,borda,49,False,9.159999899566174e-05
6,4,plurality,0,False,0.00011669984087347984
6,4,plurality,1,False,0.00010820012539625168
6,4,plurality,2,False,0.00023790006525814533
6,4,plurality,3,False,7.600011304020882e-05
6,4,plurality,4,False,0.0001417999155819416
6,4,plurality,5,False,0.0002657999284565449
6,4,plurality,6,False,0.0001425000373274088
6,4,plurality,7,True,0.00012649991549551487
6,4,plurality,8,False,7.930002175271511e-05
6,4,plurality,9,False,7.6299998909235e-05
6,4,plurality,10,False,7.660011760890484e-05
6,4,plurality,11,True,0.0001433000434190035
6,4,plurality,12,False,0.00010559987276792526
6,4,plurality,13,False,7.700012065470219e-05
6,4,plurality,14,True,0.00011330004781484604
6,4,plurality,15,False,7.409998215734959e-05
6,4,plurality,16,True,0.0001330999657511711
6,4,plurality,17,True,0.00017239991575479507
6,4,plurality,18,False,0.0001324999611824751
6,4,plurality,19,False,7.699988782405853e-05
6,4,plurality,20,False,7.379986345767975e-05
6,4,plurality,21,True,0.0001368001103401184
6,4,plurality,22,False,0.00023230002261698246
6,4,plurality,23,False,0.00011890009045600891
6,4,plurality,24,False,0.0001026000827550888
6,4,plurality,25,False,0.00013230019249022007
6,4,plurality,26,False,8.159992285072803e-05
6,4,plurality,27,False,8.859997615218163e-05
6,4,plurality,28,False,0.00017439993098378181
6,4,plurality,29,False,0.00017530005425214767
6,4,plurality,30,False,7.790001109242439e-05
6,4,plurality,31,False,0.00010130018927156925
6,4,plurality,32,False,9.510014206171036e-05
6,4,plurality,33,False,0.00011959997937083244
6,4,plurality,34,False,0.0001697998959571123
6,4,plurality,35,True,0.00011819996871054173
6,4,plurality,36,True,0.00019839988090097904
6,4,plurality,37,True,0.00018900004215538502
6,4,plurality,38,False,0.00017119990661740303
6,4,plurality,39,False,8.050003089010715e-05
6,4,plurality,40,False,8.030002936720848e-05
6,4,plurality,41,True,0.00016529997810721397
6,4,plurality,42,False,0.00016369996592402458
6,4,plurality,43,False,7.779989391565323e-05
6,4,plurality,44,False,0.00020340015180408955
6,4,plurality,45,False,0.00018360000103712082
6,4,plurality,46,False,7.609999738633633e-05
6,4,plurality,47,False,0.00012139999307692051
6,4,plurality,48,False,7.750000804662704e-05
6,4,plurality,49,False,7.41998665034771e-05
6,4,2-approval,0,False,7.46001023799181e-05
6,4,2-approval,1,False,8.79000872373581e-05
6,4,2-approval,2,True,0.0004585999995470047
6,4,2-approval,3,False,7.910002022981644e-05
6,4,2-approval,4,False,0.0001237001270055771
6,4,2-approval,5,False,0.00022449996322393417
6,4,2-approval,6,False,7.569999434053898e-05
6,4,2-approval,7,True,0.00011639995500445366
6,4,2-approval,8,False,7.429998368024826e-05
6,4,2-approval,9,False,0.00015660002827644348
6,4,2-approval,10,False,9.730015881359577e-05
6,4,2-approval,11,True,0.00012609991244971752
6,4,2-approval,12,False,7.930002175271511e-05
6,4,2-approval,13,False,7.569999434053898e-05
6,4,2-approval,14,True,0.00014230003580451012
6,4,2-approval,15,False,7.730000652372837e-05
6,4,2-approval,16,True,0.00023099989630281925
6,4,2-approval,17,False,0.0001645998563617468
6,4,2-approval,18,False,8.079991675913334e-05
6,4,2-approval,19,False,9.139999747276306e-05
6,4,2-approval,20,False,8.370005525648594e-05
6,4,2-approval,21,True,0.00013930001296103
6,4,2-approval,22,False,0.0001721000298857689
6,4,2-approval,23,False,9.949994273483753e-05
6,4,2-approval,24,False,0.00011030002497136593
6,4,2-approval,25,False,8.010002784430981e-05
6,4,2-approval,26,False,8.79999715834856e-05
6,4,2-approval,27,False,9.159999899566174e-05
6,4,2-approval,28,False,0.00018739979714155197
6,4,2-approval,29,False,0.00033320020884275436
6,4,2-approval,30,False,0.00010600010864436626
6,4,2-approval,31,False,7.700012065470219e-05
6,4,2-approval,32,False,0.00011830008588731289
6,4,2-approval,33,False,8.239992894232273e-05
6,4,2-approval,34,False,0.00025589996948838234
6,4,2-approval,35,False,0.0002482999116182327
6,4,2-approval,36,True,0.0001512998715043068
6,4,2-approval,37,True,0.00012860004790127277
6,4,2-approval,38,False,7.700012065470219e-05
6,4,2-approval,39,False,0.00012429989874362946
6,4,2-approval,40,False,7.499987259507179e-05
6,4,2-approval,41,False,0.00015539978630840778
6,4,2-approval,42,True,0.00013349996879696846
6,4,2-approval,43,False,9.860005229711533e-05
6,4,2-approval,44,True,0.0001697000116109848
6,4,2-approval,45,True,0.00012189988046884537
6,4,2-approval,46,False,0.00011889985762536526
6,4,2-approval,47,False,7.440010085701942e-05
6,4,2-approval,48,False,7.860013283789158e-05
6,4,2-approval,49,False,7.500010542571545e-05
6,4,veto,0,False,7.600011304020882e-05
6,4,veto,1,False,7.679988630115986e-05
6,4,veto,2,False,0.00019180006347596645
6,4,veto,3,False,8.38001724332571e-05
6,4,veto,4,False,0.00010689999908208847
6,4,veto,5,True,0.00015980005264282227
6,4,veto,6,False,8.399994112551212e-05
6,4,veto,7,False,0.0002486999146640301
6,4,veto,8,False,9.370013140141964e-05
6,4,veto,9,False,7.890001870691776e-05
6,4,veto,10,False,9.360001422464848e-05
6,4,veto,11,False,0.00017559994012117386
6,4,veto,12,False,7.599988020956516e-05
6,4,veto,13,False,9.34000127017498e-05
6,4,veto,14,True,0.00012390012852847576
6,4,veto,15,False,0.00013289996422827244
6,4,veto,16,True,0.00011819996871054173
6,4,veto,17,True,0.0002508999314159155
6,4,veto,18,False,7.640011608600616e-05
6,4,veto,19,False,7.420009933412075e-05
6,4,veto,20,False,7.79998954385519e-05
6,4,veto,21,False,0.0002997999545186758
6,4,veto,22,False,0.0001781000755727291
6,4,veto,23,False,0.00012780004180967808
6,4,veto,24,False,7.54999928176403e-05
6,4,veto,25,False,7.790001109242439e-05
6,4,veto,26,False,7.790001109242439e-05
6,4,veto,27,False,7.880013436079025e-05
6,4,veto,28,True,0.00022819987498223782
6,4,veto,29,True,0.0001284000463783741
6,4,veto,30,False,8.010002784430981e-05
6,4,veto,31,False,7.00000673532486e-05
6,4,veto,32,False,7.229996845126152e-05
6,4,veto,33,False,9.370013140141964e-05
6,4,veto,34,False,0.00019029993563890457
6,4,veto,35,True,0.00015709991566836834
6,4,veto,36,False,0.00017279991880059242
6,4,veto,37,False,0.0002516000531613827
6,4,veto,38,False,8.299993351101875e-05
6,4,veto,39,False,7.890001870691776e-05
6,4,veto,40,False,8.310005068778992e-05
6,4,veto,41,False,0.00017290003597736359
6,4,veto,42,False,0.00017159990966320038
6,4,veto,43,False,0.00011539994738996029
6,4,veto,44,False,0.00031450018286705017
6,4,veto,45,True,0.00015750015154480934
6,4,veto,46,False,8.519995026290417e-05
6,4,veto,47,False,0.00010910001583397388
6,4,veto,48,False,7.439986802637577e-05
6,4,veto,49,False,7.770000956952572e-05
6,4,borda,0,False,9.470013901591301e-05
6,4,borda,1,False,0.00013480009511113167
6,4,borda,2,True,0.00012949993833899498
6,4,borda,3,False,7.399986498057842e-05
6,4,borda,4,False,8.800020441412926e-05
6,4,borda,5,True,0.00014819996431469917
6,4,borda,6,False,0.00010000006295740604
6,4,borda,7,True,0.00012940005399286747
6,4,borda,8,False,0.00013810000382363796
6,4,borda,9,False,8.949986658990383e-05
6,4,borda,10,False,7.309997454285622e-05
6,4,borda,11,True,0.00020510004833340645
6,4,borda,12,False,7.730000652372837e-05
6,4,borda,13,False,0.0001191999763250351
6,4,borda,14,True,0.00013999990187585354
6,4,borda,15,False,8.119991980493069e-05
6,4,borda,16,True,0.00012989994138479233
6,4,borda,17,False,0.00022280006669461727
6,4,borda,18,False,7.200008258223534e-05
6,4,borda,19,False,0.00010160007514059544
6,4,borda,20,False,7.149996235966682e-05
6,4,borda,21,True,0.0002530000638216734
6,4,borda,22,False,0.0001968001015484333
6,4,borda,23,False,9.019998833537102e-05
6,4,borda,24,False,7.140007801353931e-05
6,4,borda,25,False,0.0001509999856352806
6,4,borda,26,False,0.00019160006195306778
6,4,borda,27,False,0.00016449997201561928
6,4,borda,28,False,0.00027549988590180874
6,4,borda,29,True,0.000341000035405159
6,4,borda,30,False,7.979990914463997e-05
6,4,borda,31,False,8.670007809996605e-05
6,4,borda,32,False,7.87999015301466e-05
6,4,borda,33,False,0.0001656000968068838
6,4,borda,34,True,0.00021920003928244114
6,4,borda,35,True,0.00014150002971291542
6,4,borda,36,True,0.00019919988699257374
6,4,borda,37,True,0.00011889985762536526
6,4,borda,38,False,7.529999129474163e-05
6,4,borda,39,False,0.00010549998842179775
6,4,borda,40,False,7.349997758865356e-05
6,4,borda,41,True,0.00016740011051297188
6,4,borda,42,True,0.00013800011947751045
6,4,borda,43,False,7.180008105933666e-05
6,4,borda,44,True,0.00033820001408457756
6,4,borda,45,True,0.0001308000646531582
6,4,borda,46,False,0.00010449998080730438
6,4,borda,47,False,7.730000652372837e-05
6,4,borda,48,False,0.00011350004933774471
6,4,borda,49,False,8.229981176555157e-05
6,5,plurality,0,False,8.910009637475014e-05
6,5,plurality,1,False,0.00018070009537041187
6,5,plurality,2,False,8.279993198812008e-05
6,5,plurality,3,False,0.00010100007057189941
6,5,plurality,4,True,0.00011650007218122482
6,5,plurality,5,False,0.00016389996744692326
6,5,plurality,6,False,0.00018620002083480358
6,5,plurality,7,False,8.759996853768826e-05
6,5,plurality,8,False,8.010002784430981e-05
6,5,plurality,9,True,0.00011099991388618946
6,5,plurality,10,False,8.429982699453831e-05
6,5,plurality,11,False,7.640011608600616e-05
6,5,plurality,12,False,0.0002733999863266945
6,5,plurality,13,False,7.680011913180351e-05
6,5,plurality,14,False,7.600011304020882e-05
6,5,plurality,15,False,8.200015872716904e-05
6,5,plurality,16,False,0.00020400015637278557
6,5,plurality,17,False,8.399994112551212e-05
6,5,plurality,18,True,0.00012619979679584503
6,5,plurality,19,False,8.300016634166241e-05
6,5,plurality,20,True,0.00013229995965957642
6,5,plurality,21,False,0.00020409980788826942
6,5,plurality,22,False,0.0001846998929977417
6,5,plurality,23,False,7.870001718401909e-05
6,5,plurality,24,False,0.00022529996931552887
6,5,plurality,25,False,7.71000050008297e-05
6,5,plurality,26,False,8.690007962286472e-05
6,5,plurality,27,False,0.00011910009197890759
6,5,plurality,28,False,8.709984831511974e-05
6,5,plurality,29,True,0.00012509990483522415
6,5,plurality,30,False,0.0003008998464792967
6,5,plurality,31,False,7.870001718401909e-05
6,5,plurality,32,True,0.00014699995517730713
6,5,plurality,33,False,0.00012860004790127277
6,5,plurality,34,False,7.979990914463997e-05
6,5,plurality,35,False,0.0001884999219328165
6,5,plurality,36,False,8.229981176555157e-05
6,5,plurality,37,False,9.680003859102726e-05
6,5,plurality,38,True,0.00012190011329948902
6,5,plurality,39,False,0.0001697000116109848
6,5,plurality,40,False,0.00018450012430548668
6,5,plurality,41,False,0.00012159999459981918
6,5,plurality,42,False,0.00036940001882612705
6,5,plurality,43,False,0.00021369988098740578
6,5,plurality,44,False,0.00017410004511475563
6,5,plurality,45,False,8.279993198812008e-05
6,5,plurality,46,True,0.00013020006008446217
6,5,plurality,47,True,0.00019749999046325684
6,5,plurality,48,False,7.790001109242439e-05
6,5,plurality,49,False,8.010002784430981e-05
6,5,2-approval,0,False,9.899982251226902e-05
6,5,2-approval,1,False,0.00018819980323314667
6,5,2-approval,2,False,8.490006439387798e-05
6,5,2-approval,3,False,0.00012889993377029896
6,5,2-approval,4,True,0.0001259001437574625
6,5,2-approval,5,False,0.00016069994308054447
6,5,2-approval,6,False,0.00020120013505220413
6,5,2-approval,7,False,8.130003698170185e-05
6,5,2-approval,8,False,0.00012400001287460327
6,5,2-approval,9,True,0.00016240007244050503
6,5,2-approval,10,False,8.479994721710682e-05
6,5,2-approval,11,False,0.00011490005999803543
6,5,2-approval,12,False,0.00022549997083842754
6,5,2-approval,13,False,8.770008571445942e-05
6,5,2-approval,14,False,9.480002336204052e-05
6,5,2-approval,15,False,8.060014806687832e-05
6,5,2-approval,16,False,0.00018949992954730988
6,5,2-approval,17,False,8.390005677938461e-05
6,5,2-approval,18,True,0.00013529998250305653
6,5,2-approval,19,False,8.299993351101875e-05
6,5,2-approval,20,True,0.00016169995069503784
6,5,2-approval,21,False,0.00018500001169741154
6,5,2-approval,22,False,0.0001610000617802143
6,5,2-approval,23,False,0.000107599887996912
6,5,2-approval,24,False,0.00018339999951422215
6,5,2-approval,25,False,7.780012674629688e-05
6,5,2-approval,26,False,8.41999426484108e-05
6,5,2-approval,27,False,0.00012240000069141388
6,5,2-approval,28,False,8.590007200837135e-05
6,5,2-approval,29,True,0.00012470013462007046
6,5,2-approval,30,False,0.000215600011870265
6,5,2-approval,31,False,8.619995787739754e-05
6,5,2-approval,32,False,0.00020870007574558258
6,5,2-approval,33,False,8.479994721710682e-05
6,5,2-approval,34,False,8.150003850460052e-05
6,5,2-approval,35,True,0.00017099990509450436
6,5,2-approval,36,False,7.520010694861412e-05
6,5,2-approval,37,False,7.999991066753864e-05
6,5,2-approval,38,False,0.00020620017312467098
6,5,2-approval,39,False,0.00010119983926415443
6,5,2-approval,40,False,0.00024690013378858566
6,5,2-approval,41,False,0.00015109986998140812
6,5,2-approval,42,False,0.00017899996601045132
6,5,2-approval,43,True,0.00015970016829669476
6,5,2-approval,44,True,0.00020190002396702766
6,5,2-approval,45,False,0.00015750015154480934
6,5,2-approval,46,True,0.00013340008445084095
6,5,2-approval,47,True,0.00017870008014142513
6,5,2-approval,48,False,0.00014849985018372536
6,5,2-approval,49,False,0.00013539986684918404
6,5,veto,0,False,9.190011769533157e-05
6,5,veto,1,False,0.00022160005755722523
6,5,veto,2,False,0.00018190010450780392
6,5,veto,3,False,8.479994721710682e-05
6,5,veto,4,False,0.0002088998444378376
6,5,veto,5,True,0.00017290003597736359
6,5,veto,6,False,0.00019480008631944656
6,5,veto,7,False,9.230012074112892e-05
6,5,veto,8,False,8.190004155039787e-05
6,5,veto,9,False,0.0002452998887747526
6,5,veto,10,False,8.079991675913334e-05
6,5,veto,11,False,0.00013439985923469067
6,5,veto,12,False,0.0001993998885154724
6,5,veto,13,False,0.00011819996871054173
6,5,veto,14,False,7.890001870691776e-05
6,5,veto,15,False,8.09000339359045e-05
6,5,veto,16,False,0.0001892000436782837
6,5,veto,17,False,9.629991836845875e-05
6,5,veto,18,True,0.00017899996601045132
6,5,veto,19,False,8.479994721710682e-05
6,5,veto,20,True,0.00026199989952147007
6,5,veto,21,False,0.0002720998600125313
6,5,veto,22,False,0.00017939996905624866
6,5,veto,23,False,0.00014490005560219288
6,5,veto,24,False,0.00041799992322921753
6,5,veto,25,False,0.00011199992150068283
6,5,veto,26,False,9.320001117885113e-05
6,5,veto,27,False,9.150011464953423e-05
6,5,veto,28,False,8.599995635449886e-05
6,5,veto,29,True,0.0002025999128818512
6,5,veto,30,False,0.0001984999980777502
6,5,veto,31,False,0.00013870000839233398
6,5,veto,32,True,0.00016360008157789707
6,5,veto,33,False,9.310012683272362e-05
6,5,veto,34,False,7.790001109242439e-05
6,5,veto,35,True,0.00017619994468986988
6,5,veto,36,False,9.470013901591301e-05
6,5,veto,37,False,7.970002479851246e-05
6,5,veto,38,True,0.00022289995104074478
6,5,veto,39,False,0.00011369981802999973
6,5,veto,40,False,0.00019749999046325684
6,5,veto,41,False,0.0001050999853760004
6,5,veto,42,False,0.00023179990239441395
6,5,veto,43,True,0.00012480001896619797
6,5,veto,44,True,0.00013589998707175255
6,5,veto,45,False,9.900005534291267e-05
6,5,veto,46,False,0.00019609997980296612
6,5,veto,47,True,0.0001417000312358141
6,5,veto,48,False,8.410005830228329e-05
6,5,veto,49,False,8.450006134808064e-05
6,5,borda,0,False,8.479994721710682e-05
6,5,borda,1,False,0.0002077000681310892
6,5,borda,2,False,8.749985136091709e-05
6,5,borda,3,False,7.33998604118824e-05
6,5,borda,4,True,0.00013260007835924625
6,5,borda,5,False,0.0001884999219328165
6,5,borda,6,False,0.00022370018996298313
6,5,borda,7,False,0.00010620011016726494
6,5,borda,8,False,7.87999015301466e-05
6,5,borda,9,True,0.00017150002531707287
6,5,borda,10,False,8.260016329586506e-05
6,5,borda,11,False,0.00014370004646480083
6,5,borda,12,False,0.0001914000604301691
6,5,borda,13,False,7.999991066753864e-05
6,5,borda,14,False,8.41999426484108e-05
6,5,borda,15,False,9.339977987110615e-05
6,5,borda,16,False,0.0002975000534206629
6,5,borda,17,False,8.269981481134892e-05
6,5,borda,18,False,0.00019160006195306778
6,5,borda,19,False,7.559987716376781e-05
6,5,borda,20,True,0.0001572000328451395
6,5,borda,21,True,0.00015199999324977398
6,5,borda,22,False,0.0004222998395562172
6,5,borda,23,False,7.659988477826118e-05
6,5,borda,24,False,0.0003078998997807503
6,5,borda,25,False,0.0001346999779343605
6,5,borda,26,False,0.00017090002074837685
6,5,borda,27,False,7.720012217760086e-05
6,5,borda,28,False,7.359986193478107e-05
6,5,borda,29,True,0.00014890008606016636
6,5,borda,30,False,0.0001900999341160059
6,5,borda,31,False,7.6299998909235e-05
6,5,borda,32,True,0.000147900078445673
6,5,borda,33,False,0.00012570014223456383
6,5,borda,34,False,8.41999426484108e-05
6,5,borda,35,True,0.00013360008597373962
6,5,borda,36,False,7.269997149705887e-05
6,5,borda,37,False,0.00014919997192919254
6,5,borda,38,False,0.00019869999960064888
6,5,borda,39,False,0.00011330004781484604
6,5,borda,40,False,0.00020530004985630512
6,5,borda,41,False,0.00019160006195306778
6,5,borda,42,True,0.00019880011677742004
6,5,borda,43,True,0.00013319985009729862
6,5,borda,44,True,0.0004656999371945858
6,5,borda,45,False,0.0001433000434190035
6,5,borda,46,False,0.00020659994333982468
6,5,borda,47,True,0.0001425000373274088
6,5,borda,48,False,0.00018820003606379032
6,5,borda,49,False,8.410005830228329e-05
6,6,plurality,0,False,8.789985440671444e-05
6,6,plurality,1,False,0.0001237001270055771
6,6,plurality,2,False,0.00012260000221431255
6,6,plurality,3,True,0.0001300000585615635
6,6,plurality,4,False,0.0002033999189734459
6,6,plurality,5,False,0.00016589998267591
6,6,plurality,6,True,0.00013649999164044857
6,6,plurality,7,False,8.439994417130947e-05
6,6,plurality,8,True,0.00016099982894957066
6,6,plurality,9,True,0.00012689991854131222
6,6,plurality,10,True,0.00015590013936161995
6,6,plurality,11,False,9.099999442696571e-05
6,6,plurality,12,False,0.0001713000237941742
6,6,plurality,13,True,0.00015949993394315243
6,6,plurality,14,False,0.0001705000177025795
6,6,plurality,15,False,0.00020059989765286446
6,6,plurality,16,False,9.289989247918129e-05
6,6,plurality,17,False,0.0001914000604301691
6,6,plurality,18,False,8.979998528957367e-05
6,6,plurality,19,False,9.26000066101551e-05
6,6,plurality,20,False,8.530006743967533e-05
6,6,plurality,21,False,0.00023030000738799572
6,6,plurality,22,False,9.360001422464848e-05
6,6,plurality,23,False,7.940013892948627e-05
6,6,plurality,24,True,0.00019749999046325684
6,6,plurality,25,True,0.00013990001752972603
6,6,plurality,26,False,0.00022700009867548943
6,6,plurality,27,False,0.00026510003954172134
6,6,plurality,28,False,0.00020830007269978523
6,6,plurality,29,False,0.00016900012269616127
6,6,plurality,30,False,0.00027860002592206
6,6,plurality,31,True,0.0001431000418961048
6,6,plurality,32,False,0.00018999981693923473
6,6,plurality,33,False,8.310005068778992e-05
6,6,plurality,34,False,0.00019100005738437176
6,6,plurality,35,False,8.249981328845024e-05
6,6,plurality,36,False,0.00016920012421905994
6,6,plurality,37,False,8.459994569420815e-05
6,6,plurality,38,False,0.0001379000023007393
6,6,plurality,39,False,0.00018969993107020855
6,6,plurality,40,False,0.00030250009149312973
6,6,plurality,41,False,8.569983765482903e-05
6,6,plurality,42,False,8.66998452693224e-05
6,6,plurality,43,False,0.0001604000572115183
6,6,plurality,44,False,0.00016029994003474712
6,6,plurality,45,False,9.970017708837986e-05
6,6,plurality,46,False,8.110003545880318e-05
6,6,plurality,47,False,8.030002936720848e-05
6,6,plurality,48,False,8.700019679963589e-05
6,6,plurality,49,False,8.779997006058693e-05
6,6,2-approval,0,False,7.839989848434925e-05
6,6,2-approval,1,False,7.919990457594395e-05
6,6,2-approval,2,False,7.870001718401909e-05
6,6,2-approval,3,False,0.00017039990052580833
6,6,2-approval,4,False,0.0003587000537663698
6,6,2-approval,5,False,9.659980423748493e-05
6,6,2-approval,6,False,0.00016609998419880867
6,6,2-approval,7,False,8.199992589652538e-05
6,6,2-approval,8,False,0.00018589990213513374
6,6,2-approval,9,True,0.0001387998927384615
6,6,2-approval,10,True,0.00012800004333257675
6,6,2-approval,11,False,8.500018157064915e-05
6,6,2-approval,12,False,0.00011649983935058117
6,6,2-approval,13,True,0.00026759994216263294
6,6,2-approval,14,False,0.00018209987320005894
6,6,2-approval,15,False,0.00042539997957646847
6,6,2-approval,16,False,7.980014197528362e-05
6,6,2-approval,17,False,9.280000813305378e-05
6,6,2-approval,18,False,9.139999747276306e-05
6,6,2-approval,19,False,0.00016009993851184845
6,6,2-approval,20,False,8.41999426484108e-05
6,6,2-approval,21,False,0.00017990008927881718
6,6,2-approval,22,False,8.599995635449886e-05
6,6,2-approval,23,False,0.00011910009197890759
6,6,2-approval,24,True,0.00012449990026652813
6,6,2-approval,25,True,0.00012069987133145332
6,6,2-approval,26,False,0.00022060004994273186
6,6,2-approval,27,False,0.00018620002083480358
6,6,2-approval,28,False,0.00019999989308416843
6,6,2-approval,29,False,0.0003464999608695507
6,6,2-approval,30,False,0.00025200005620718
6,6,2-approval,31,False,0.00018249987624585629
6,6,2-approval,32,False,0.00026599992997944355
6,6,2-approval,33,False,9.019998833537102e-05
6,6,2-approval,34,False,0.00024099997244775295
6,6,2-approval,35,False,0.00012440001592040062
6,6,2-approval,36,False,0.00020779995247721672
6,6,2-approval,37,False,0.00012580002658069134
6,6,2-approval,38,False,0.00012900005094707012
6,6,2-approval,39,True,0.00018530013039708138
6,6,2-approval,40,False,0.0001759000588208437
6,6,2-approval,41,False,9.409990161657333e-05
6,6,2-approval,42,False,0.00010039983317255974
6,6,2-approval,43,False,9.780004620552063e-05
6,6,2-approval,44,False,0.00020160013809800148
6,6,2-approval,45,False,9.20998863875866e-05
6,6,2-approval,46,False,0.00011140014976263046
6,6,2-approval,47,False,8.829985745251179e-05
6,6,2-approval,48,False,0.00015350012108683586
6,6,2-approval,49,False,8.190004155039787e-05
6,6,veto,0,False,0.00010850001126527786
6,6,veto,1,False,9.730015881359577e-05
6,6,veto,2,False,8.869986049830914e-05
6,6,veto,3,True,0.00012289988808333874
6,6,veto,4,False,0.00024279998615384102
6,6,veto,5,False,8.829985745251179e-05
6,6,veto,6,False,0.0002617000136524439
6,6,veto,7,False,8.5099833086133e-05
6,6,veto,8,False,0.00022029993124306202
6,6,veto,9,True,0.00013779988512396812
6,6,veto,10,True,0.00018800003454089165
6,6,veto,11,False,8.350005373358727e-05
6,6,veto,12,False,8.139992132782936e-05
6,6,veto,13,True,0.00014699995517730713
6,6,veto,14,False,0.000197199871763587
6,6,veto,15,False,0.000219699926674366
6,6,veto,16,False,8.579995483160019e-05
6,6,veto,17,False,9.570014663040638e-05
6,6,veto,18,False,0.00017159990966320038
6,6,veto,19,False,0.00011579995043575764
6,6,veto,20,False,8.020014502108097e-05
6,6,veto,21,False,0.0002109999768435955
6,6,veto,22,False,8.96998681128025e-05
6,6,veto,23,False,8.870009332895279e-05
6,6,veto,24,False,0.00017859996296465397
6,6,veto,25,False,0.00019120005890727043
6,6,veto,26,False,0.00020530004985630512
6,6,veto,27,False,0.00018880004063248634
6,6,veto,28,False,0.00022360007278621197
6,6,veto,29,False,0.0002112998627126217
6,6,veto,30,False,0.00022410019300878048
6,6,veto,31,False,0.00018560001626610756
6,6,veto,32,False,0.00018070009537041187
6,6,veto,33,False,8.219992741942406e-05
6,6,veto,34,False,0.00020979996770620346
6,6,veto,35,False,8.280016481876373e-05
6,6,veto,36,False,0.0002367999404668808
6,6,veto,37,False,0.0001642999704927206
6,6,veto,38,False,7.559987716376781e-05
6,6,veto,39,True,0.00016999989748001099
6,6,veto,40,True,0.00013649999164044857
6,6,veto,41,False,8.270004764199257e-05
6,6,veto,42,False,0.00018620002083480358
6,6,veto,43,False,8.350005373358727e-05
6,6,veto,44,False,0.0002133999951183796
6,6,veto,45,False,9.139999747276306e-05
6,6,veto,46,False,0.00011859997175633907
6,6,veto,47,False,8.230004459619522e-05
6,6,veto,48,False,0.0001503999810665846
6,6,veto,49,False,8.779997006058693e-05
6,6,borda,0,False,0.00011690007522702217
6,6,borda,1,False,0.00013160007074475288
6,6,borda,2,False,8.04997980594635e-05
6,6,borda,3,True,0.00012550014071166515
6,6,borda,4,False,0.00022369995713233948
6,6,borda,5,False,7.46001023799181e-05
6,6,borda,6,False,0.0002142000012099743
6,6,borda,7,False,9.240000508725643e-05
6,6,borda,8,True,0.00014450005255639553
6,6,borda,9,True,0.00023150001652538776
6,6,borda,10,True,0.0002540999557822943
6,6,borda,11,False,7.369997911155224e-05
6,6,borda,12,False,7.990002632141113e-05
6,6,borda,13,True,0.0002815001644194126
6,6,borda,14,False,0.00023209978826344013
6,6,borda,15,True,0.0002774999011307955
6,6,borda,16,False,8.530006743967533e-05
6,6,borda,17,False,7.759989239275455e-05
6,6,borda,18,False,0.0001067998819053173
6,6,borda,19,False,7.979990914463997e-05
6,6,borda,20,False,0.00010910001583397388
6,6,borda,21,False,0.0002123001031577587
6,6,borda,22,False,8.220016025006771e-05
6,6,borda,23,False,0.00018449989147484303
6,6,borda,24,True,0.00019990000873804092
6,6,borda,25,True,0.00017110002227127552
6,6,borda,26,False,0.00021150009706616402
6,6,borda,27,True,0.00023290002718567848
6,6,borda,28,False,0.00022280006669461727
6,6,borda,29,False,0.00022740010172128677
6,6,borda,30,False,0.00024589989334344864
6,6,borda,31,False,0.00028249993920326233
6,6,borda,32,False,0.00020490004681050777
6,6,borda,33,False,7.909978739917278e-05
6,6,borda,34,False,0.000201700022444129
6,6,borda,35,False,8.900021202862263e-05
6,6,borda,36,False,0.000197199871763587
6,6,borda,37,False,9.169988334178925e-05
6,6,borda,38,False,7.84001313149929e-05
6,6,borda,39,True,0.00015350012108683586
6,6,borda,40,False,0.0001933998428285122
6,6,borda,41,False,0.00011790008284151554
6,6,borda,42,False,0.00014779996126890182
6,6,borda,43,False,0.0002677000593394041
6,6,borda,44,False,0.0002749999985098839
6,6,borda,45,False,7.800012826919556e-05
6,6,borda,46,False,7.910002022981644e-05
6,6,borda,47,False,0.00016160006634891033
6,6,borda,48,False,8.810008876025677e-05
6,6,borda,49,False,8.070003241300583e-05
6,7,plurality,0,False,0.0001862999051809311
6,7,plurality,1,False,9.380001574754715e-05
6,7,plurality,2,False,8.870009332895279e-05
6,7,plurality,3,False,9.949994273483753e-05
6,7,plurality,4,False,8.379993960261345e-05
6,7,plurality,5,False,9.479979053139687e-05
6,7,plurality,6,False,0.0001058999914675951
6,7,plurality,7,False,8.279993198812008e-05
6,7,plurality,8,False,8.499994874000549e-05
6,7,plurality,9,False,8.850009180605412e-05
6,7,plurality,10,False,0.00019160006195306778
6,7,plurality,11,True,0.00013749999925494194
6,7,plurality,12,False,0.00011270004324615002
6,7,plurality,13,False,0.0001737999264150858
6,7,plurality,14,False,9.070010855793953e-05
6,7,plurality,15,False,0.00021389988251030445
6,7,plurality,16,True,0.00015760003589093685
6,7,plurality,17,False,8.989986963570118e-05
6,7,plurality,18,False,0.0001246000174432993
6,7,plurality,19,True,0.00013199984095990658
6,7,plurality,20,False,0.0001191999763250351
6,7,plurality,21,False,0.0002167997881770134
6,7,plurality,22,False,8.9599983766675e-05
6,7,plurality,23,False,9.149988181889057e-05
6,7,plurality,24,True,0.00013449997641146183
6,7,plurality,25,False,8.470006287097931e-05
6,7,plurality,26,True,0.0001301998272538185
6,7,plurality,27,True,0.0001324999611824751
6,7,plurality,28,False,9.220000356435776e-05
6,7,plurality,29,False,0.0001781000755727291
6,7,plurality,30,False,9.350012987852097e-05
6,7,plurality,31,False,8.639995940029621e-05
6,7,plurality,32,False,0.0001758001744747162
6,7,plurality,33,False,0.00020270003005862236
6,7,plurality,34,True,0.00014590006321668625
6,7,plurality,35,True,0.00015159999020397663
6,7,plurality,36,True,0.00022580008953809738
6,7,plurality,37,False,0.00013209995813667774
6,7,plurality,38,False,0.00012159999459981918
6,7,plurality,39,False,0.00019869999960064888
6,7,plurality,40,False,0.0002764000091701746
6,7,plurality,41,False,8.619995787739754e-05
6,7,plurality,42,False,0.00010390020906925201
6,7,plurality,43,False,0.00033680000342428684
6,7,plurality,44,True,0.0001338999718427658
6,7,plurality,45,True,0.00012829992920160294
6,7,plurality,46,False,0.00040469993837177753
6,7,plurality,47,False,0.00023600016720592976
6,7,plurality,48,True,0.00012320000678300858
6,7,plurality,49,False,0.00011859997175633907
6,7,2-approval,0,True,0.00013479986228048801
6,7,2-approval,1,False,9.110011160373688e-05
6,7,2-approval,2,False,0.00012409989722073078
6,7,2-approval,3,False,0.00020590005442500114
6,7,2-approval,4,False,9.96000599116087e-05
6,7,2-approval,5,False,8.87999776750803e-05
6,7,2-approval,6,False,0.0001634000800549984
6,7,2-approval,7,False,0.00011180015280842781
6,7,2-approval,8,False,9.079999290406704e-05
6,7,2-approval,9,False,0.00017819995991885662
6,7,2-approval,10,True,0.00013770000077784061
6,7,2-approval,11,True,0.00017080013640224934
6,7,2-approval,12,False,0.00010269996710121632
6,7,2-approval,13,False,0.00033359997905790806
6,7,2-approval,14,False,8.290004916489124e-05
6,7,2-approval,15,False,0.00017909985035657883
6,7,2-approval,16,True,0.00012919981963932514
6,7,2-approval,17,False,9.370013140141964e-05
6,7,2-approval,18,False,9.240000508725643e-05
6,7,2-approval,19,False,0.00019500008784234524
6,7,2-approval,20,False,0.00011039990931749344
6,7,2-approval,21,False,0.0001914000604301691
6,7,2-approval,22,False,8.759996853768826e-05
6,7,2-approval,23,False,0.00012289988808333874
6,7,2-approval,24,True,0.00043390016071498394
6,7,2-approval,25,False,8.839997462928295e-05
6,7,2-approval,26,False,0.0002866999711841345
6,7,2-approval,27,True,0.00015760003589093685
6,7,2-approval,28,False,8.280016481876373e-05
6,7,2-approval,29,False,9.690015576779842e-05
6,7,2-approval,30,False,9.58999153226614e-05
6,7,2-approval,31,False,9.079999290406704e-05
6,7,2-approval,32,False,0.0001916999462991953
6,7,2-approval,33,False,0.0002802000381052494
6,7,2-approval,34,True,0.00015689991414546967
6,7,2-approval,35,False,0.00019029993563890457
6,7,2-approval,36,True,0.00013859989121556282
6,7,2-approval,37,False,9.190011769533157e-05
6,7,2-approval,38,False,8.729984983801842e-05
6,7,2-approval,39,True,0.00012950017116963863
6,7,2-approval,40,False,0.00018190010450780392
6,7,2-approval,41,False,9.220000356435776e-05
6,7,2-approval,42,False,8.25999304652214e-05
6,7,2-approval,43,False,0.00019120005890727043
6,7,2-approval,44,True,0.00014060013927519321
6,7,2-approval,45,True,0.00014649983495473862
6,7,2-approval,46,True,0.00012910016812384129
6,7,2-approval,47,False,0.00018440000712871552
6,7,2-approval,48,True,0.00014190003275871277
6,7,2-approval,49,False,9.429990313947201e-05
6,7,veto,0,False,0.000232999911531806
6,7,veto,1,False,8.730008266866207e-05
6,7,veto,2,False,0.00011910009197890759
6,7,veto,3,False,8.63000750541687e-05
6,7,veto,4,False,8.590007200837135e-05
6,7,veto,5,False,0.00011890009045600891
6,7,veto,6,False,8.910009637475014e-05
6,7,veto,7,False,8.279993198812008e-05
6,7,veto,8,False,8.38001724332571e-05
6,7,veto,9,False,8.179992437362671e-05
6,7,veto,10,True,0.00017020013183355331
6,7,veto,11,False,0.00018969993107020855
6,7,veto,12,False,9.150011464953423e-05
6,7,veto,13,False,0.00018710014410316944
6,7,veto,14,False,9.099999442696571e-05
6,7,veto,15,False,0.0001916999462991953
6,7,veto,16,False,0.00019820011220872402
6,7,veto,17,False,9.249988943338394e-05
6,7,veto,18,False,0.00011879997327923775
6,7,veto,19,False,0.0002937000244855881
6,7,veto,20,False,0.00014519994147121906
6,7,veto,21,False,0.00022500008344650269
6,7,veto,22,False,8.58998391777277e-05
6,7,veto,23,False,9.210011921823025e-05
6,7,veto,24,True,0.00017410004511475563
6,7,veto,25,False,0.00012189988046884537
6,7,veto,26,True,0.00020619994029402733
6,7,veto,27,False,0.00021520000882446766
6,7,veto,28,False,8.139992132782936e-05
6,7,veto,29,False,9.920005686581135e-05
6,7,veto,30,False,8.410005830228329e-05
6,7,veto,31,False,9.980006143450737e-05
6,7,veto,32,False,0.00023339991457760334
6,7,veto,33,True,0.00026120012626051903
6,7,veto,34,True,0.00023080012761056423
6,7,veto,35,False,0.00021290010772645473
6,7,veto,36,False,0.00018609990365803242
6,7,veto,37,False,8.899997919797897e-05
6,7,veto,38,False,0.0001129999291151762
6,7,veto,39,True,0.0002443999983370304
6,7,veto,40,False,0.00019030016846954823
6,7,veto,41,False,0.00010719988495111465
6,7,veto,42,False,8.87999776750803e-05
6,7,veto,43,False,0.00017859996296465397
6,7,veto,44,True,0.0001580999232828617
6,7,veto,45,True,0.0001466998364776373
6,7,veto,46,True,0.00013579986989498138
6,7,veto,47,False,0.0004974000621587038
6,7,veto,48,True,0.00014999997802078724
6,7,veto,49,False,8.739996701478958e-05
6,7,borda,0,False,0.00024480000138282776
6,7,borda,1,False,0.00013529998250305653
6,7,borda,2,False,8.709984831511974e-05
6,7,borda,3,False,8.300016634166241e-05
6,7,borda,4,False,0.00010309997014701366
6,7,borda,5,False,0.00010750000365078449
6,7,borda,6,False,9.849993512034416e-05
6,7,borda,7,False,0.00013379985466599464
6,7,borda,8,False,0.00019910000264644623
6,7,borda,9,False,9.349989704787731e-05
6,7,borda,10,True,0.0002918001264333725
6,7,borda,11,True,0.00018400000408291817
6,7,borda,12,False,0.00012070010416209698
6,7,borda,13,False,0.0002022001426666975
6,7,borda,14,False,0.00016050017438828945
6,7,borda,15,True,0.00032100011594593525
6,7,borda,16,False,0.0002164999023079872
6,7,borda,17,False,9.569991379976273e-05
6,7,borda,18,False,7.489998824894428e-05
6,7,borda,19,False,0.000202300027012825
6,7,borda,20,False,9.780004620552063e-05
6,7,borda,21,True,0.00032369978725910187
6,7,borda,22,False,9.130011312663555e-05
6,7,borda,23,False,0.00012609991244971752
6,7,borda,24,True,0.00015139998868107796
6,7,borda,25,False,9.269989095628262e-05
6,7,borda,26,False,0.00020350003615021706
6,7,borda,27,True,0.00014780019409954548
6,7,borda,28,False,8.890009485185146e-05
6,7,borda,29,False,9.099999442696571e-05
6,7,borda,30,False,8.549983613193035e-05
6,7,borda,31,False,8.079991675913334e-05
6,7,borda,32,False,0.00027369987219572067
6,7,borda,33,True,0.00021629990078508854
6,7,borda,34,True,0.00016639987006783485
6,7,borda,35,False,0.0002625000197440386
6,7,borda,36,False,0.00032870005816221237
6,7,borda,37,False,0.00011010002344846725
6,7,borda,38,False,8.530006743967533e-05
6,7,borda,39,False,0.00020759995095431805
6,7,borda,40,False,0.00019409996457397938
6,7,borda,41,False,8.830009028315544e-05
6,7,borda,42,False,8.270004764199257e-05
6,7,borda,43,False,0.000287399860098958
6,7,borda,44,True,0.00024589989334344864
6,7,borda,45,True,0.0003433001693338156
6,7,borda,46,True,0.0001414001453667879
6,7,borda,47,False,0.000193099956959486
6,7,borda,48,True,0.00014060013927519321
6,7,borda,49,False,0.0001096001360565424
7,2,plurality,0,True,0.00013620010577142239
7,2,plurality,1,False,6.360001862049103e-05
7,2,plurality,2,True,0.0001292000524699688
7,2,plurality,3,False,6.700004450976849e-05
7,2,plurality,4,False,7.329997606575489e-05
7,2,plurality,5,False,6.559980101883411e-05
7,2,plurality,6,True,0.00010910001583397388
7,2,plurality,7,False,6.59001525491476e-05
7,2,plurality,8,True,0.00010280008427798748
7,2,plurality,9,True,0.00011199992150068283
7,2,plurality,10,False,7.029995322227478e-05
7,2,plurality,11,False,8.249981328845024e-05
7,2,plurality,12,True,0.00011019990779459476
7,2,plurality,13,False,6.849993951618671e-05
7,2,plurality,14,False,0.00034229992888867855
7,2,plurality,15,True,0.0001230998896062374
7,2,plurality,16,False,0.00010920013301074505
7,2,plurality,17,False,6.440002471208572e-05
7,2,plurality,18,False,0.00014610006473958492
7,2,plurality,19,True,0.00011649983935058117
7,2,plurality,20,True,0.0001454001758247614
7,2,plurality,21,False,7.30000901967287e-05
7,2,plurality,22,True,0.0001229001209139824
7,2,plurality,23,False,6.839982233941555e-05
7,2,plurality,24,False,6.67001586407423e-05
7,2,plurality,25,False,7.580011151731014e-05
7,2,plurality,26,False,0.00017559994012117386
7,2,plurality,27,False,8.159992285072803e-05
7,2,plurality,28,True,0.00010469998233020306
7,2,plurality,29,True,0.00011030002497136593
7,2,plurality,30,False,6.369990296661854e-05
7,2,plurality,31,False,6.84000551700592e-05
7,2,plurality,32,False,0.00011750007979571819
7,2,plurality,33,True,0.0001096001360565424
7,2,plurality,34,False,0.0003253000322729349
7,2,plurality,35,False,6.870017386972904e-05
7,2,plurality,36,False,8.450006134808064e-05
7,2,plurality,37,False,7.069995626807213e-05
7,2,plurality,38,False,6.880005821585655e-05
7,2,plurality,39,False,6.38000201433897e-05
7,2,plurality,40,False,0.00019400008022785187
7,2,plurality,41,False,6.589991971850395e-05
7,2,plurality,42,False,6.370013579726219e-05
7,2,plurality,43,False,8.939998224377632e-05
7,2,plurality,44,True,0.00014890008606016636
7,2,plurality,45,False,0.000170400133356452
7,2,plurality,46,True,0.00013129995204508305
7,2,plurality,47,True,0.00010910001583397388
7,2,plurality,48,False,0.00018669990822672844
7,2,plurality,49,False,9.280000813305378e-05
7,2,2-approval,0,True,0.00012340000830590725
7,2,2-approval,1,False,6.729993037879467e-05
7,2,2-approval,2,False,0.00019069993868470192
7,2,2-approval,3,False,7.299985736608505e-05
7,2,2-approval,4,False,7.280008867383003e-05
7,2,2-approval,5,False,0.00010939990170300007
7,2,2-approval,6,True,0.00012059998698532581
7,2,2-approval,7,False,0.00011699995957314968
7,2,2-approval,8,True,0.00013890000991523266
7,2,2-approval,9,True,0.00010339985601603985
7,2,2-approval,10,False,9.380001574754715e-05
7,2,2-approval,11,False,8.839997462928295e-05
7,2,2-approval,12,True,0.00011939997784793377
7,2,2-approval,13,False,6.59001525491476e-05
7,2,2-approval,14,False,0.00016480009071528912
7,2,2-approval,15,True,0.0002836999483406544
7,2,2-approval,16,False,6.680004298686981e-05
7,2,2-approval,17,False,7.140007801353931e-05
7,2,2-approval,18,False,0.0002747001126408577
7,2,2-approval,19,True,0.00010830000974237919
7,2,2-approval,20,False,0.00018669990822672844
7,2,2-approval,21,False,0.00010400009341537952
7,2,2-approval,22,False,0.0002772000152617693
7,2,2-approval,23,False,8.450006134808064e-05
7,2,2-approval,24,False,7.129996083676815e-05
7,2,2-approval,25,False,7.569999434053898e-05
7,2,2-approval,26,True,0.00027059996500611305
7,2,2-approval,27,False,8.869986049830914e-05
7,2,2-approval,28,True,0.00011630007065832615
7,2,2-approval,29,False,0.00016870000399649143
7,2,2-approval,30,False,8.17000400274992e-05
7,2,2-approval,31,False,6.340001709759235e-05
7,2,2-approval,32,False,8.159992285072803e-05
7,2,2-approval,33,True,0.0001113000325858593
7,2,2-approval,34,False,0.00026650005020201206
7,2,2-approval,35,False,0.00010779988951981068
7,2,2-approval,36,False,0.00010649999603629112
7,2,2-approval,37,False,8.510006591677666e-05
7,2,2-approval,38,False,6.980006583034992e-05
7,2,2-approval,39,False,0.00010009994730353355
7,2,2-approval,40,False,0.00018159998580813408
7,2,2-approval,41,False,8.150003850460052e-05
7,2,2-approval,42,False,6.800005212426186e-05
7,2,2-approval,43,False,7.129996083676815e-05
7,2,2-approval,44,True,0.00018480001017451286
7,2,2-approval,45,False,0.0002202000468969345
7,2,2-approval,46,True,0.00014699995517730713
7,2,2-approval,47,True,0.00013569998554885387
7,2,2-approval,48,True,0.00012969993986189365
7,2,2-approval,49,False,6.700004450976849e-05
7,2,veto,0,True,0.00012440001592040062
7,2,veto,1,False,9.42000187933445e-05
7,2,veto,2,False,0.00025739986449480057
7,2,veto,3,False,9.660003706812859e-05
7,2,veto,4,False,0.00012620002962648869
7,2,veto,5,False,6.680004298686981e-05
7,2,veto,6,False,0.00021350011229515076
7,2,veto,7,False,6.660004146397114e-05
7,2,veto,8,True,0.00011370005086064339
7,2,veto,9,False,0.00039989990182220936
7,2,veto,10,False,6.92000612616539e-05
7,2,veto,11,False,8.739996701478958e-05
7,2,veto,12,True,0.00010479986667633057
7,2,veto,13,False,6.509991362690926e-05
7,2,veto,14,True,0.00012820004485547543
7,2,veto,15,False,0.00019560009241104126
7,2,veto,16,False,7.539987564086914e-05
7,2,veto,17,False,7.00999516993761e-05
7,2,veto,18,True,0.00014609983190894127
7,2,veto,19,True,0.00011390005238354206
7,2,veto,20,True,0.0001446001697331667
7,2,veto,21,False,6.760004907846451e-05
7,2,veto,22,False,0.00019289995543658733
7,2,veto,23,False,9.039998985826969e-05
7,2,veto,24,False,7.999991066753864e-05
7,2,veto,25,False,8.159992285072803e-05
7,2,veto,26,True,0.0001743000466376543
7,2,veto,27,False,6.500002928078175e-05
7,2,veto,28,True,0.00013749999925494194
7,2,veto,29,False,0.0002552000805735588
7,2,veto,30,False,7.850001566112041e-05
7,2,veto,31,False,6.54000323265791e-05
7,2,veto,32,False,6.789993494749069e-05
7,2,veto,33,True,0.00016150018200278282
7,2,veto,34,False,0.0001900000497698784
7,2,veto,35,False,6.789993494749069e-05
7,2,veto,36,False,6.490014493465424e-05
7,2,veto,37,False,0.00011519994586706161
7,2,veto,38,False,9.019998833537102e-05
7,2,veto,39,False,6.320001557469368e-05
7,2,veto,40,False,0.00021169986575841904
7,2,veto,41,False,7.200008258223534e-05
7,2,veto,42,False,6.779981777071953e-05
7,2,veto,43,False,0.00010409997776150703
7,2,veto,44,False,0.00020070001482963562
7,2,veto,45,True,0.00011690007522702217
7,2,veto,46,True,0.00012440001592040062
7,2,veto,47,False,0.00020450004376471043
7,2,veto,48,False,0.0002001000102609396
7,2,veto,49,False,7.890001870691776e-05
7,2,borda,0,True,0.00013870000839233398
7,2,borda,1,False,6.509991362690926e-05
7,2,borda,2,True,0.00012420001439750195
7,2,borda,3,False,6.520003080368042e-05
7,2,borda,4,False,6.360001862049103e-05
7,2,borda,5,False,0.00011809985153377056
7,2,borda,6,True,0.0002523998264223337
7,2,borda,7,False,0.00015219999477267265
7,2,borda,8,True,0.0002391999587416649
7,2,borda,9,False,0.0005795999895781279
7,2,borda,10,False,0.00010280008427798748
7,2,borda,11,False,7.349997758865356e-05
7,2,borda,12,True,0.0002079999540001154
7,2,borda,13,False,0.00015009986236691475
7,2,borda,14,False,0.0004009001422673464
7,2,borda,15,True,0.0001237001270055771
7,2,borda,16,False,0.00011710007674992085
7,2,borda,17,False,0.00014650006778538227
7,2,borda,18,False,0.00038510002195835114
7,2,borda,19,True,0.00028920010663568974
7,2,borda,20,True,0.0004625997971743345
7,2,borda,21,False,8.619995787739754e-05
7,2,borda,22,False,0.0003130000550299883
7,2,borda,23,False,0.00014979997649788857
7,2,borda,24,False,0.00014950009062886238
7,2,borda,25,False,7.609999738633633e-05
7,2,borda,26,True,0.0002117999829351902
7,2,borda,27,False,6.469991058111191e-05
7,2,borda,28,True,0.00011430005542933941
7,2,borda,29,True,0.0002848000731319189
7,2,borda,30,False,9.220000356435776e-05
7,2,borda,31,False,6.67001586407423e-05
7,2,borda,32,False,6.400002166628838e-05
7,2,borda,33,True,0.00012759980745613575
7,2,borda,34,False,0.00020130001939833164
7,2,borda,35,False,7.079984061419964e-05
7,2,borda,36,False,0.00010460009798407555
7,2,borda,37,False,7.399986498057842e-05
7,2,borda,38,False,6.420002318918705e-05
7,2,borda,39,False,7.24999699741602e-05
7,2,borda,40,True,0.00012780004180967808
7,2,borda,41,False,6.480002775788307e-05
7,2,borda,42,False,8.659996092319489e-05
7,2,borda,43,False,8.310005068778992e-05
7,2,borda,44,True,0.00018630013801157475
7,2,borda,45,True,0.00011179991997778416
7,2,borda,46,True,0.00011270004324615002
7,2,borda,47,True,0.0002774999011307955
7,2,borda,48,True,0.00011530006304383278
7,2,borda,49,False,8.87999776750803e-05
7,3,plurality,0,False,0.00010750000365078449
7,3,plurality,1,False,0.00018889992497861385
7,3,plurality,2,False,9.849993512034416e-05
7,3,plurality,3,True,0.00010899989865720272
7,3,plurality,4,False,0.00022060004994273186
7,3,plurality,5,False,0.0002031000331044197
7,3,plurality,6,False,0.00023360014893114567
7,3,plurality,7,False,0.00022370018996298313
7,3,plurality,8,False,6.919982843101025e-05
7,3,plurality,9,True,0.00013489997945725918
7,3,plurality,10,False,0.00011969986371695995
7,3,plurality,11,True,0.0001550000160932541
7,3,plurality,12,False,7.209996692836285e-05
7,3,plurality,13,False,0.00010439986363053322
7,3,plurality,14,True,0.00016020005568861961
7,3,plurality,15,False,0.0001914000604301691
7,3,plurality,16,False,7.16999638825655e-05
7,3,plurality,17,True,0.0001501999795436859
7,3,plurality,18,False,0.00017879996448755264
7,3,plurality,19,False,0.0001626999583095312
7,3,plurality,20,False,6.749993190169334e-05
7,3,plurality,21,False,7.109995931386948e-05
7,3,plurality,22,False,7.329997606575489e-05
7,3,plurality,23,False,7.269997149705887e-05
7,3,plurality,24,False,9.460002183914185e-05
7,3,plurality,25,False,7.559987716376781e-05
7,3,plurality,26,False,7.530022412538528e-05
7,3,plurality,27,True,0.00014230003580451012
7,3,plurality,28,False,8.890009485185146e-05
7,3,plurality,29,True,0.0001984999980777502
7,3,plurality,30,False,7.369997911155224e-05
7,3,plurality,31,True,0.00017150002531707287
7,3,plurality,32,False,0.00020890007726848125
7,3,plurality,33,True,0.00011940021067857742
7,3,plurality,34,False,0.00035170000046491623
7,3,plurality,35,True,0.00016619986854493618
7,3,plurality,36,True,0.00019989977590739727
7,3,plurality,37,False,8.910009637475014e-05
7,3,plurality,38,True,0.00011859997175633907
7,3,plurality,39,False,7.180008105933666e-05
7,3,plurality,40,True,0.000193099956959486
7,3,plurality,41,False,7.240008562803268e-05
7,3,plurality,42,False,7.859990000724792e-05
7,3,plurality,43,True,0.00010999990627169609
7,3,plurality,44,False,7.940013892948627e-05
7,3,plurality,45,False,0.00012229988351464272
7,3,plurality,46,True,0.00013420009054243565
7,3,plurality,47,False,8.319993503391743e-05
7,3,plurality,48,True,0.00015540001913905144
7,3,plurality,49,False,7.399986498057842e-05
7,3,2-approval,0,False,7.229996845126152e-05
7,3,2-approval,1,True,0.00012969993986189365
7,3,2-approval,2,False,7.569999434053898e-05
7,3,2-approval,3,True,0.00014139991253614426
7,3,2-approval,4,False,0.00018010009080171585
7,3,2-approval,5,False,0.00020400015637278557
7,3,2-approval,6,True,0.0001276000402867794
7,3,2-approval,7,False,0.00018279999494552612
7,3,2-approval,8,False,7.469998672604561e-05
7,3,2-approval,9,True,0.00012310012243688107
7,3,2-approval,10,False,7.00999516993761e-05
7,3,2-approval,11,False,0.00020219990983605385
7,3,2-approval,12,False,7.609999738633633e-05
7,3,2-approval,13,False,7.529999129474163e-05
7,3,2-approval,14,True,0.00016930000856518745
7,3,2-approval,15,False,0.00020359992049634457
7,3,2-approval,16,False,0.00010600010864436626
7,3,2-approval,17,False,0.0003209998831152916
7,3,2-approval,18,False,0.00018279999494552612
7,3,2-approval,19,False,7.620011456310749e-05
7,3,2-approval,20,False,8.030002936720848e-05
7,3,2-approval,21,False,7.279985584318638e-05
7,3,2-approval,22,False,7.079984061419964e-05
7,3,2-approval,23,False,7.54001084715128e-05
7,3,2-approval,24,False,0.00010189996100962162
7,3,2-approval,25,False,0.00012829992920160294
7,3,2-approval,26,False,7.120007649064064e-05
7,3,2-approval,27,True,0.0001409000251442194
7,3,2-approval,28,False,0.00010600010864436626
7,3,2-approval,29,True,0.00011819996871054173
7,3,2-approval,30,False,8.160015568137169e-05
7,3,2-approval,31,True,0.00012869993224740028
7,3,2-approval,32,False,0.00019279983825981617
7,3,2-approval,33,True,0.00012520002201199532
7,3,2-approval,34,False,0.00017990008927881718
7,3,2-approval,35,False,0.00020030001178383827
7,3,2-approval,36,True,0.00014210003428161144
7,3,2-approval,37,False,0.000107599887996912
7,3,2-approval,38,False,0.00020180013962090015
7,3,2-approval,39,False,8.079991675913334e-05
7,3,2-approval,40,True,0.0001960000954568386
7,3,2-approval,41,False,9.109987877309322e-05
7,3,2-approval,42,False,7.240008562803268e-05
7,3,2-approval,43,True,0.00013529998250305653
7,3,2-approval,44,False,6.980006583034992e-05
7,3,2-approval,45,False,6.820005364716053e-05
7,3,2-approval,46,True,0.00011350004933774471
7,3,2-approval,47,False,6.929994560778141e-05
7,3,2-approval,48,False,0.00019990000873804092
7,3,2-approval,49,False,8.610007353127003e-05
7,3,veto,0,False,7.87999015301466e-05
7,3,veto,1,True,0.00015089986845850945
7,3,veto,2,False,7.560010999441147e-05
7,3,veto,3,False,0.00020350003615021706
7,3,veto,4,False,0.0005016999784857035
7,3,veto,5,True,0.000170400133356452
7,3,veto,6,True,0.0002435001078993082
7,3,veto,7,False,0.0002486999146640301
7,3,veto,8,False,0.00011799996718764305
7,3,veto,9,False,0.0004663001745939255
7,3,veto,10,False,7.860013283789158e-05
7,3,veto,11,True,0.00023110001347959042
7,3,veto,12,False,9.26000066101551e-05
7,3,veto,13,False,9.660003706812859e-05
7,3,veto,14,True,0.0002525998279452324
7,3,veto,15,False,0.00021580001339316368
7,3,veto,16,False,8.309981785714626e-05
7,3,veto,17,False,0.0005286999512463808
7,3,veto,18,False,0.00023710005916655064
7,3,veto,19,False,0.00013930001296103
7,3,veto,20,False,7.979990914463997e-05
7,3,veto,21,False,0.0001400001347064972
7,3,veto,22,False,8.670007809996605e-05
7,3,veto,23,False,7.269997149705887e-05
7,3,veto,24,False,0.00014829984866082668
7,3,veto,25,False,0.0001531001180410385
7,3,veto,26,False,7.960014045238495e-05
7,3,veto,27,False,0.0002006001304835081
7,3,veto,28,False,8.070003241300583e-05
7,3,veto,29,False,0.00019940012134611607
7,3,veto,30,False,7.289997301995754e-05
7,3,veto,31,False,0.0004363998305052519
7,3,veto,32,False,0.00020280014723539352
7,3,veto,33,True,0.00016220007091760635
7,3,veto,34,False,0.00023079989477992058
7,3,veto,35,True,0.00013109995052218437
7,3,veto,36,False,0.00022849999368190765
7,3,veto,37,False,7.400009781122208e-05
7,3,veto,38,True,0.00012159999459981918
7,3,veto,39,False,0.00011969986371695995
7,3,veto,40,True,0.0001050001010298729
7,3,veto,41,False,6.999983452260494e-05
7,3,veto,42,False,0.00011419993825256824
7,3,veto,43,True,0.0001284999307245016
7,3,veto,44,False,9.720004163682461e-05
7,3,veto,45,False,7.930002175271511e-05
7,3,veto,46,True,0.00011709984391927719
7,3,veto,47,False,0.0001338000874966383
7,3,veto,48,True,0.00011419993825256824
7,3,veto,49,False,7.650000043213367e-05
7,3,borda,0,False,9.26000066101551e-05
7,3,borda,1,True,0.0001396997831761837
7,3,borda,2,False,9.089987725019455e-05
7,3,borda,3,True,0.0001425999216735363
7,3,borda,4,True,0.00012620002962648869
7,3,borda,5,False,0.00021620001643896103
7,3,borda,6,True,0.00023320014588534832
7,3,borda,7,False,0.0002217001747339964
7,3,borda,8,False,7.609999738633633e-05
7,3,borda,9,True,0.00013029994443058968
7,3,borda,10,False,8.979998528957367e-05
7,3,borda,11,True,0.00013200007379055023
7,3,borda,12,False,7.060007192194462e-05
7,3,borda,13,False,7.109995931386948e-05
7,3,borda,14,True,0.00012689991854131222
7,3,borda,15,False,0.0002289998810738325
7,3,borda,16,False,0.00022040004841983318
7,3,borda,17,False,0.0003269999288022518
7,3,borda,18,False,0.00019829999655485153
7,3,borda,19,False,7.289997301995754e-05
7,3,borda,20,False,7.059983909130096e-05
7,3,borda,21,False,9.329989552497864e-05
7,3,borda,22,False,7.16999638825655e-05
7,3,borda,23,False,6.759981624782085e-05
7,3,borda,24,False,6.92000612616539e-05
7,3,borda,25,False,8.039991371333599e-05
7,3,borda,26,False,7.230020128190517e-05
7,3,borda,27,True,0.00022629997693002224
7,3,borda,28,False,9.510014206171036e-05
7,3,borda,29,True,0.00013899989426136017
7,3,borda,30,False,0.0001150001771748066
7,3,borda,31,True,0.00014650006778538227
7,3,borda,32,True,0.00015610014088451862
7,3,borda,33,True,0.00014409981667995453
7,3,borda,34,False,0.00026510003954172134
7,3,borda,35,True,0.00019779987633228302
7,3,borda,36,True,0.00013950001448392868
7,3,borda,37,False,8.559995330870152e-05
7,3,borda,38,True,0.000120899872854352
7,3,borda,39,False,6.860005669295788e-05
7,3,borda,40,True,0.00015580002218484879
7,3,borda,41,False,7.489998824894428e-05
7,3,borda,42,False,7.349997758865356e-05
7,3,borda,43,True,0.0001322000753134489
7,3,borda,44,False,6.660004146397114e-05
7,3,borda,45,False,6.689992733299732e-05
7,3,borda,46,True,0.0001230000052601099
7,3,borda,47,False,7.029995322227478e-05
7,3,borda,48,True,0.0001651998609304428
7,3,borda,49,False,0.00010030018165707588
7,4,plurality,0,False,8.019991219043732e-05
7,4,plurality,1,False,9.280000813305378e-05
7,4,plurality,2,True,0.00018780003301799297
7,4,plurality,3,False,7.469998672604561e-05
7,4,plurality,4,False,0.00017939996905624866
7,4,plurality,5,False,0.0001846998929977417
7,4,plurality,6,False,8.850009180605412e-05
7,4,plurality,7,False,8.869986049830914e-05
7,4,plurality,8,False,8.130003698170185e-05
7,4,plurality,9,False,8.929986506700516e-05
7,4,plurality,10,False,0.0006033999379724264
7,4,plurality,11,True,0.00012780004180967808
7,4,plurality,12,False,0.00011950009502470493
7,4,plurality,13,False,0.0001224998850375414
7,4,plurality,14,True,0.00012039998546242714
7,4,plurality,15,False,9.600003249943256e-05
7,4,plurality,16,True,0.00012589991092681885
7,4,plurality,17,False,7.720012217760086e-05
7,4,plurality,18,False,0.0002540999557822943
7,4,plurality,19,True,0.00012620002962648869
7,4,plurality,20,False,0.00023370003327727318
7,4,plurality,21,False,0.00012800004333257675
7,4,plurality,22,False,0.000188400037586689
7,4,plurality,23,False,7.529999129474163e-05
7,4,plurality,24,False,0.00017559994012117386
7,4,plurality,25,False,0.00010429997928440571
7,4,plurality,26,False,0.00015360000543296337
7,4,plurality,27,True,0.0003177998587489128
7,4,plurality,28,True,0.00011690007522702217
7,4,plurality,29,False,7.700012065470219e-05
7,4,plurality,30,False,0.00018640002235770226
7,4,plurality,31,False,8.050003089010715e-05
7,4,plurality,32,False,7.269997149705887e-05
7,4,plurality,33,False,7.269997149705887e-05
7,4,plurality,34,False,7.650000043213367e-05
7,4,plurality,35,False,0.00015709991566836834
7,4,plurality,36,False,8.470006287097931e-05
7,4,plurality,37,False,8.00001434981823e-05
7,4,plurality,38,True,0.00012480001896619797
7,4,plurality,39,False,0.0002318001352250576
7,4,plurality,40,False,0.0001805999781936407
7,4,plurality,41,False,0.00023790006525814533
7,4,plurality,42,True,0.00011530006304383278
7,4,plurality,43,False,0.00019429996609687805
7,4,plurality,44,False,7.569999434053898e-05
7,4,plurality,45,False,7.979990914463997e-05
7,4,plurality,46,True,0.00013870000839233398
7,4,plurality,47,False,0.00012080022133886814
7,4,plurality,48,False,8.979998528957367e-05
7,4,plurality,49,False,0.00011020014062523842
7,4,2-approval,0,False,0.00010549998842179775
7,4,2-approval,1,False,7.999991066753864e-05
7,4,2-approval,2,False,0.00020919996313750744
7,4,2-approval,3,False,7.479987107217312e-05
7,4,2-approval,4,False,0.00021139997988939285
7,4,2-approval,5,False,0.00023140013217926025
7,4,2-approval,6,False,9.689992293715477e-05
7,4,2-approval,7,False,7.580011151731014e-05
7,4,2-approval,8,False,7.939990609884262e-05
7,4,2-approval,9,False,7.720012217760086e-05
7,4,2-approval,10,False,0.0002009000163525343
7,4,2-approval,11,True,0.00017740018665790558
7,4,2-approval,12,False,7.939990609884262e-05
7,4,2-approval,13,False,7.990002632141113e-05
7,4,2-approval,14,True,0.0001097000204026699
7,4,2-approval,15,False,7.760012522339821e-05
7,4,2-approval,16,False,0.00026400014758110046
7,4,2-approval,17,False,0.00010109995491802692
7,4,2-approval,18,False,0.00021229987032711506
7,4,2-approval,19,True,0.00011659995652735233
7,4,2-approval,20,False,0.0003864997997879982
7,4,2-approval,21,False,9.230012074112892e-05
7,4,2-approval,22,True,0.0001572000328451395
7,4,2-approval,23,False,0.00010600010864436626
7,4,2-approval,24,False,0.00018669990822672844
7,4,2-approval,25,False,8.230004459619522e-05
7,4,2-approval,26,False,7.830001413822174e-05
7,4,2-approval,27,True,0.0001580999232828617
7,4,2-approval,28,True,0.00012660003267228603
7,4,2-approval,29,False,8.010002784430981e-05
7,4,2-approval,30,False,0.00018390011973679066
7,4,2-approval,31,False,0.00011970009654760361
7,4,2-approval,32,False,8.889986202120781e-05
7,4,2-approval,33,False,0.00016019982285797596
7,4,2-approval,34,False,8.319993503391743e-05
7,4,2-approval,35,False,8.030002936720848e-05
7,4,2-approval,36,False,7.389998063445091e-05
7,4,2-approval,37,False,7.200008258223534e-05
7,4,2-approval,38,False,0.00018910015933215618
7,4,2-approval,39,False,7.529999129474163e-05
7,4,2-approval,40,True,0.00014190003275871277
7,4,2-approval,41,True,0.00012889993377029896
7,4,2-approval,42,True,0.00011650007218122482
7,4,2-approval,43,False,0.00018339999951422215
7,4,2-approval,44,False,0.00012030010111629963
7,4,2-approval,45,False,0.00011039990931749344
7,4,2-approval,46,True,0.00016070017591118813
7,4,2-approval,47,False,7.870001718401909e-05
7,4,2-approval,48,False,0.00010169995948672295
7,4,2-approval,49,False,0.00014859996736049652
7,4,veto,0,False,9.8800053820014e-05
7,4,veto,1,False,0.0001425000373274088
7,4,veto,2,True,0.00016939989291131496
7,4,veto,3,False,8.690007962286472e-05
7,4,veto,4,True,0.0002410002052783966
7,4,veto,5,False,0.00020919996313750744
7,4,veto,6,False,8.770008571445942e-05
7,4,veto,7,False,8.33999365568161e-05
7,4,veto,8,False,9.80000477284193e-05
7,4,veto,9,False,7.529999129474163e-05
7,4,veto,10,False,0.00022249994799494743
7,4,veto,11,False,0.000210900092497468
7,4,veto,12,False,7.730000652372837e-05
7,4,veto,13,False,0.00010060006752610207
7,4,veto,14,True,0.00011939997784793377
7,4,veto,15,False,0.00011339993216097355
7,4,veto,16,False,0.0002259998582303524
7,4,veto,17,False,0.00017530005425214767
7,4,veto,18,False,0.00041990005411207676
7,4,veto,19,True,0.0001610000617802143
7,4,veto,20,False,0.0002202000468969345
7,4,veto,21,False,9.149988181889057e-05
7,4,veto,22,False,0.00019529997371137142
7,4,veto,23,False,7.659988477826118e-05
7,4,veto,24,True,0.00014050002209842205
7,4,veto,25,False,8.519995026290417e-05
7,4,veto,26,False,8.770008571445942e-05
7,4,veto,27,False,0.00022320006974041462
7,4,veto,28,False,0.00033680000342428684
7,4,veto,29,False,8.450006134808064e-05
7,4,veto,30,True,0.00019970000721514225
7,4,veto,31,False,8.750008419156075e-05
7,4,veto,32,False,0.000143800163641572
7,4,veto,33,False,0.0001037998590618372
7,4,veto,34,False,7.730000652372837e-05
7,4,veto,35,False,7.569999434053898e-05
7,4,veto,36,False,7.71998893469572e-05
7,4,veto,37,False,8.199992589652538e-05
7,4,veto,38,False,0.00032670004293322563
7,4,veto,39,False,7.560010999441147e-05
7,4,veto,40,False,0.00019869999960064888
7,4,veto,41,True,0.00012710015289485455
7,4,veto,42,True,0.00012860004790127277
7,4,veto,43,False,0.00021059997379779816
7,4,veto,44,False,9.600003249943256e-05
7,4,veto,45,False,7.659988477826118e-05
7,4,veto,46,True,0.00018030009232461452
7,4,veto,47,False,9.150011464953423e-05
7,4,veto,48,False,8.09000339359045e-05
7,4,veto,49,False,0.00016609998419880867
7,4,borda,0,False,9.649991989135742e-05
7,4,borda,1,False,0.00011360016651451588
7,4,borda,2,True,0.00032430002465844154
7,4,borda,3,False,7.54001084715128e-05
7,4,borda,4,False,0.00032839993946254253
7,4,borda,5,False,0.0002193001564592123
7,4,borda,6,False,7.71000050008297e-05
7,4,borda,7,False,8.079991675913334e-05
7,4,borda,8,False,0.0001308999489992857
7,4,borda,9,False,8.510006591677666e-05
7,4,borda,10,False,0.00021780002862215042
7,4,borda,11,True,0.0002226000651717186
7,4,borda,12,False,0.00011370005086064339
7,4,borda,13,False,7.740012370049953e-05
7,4,borda,14,True,0.00013890000991523266
7,4,borda,15,False,0.00010109995491802692
7,4,borda,16,False,0.0002603998873382807
7,4,borda,17,False,7.92001374065876e-05
7,4,borda,18,False,0.0003231000155210495
7,4,borda,19,True,0.00012509990483522415
7,4,borda,20,True,0.00032940017990767956
7,4,borda,21,False,7.409998215734959e-05
7,4,borda,22,False,0.0002275998704135418
7,4,borda,23,False,6.860005669295788e-05
7,4,borda,24,False,0.00022680009715259075
7,4,borda,25,False,9.640003554522991e-05
7,4,borda,26,False,7.040007039904594e-05
7,4,borda,27,True,0.00022539985366165638
7,4,borda,28,True,0.00018860003910958767
7,4,borda,29,False,0.00010520010255277157
7,4,borda,30,False,0.00024110008962452412
7,4,borda,31,False,7.569999434053898e-05
7,4,borda,32,False,0.00016439985483884811
7,4,borda,33,False,0.0001113000325858593
7,4,borda,34,False,9.980006143450737e-05
7,4,borda,35,False,0.00010689999908208847
7,4,borda,36,False,9.320001117885113e-05
7,4,borda,37,False,7.109995931386948e-05
7,4,borda,38,True,0.0001672001089900732
7,4,borda,39,False,8.919998072087765e-05
7,4,borda,40,True,0.00013229995965957642
7,4,borda,41,True,0.00012829992920160294
7,4,borda,42,True,0.00013990001752972603
7,4,borda,43,False,0.0002554000820964575
7,4,borda,44,False,7.820012979209423e-05
7,4,borda,45,False,0.00012079998850822449
7,4,borda,46,True,0.00030179996974766254
7,4,borda,47,False,8.019991219043732e-05
7,4,borda,48,False,0.0001351002138108015
7,4,borda,49,False,0.00015279999934136868
7,5,plurality,0,False,0.00017259991727769375
7,5,plurality,1,False,0.00021629990078508854
7,5,plurality,2,False,9.300000965595245e-05
7,5,plurality,3,False,0.00023740017786622047
7,5,plurality,4,False,0.0003972998820245266
7,5,plurality,5,True,0.00019249995239078999
7,5,plurality,6,False,8.059991523623466e-05
7,5,plurality,7,False,9.089987725019455e-05
7,5,plurality,8,False,9.96999442577362e-05
7,5,plurality,9,False,0.00021139997988939285
7,5,plurality,10,False,8.070003241300583e-05
7,5,plurality,11,False,7.780012674629688e-05
7,5,plurality,12,False,0.0001625001896172762
7,5,plurality,13,False,9.920005686581135e-05
7,5,plurality,14,False,0.0001129999291151762
7,5,plurality,15,False,8.890009485185146e-05
7,5,plurality,16,False,0.0001539001241326332
7,5,plurality,17,False,7.690000347793102e-05
7,5,plurality,18,False,0.0001113000325858593
7,5,plurality,19,False,8.269981481134892e-05
7,5,plurality,20,False,8.219992741942406e-05
7,5,plurality,21,False,0.00018330011516809464
7,5,plurality,22,False,9.310012683272362e-05
7,5,plurality,23,False,9.059999138116837e-05
7,5,plurality,24,False,8.890009485185146e-05
7,5,plurality,25,False,0.0001230000052601099
7,5,plurality,26,False,8.410005830228329e-05
7,5,plurality,27,False,0.0001462001819163561
7,5,plurality,28,False,0.00016020005568861961
7,5,plurality,29,False,8.609984070062637e-05
7,5,plurality,30,True,0.00014190003275871277
7,5,plurality,31,True,0.00012420001439750195
7,5,plurality,32,True,0.0002623999025672674
7,5,plurality,33,False,8.950009942054749e-05
7,5,plurality,34,True,0.00013529998250305653
7,5,plurality,35,False,0.00010000006295740604
7,5,plurality,36,False,8.450006134808064e-05
7,5,plurality,37,False,0.00015219999477267265
7,5,plurality,38,False,0.0002148000057786703
7,5,plurality,39,False,8.330005221068859e-05
7,5,plurality,40,False,0.00015709991566836834
7,5,plurality,41,False,0.00011879997327923775
7,5,plurality,42,False,7.589999586343765e-05
7,5,plurality,43,False,0.00021399999968707561
7,5,plurality,44,False,9.34000127017498e-05
7,5,plurality,45,False,7.87999015301466e-05
7,5,plurality,46,False,0.00011369981802999973
7,5,plurality,47,False,8.230004459619522e-05
7,5,plurality,48,False,8.310005068778992e-05
7,5,plurality,49,False,0.00011080014519393444
7,5,2-approval,0,False,0.00011250004172325134
7,5,2-approval,1,False,0.0002033999189734459
7,5,2-approval,2,False,8.439994417130947e-05
7,5,2-approval,3,False,0.0002031000331044197
7,5,2-approval,4,True,0.00025739986449480057
7,5,2-approval,5,True,0.00013059983029961586
7,5,2-approval,6,False,7.720012217760086e-05
7,5,2-approval,7,False,0.00011710007674992085
7,5,2-approval,8,False,8.199992589652538e-05
7,5,2-approval,9,False,0.00019979989156126976
7,5,2-approval,10,False,8.63000750541687e-05
7,5,2-approval,11,False,8.490006439387798e-05
7,5,2-approval,12,False,8.199992589652538e-05
7,5,2-approval,13,False,0.00010739988647401333
7,5,2-approval,14,False,7.919990457594395e-05
7,5,2-approval,15,False,8.79000872373581e-05
7,5,2-approval,16,False,8.330005221068859e-05
7,5,2-approval,17,False,0.00012139999307692051
7,5,2-approval,18,False,8.5500068962574e-05
7,5,2-approval,19,False,8.260016329586506e-05
7,5,2-approval,20,False,0.00010220007970929146
7,5,2-approval,21,False,9.720004163682461e-05
7,5,2-approval,22,False,0.00015290011651813984
7,5,2-approval,23,False,8.210004307329655e-05
7,5,2-approval,24,False,8.190004155039787e-05
7,5,2-approval,25,False,9.71001572906971e-05
7,5,2-approval,26,False,8.519995026290417e-05
7,5,2-approval,27,False,8.41999426484108e-05
7,5,2-approval,28,False,8.730008266866207e-05
7,5,2-approval,29,False,8.270004764199257e-05
7,5,2-approval,30,True,0.00012989994138479233
7,5,2-approval,31,True,0.00012329989112913609
7,5,2-approval,32,True,0.0001262999139726162
7,5,2-approval,33,False,8.150003850460052e-05
7,5,2-approval,34,True,0.00014270003885030746
7,5,2-approval,35,False,0.00015980005264282227
7,5,2-approval,36,False,8.010002784430981e-05
7,5,2-approval,37,False,8.530006743967533e-05
7,5,2-approval,38,False,0.00021949992515146732
7,5,2-approval,39,False,8.209981024265289e-05
7,5,2-approval,40,False,8.25000461190939e-05
7,5,2-approval,41,False,0.00016779988072812557
7,5,2-approval,42,False,8.210004307329655e-05
7,5,2-approval,43,False,0.0003431001678109169
7,5,2-approval,44,False,8.050003089010715e-05
7,5,2-approval,45,False,0.00010609999299049377
7,5,2-approval,46,False,9.510014206171036e-05
7,5,2-approval,47,False,8.199992589652538e-05
7,5,2-approval,48,False,8.79000872373581e-05
7,5,2-approval,49,False,8.17000400274992e-05
7,5,veto,0,False,8.070003241300583e-05
7,5,veto,1,False,0.00030860002152621746
7,5,veto,2,False,8.210004307329655e-05
7,5,veto,3,False,0.00020659994333982468
7,5,veto,4,True,0.000286799855530262
7,5,veto,5,True,0.00012969993986189365
7,5,veto,6,False,0.00010940013453364372
7,5,veto,7,False,8.919998072087765e-05
7,5,veto,8,False,8.970010094344616e-05
7,5,veto,9,False,0.00022229994647204876
7,5,veto,10,False,9.400001727044582e-05
7,5,veto,11,False,0.00010400009341537952
7,5,veto,12,False,7.790001109242439e-05
7,5,veto,13,False,8.320016786456108e-05
7,5,veto,14,False,8.230004459619522e-05
7,5,veto,15,False,8.79000872373581e-05
7,5,veto,16,False,0.00012360000982880592
7,5,veto,17,False,0.0001050001010298729
7,5,veto,18,False,8.640019223093987e-05
7,5,veto,19,False,0.00010479986667633057
7,5,veto,20,False,8.930009789764881e-05
7,5,veto,21,False,8.130003698170185e-05
7,5,veto,22,False,8.180015720427036e-05
7,5,veto,23,False,9.570014663040638e-05
7,5,veto,24,False,0.00014159991405904293
7,5,veto,25,False,8.240016177296638e-05
7,5,veto,26,False,8.650007657706738e-05
7,5,veto,27,False,0.00013749999925494194
7,5,veto,28,False,0.0001105000264942646
7,5,veto,29,False,8.859997615218163e-05
7,5,veto,30,False,0.00023619993589818478
7,5,veto,31,False,0.0002500999253243208
7,5,veto,32,True,0.00015089986845850945
7,5,veto,33,False,8.63000750541687e-05
7,5,veto,34,False,0.0005933998618274927
7,5,veto,35,False,7.990002632141113e-05
7,5,veto,36,False,0.00012620002962648869
7,5,veto,37,False,0.00011710007674992085
7,5,veto,38,True,0.0002804999239742756
7,5,veto,39,False,0.00011270004324615002
7,5,veto,40,False,9.079999290406704e-05
7,5,veto,41,False,9.540002793073654e-05
7,5,veto,42,False,9.520002640783787e-05
7,5,veto,43,False,0.0002785001415759325
7,5,veto,44,False,0.00012660003267228603
7,5,veto,45,False,8.620019070804119e-05
7,5,veto,46,False,7.95999076217413e-05
7,5,veto,47,False,8.520018309354782e-05
7,5,veto,48,False,7.880013436079025e-05
7,5,veto,49,False,8.610007353127003e-05
7,5,borda,0,False,7.779989391565323e-05
7,5,borda,1,False,0.00022000004537403584
7,5,borda,2,False,7.319985888898373e-05
7,5,borda,3,False,0.00021199998445808887
7,5,borda,4,True,0.00018899980932474136
7,5,borda,5,True,0.00019379984587430954
7,5,borda,6,False,8.370005525648594e-05
7,5,borda,7,False,7.839989848434925e-05
7,5,borda,8,False,7.830001413822174e-05
7,5,borda,9,True,0.00015769992023706436
7,5,borda,10,False,8.209981024265289e-05
7,5,borda,11,False,0.0001042000949382782
7,5,borda,12,False,8.100015111267567e-05
7,5,borda,13,False,8.190004155039787e-05
7,5,borda,14,False,0.00010070018470287323
7,5,borda,15,False,7.589999586343765e-05
7,5,borda,16,False,8.549983613193035e-05
7,5,borda,17,False,0.00011440017260611057
7,5,borda,18,False,0.00012360000982880592
7,5,borda,19,False,0.00010000006295740604
7,5,borda,20,False,0.00010770000517368317
7,5,borda,21,False,0.00011359993368387222
7,5,borda,22,False,0.00011630007065832615
7,5,borda,23,False,7.770000956952572e-05
7,5,borda,24,False,8.87999776750803e-05
7,5,borda,25,False,7.770000956952572e-05
7,5,borda,26,False,8.539995178580284e-05
7,5,borda,27,False,0.0001238998956978321
7,5,borda,28,False,9.12998802959919e-05
7,5,borda,29,False,8.590007200837135e-05
7,5,borda,30,True,0.00019839988090097904
7,5,borda,31,True,0.00027810013853013515
7,5,borda,32,True,0.00027139997109770775
7,5,borda,33,False,7.859990000724792e-05
7,5,borda,34,False,0.0003822001162916422
7,5,borda,35,False,8.230004459619522e-05
7,5,borda,36,False,8.779997006058693e-05
7,5,borda,37,False,7.870001718401909e-05
7,5,borda,38,False,0.00023290002718567848
7,5,borda,39,False,8.750008419156075e-05
7,5,borda,40,False,8.41999426484108e-05
7,5,borda,41,False,7.319985888898373e-05
7,5,borda,42,False,7.760012522339821e-05
7,5,borda,43,True,0.000485400203615427
7,5,borda,44,False,8.059991523623466e-05
7,5,borda,45,False,9.480002336204052e-05
7,5,borda,46,False,8.71000811457634e-05
7,5,borda,47,False,8.639995940029621e-05
7,5,borda,48,False,0.00019669998437166214
7,5,borda,49,False,0.00010540010407567024
7,6,plurality,0,False,8.5500068962574e-05
7,6,plurality,1,False,0.00011430005542933941
7,6,plurality,2,False,8.770008571445942e-05
7,6,plurality,3,False,9.130011312663555e-05
7,6,plurality,4,False,0.00011350004933774471
7,6,plurality,5,True,0.00013110018335282803
7,6,plurality,6,False,8.87999776750803e-05
7,6,plurality,7,False,0.00011639995500445366
7,6,plurality,8,False,8.359993807971478e-05
7,6,plurality,9,False,8.450006134808064e-05
7,6,plurality,10,False,8.120015263557434e-05
7,6,plurality,11,False,7.96997919678688e-05
7,6,plurality,12,False,8.17000400274992e-05
7,6,plurality,13,False,0.00021119997836649418
7,6,plurality,14,False,8.559995330870152e-05
7,6,plurality,15,False,0.00010580010712146759
7,6,plurality,16,False,8.350005373358727e-05
7,6,plurality,17,False,8.999998681247234e-05
7,6,plurality,18,False,0.00010770000517368317
7,6,plurality,19,False,0.00012129987590014935
7,6,plurality,20,False,8.650007657706738e-05
7,6,plurality,21,False,0.00016469997353851795
7,6,plurality,22,False,8.950009942054749e-05
7,6,plurality,23,False,8.489983156323433e-05
7,6,plurality,24,False,0.00019689998589456081
7,6,plurality,25,False,8.420017547905445e-05
7,6,plurality,26,False,0.00019729998894035816
7,6,plurality,27,False,0.00010040006600320339
7,6,plurality,28,False,7.520010694861412e-05
7,6,plurality,29,False,9.059999138116837e-05
7,6,plurality,30,False,0.00020629982464015484
7,6,plurality,31,False,8.730008266866207e-05
7,6,plurality,32,False,9.620003402233124e-05
7,6,plurality,33,True,0.00012660003267228603
7,6,plurality,34,False,0.00020059989765286446
7,6,plurality,35,True,0.00013589998707175255
7,6,plurality,36,False,9.280000813305378e-05
7,6,plurality,37,False,9.019998833537102e-05
7,6,plurality,38,False,0.00021440000273287296
7,6,plurality,39,False,0.00021330011077225208
7,6,plurality,40,True,0.0001379000023007393
7,6,plurality,41,False,8.499994874000549e-05
7,6,plurality,42,False,8.870009332895279e-05
7,6,plurality,43,False,0.00011770008131861687
7,6,plurality,44,True,0.0001430001575499773
7,6,plurality,45,False,0.00015219999477267265
7,6,plurality,46,False,9.989994578063488e-05
7,6,plurality,47,False,0.00032650004141032696
7,6,plurality,48,False,0.00011000013910233974
7,6,plurality,49,False,0.00020420015789568424
7,6,2-approval,0,False,9.439978748559952e-05
7,6,2-approval,1,False,8.929986506700516e-05
7,6,2-approval,2,False,8.389982394874096e-05
7,6,2-approval,3,False,8.789985440671444e-05
7,6,2-approval,4,False,8.650007657706738e-05
7,6,2-approval,5,True,0.00013100006617605686
7,6,2-approval,6,False,8.789985440671444e-05
7,6,2-approval,7,False,0.00010899989865720272
7,6,2-approval,8,False,0.00012780004180967808
7,6,2-approval,9,False,0.00010830000974237919
7,6,2-approval,10,False,0.0001892999280244112
7,6,2-approval,11,False,8.010002784430981e-05
7,6,2-approval,12,False,8.819997310638428e-05
7,6,2-approval,13,False,0.00021469988860189915
7,6,2-approval,14,False,0.00011239992454648018
7,6,2-approval,15,False,8.859997615218163e-05
7,6,2-approval,16,False,8.670007809996605e-05
7,6,2-approval,17,False,9.770016185939312e-05
7,6,2-approval,18,False,0.0002180000301450491
7,6,2-approval,19,False,9.700004011392593e-05
7,6,2-approval,20,False,0.0001034000888466835
7,6,2-approval,21,False,0.00010080006904900074
7,6,2-approval,22,False,9.290012530982494e-05
7,6,2-approval,23,False,9.680003859102726e-05
7,6,2-approval,24,False,0.00023110001347959042
7,6,2-approval,25,False,8.739996701478958e-05
7,6,2-approval,26,False,0.0002125001046806574
7,6,2-approval,27,False,9.039998985826969e-05
7,6,2-approval,28,False,8.399994112551212e-05
7,6,2-approval,29,False,0.00010120007209479809
7,6,2-approval,30,False,0.00021869991905987263
7,6,2-approval,31,False,9.520002640783787e-05
7,6,2-approval,32,False,0.00010389997623860836
7,6,2-approval,33,True,0.0001830998808145523
7,6,2-approval,34,False,0.00020900019444525242
7,6,2-approval,35,True,0.0001650000922381878
7,6,2-approval,36,False,9.96999442577362e-05
7,6,2-approval,37,False,0.00011619995348155499
7,6,2-approval,38,False,0.0002701999619603157
7,6,2-approval,39,True,0.00018010009080171585
7,6,2-approval,40,False,0.0002607000060379505
7,6,2-approval,41,False,8.769985288381577e-05
7,6,2-approval,42,False,7.870001718401909e-05
7,6,2-approval,43,False,9.900005534291267e-05
7,6,2-approval,44,False,0.00022319983690977097
7,6,2-approval,45,False,8.050003089010715e-05
7,6,2-approval,46,False,8.09000339359045e-05
7,6,2-approval,47,False,0.00019449996761977673
7,6,2-approval,48,False,8.110003545880318e-05
7,6,2-approval,49,False,0.00020810007117688656
7,6,veto,0,False,8.989986963570118e-05
7,6,veto,1,False,8.25000461190939e-05
7,6,veto,2,False,0.0001313001848757267
7,6,veto,3,False,0.00010459986515343189
7,6,veto,4,False,0.00014409981667995453
7,6,veto,5,False,0.00025260006077587605
7,6,veto,6,False,8.650007657706738e-05
7,6,veto,7,False,0.00010280008427798748
7,6,veto,8,False,8.889986202120781e-05
7,6,veto,9,False,8.599995635449886e-05
7,6,veto,10,False,0.00011539994738996029
7,6,veto,11,False,8.330005221068859e-05
7,6,veto,12,False,8.859997615218163e-05
7,6,veto,13,True,0.00016060005873441696
7,6,veto,14,False,0.00013329996727406979
7,6,veto,15,False,8.480018004775047e-05
7,6,veto,16,False,9.300000965595245e-05
7,6,veto,17,False,8.979998528957367e-05
7,6,veto,18,False,8.499994874000549e-05
7,6,veto,19,False,9.959982708096504e-05
7,6,veto,20,False,0.00011930009350180626
7,6,veto,21,False,8.970010094344616e-05
7,6,veto,22,False,9.440002031624317e-05
7,6,veto,23,False,0.00013599987141788006
7,6,veto,24,False,0.00024349987506866455
7,6,veto,25,False,0.00012320000678300858
7,6,veto,26,True,0.00020319991745054722
7,6,veto,27,False,9.070010855793953e-05
7,6,veto,28,False,0.00019970000721514225
7,6,veto,29,False,9.390013292431831e-05
7,6,veto,30,True,0.0002886001020669937
7,6,veto,31,False,9.119999594986439e-05
7,6,veto,32,False,0.00010009994730353355
7,6,veto,33,True,0.00016619986854493618
7,6,veto,34,False,0.0003060998860746622
7,6,veto,35,True,0.0002060001716017723
7,6,veto,36,False,8.5099833086133e-05
7,6,veto,37,False,7.990002632141113e-05
7,6,veto,38,True,0.00014299992471933365
7,6,veto,39,True,0.00019640009850263596
7,6,veto,40,False,0.00023659993894398212
7,6,veto,41,False,0.00010330020450055599
7,6,veto,42,False,8.659996092319489e-05
7,6,veto,43,False,0.00010629999451339245
7,6,veto,44,False,0.0003752999473363161
7,6,veto,45,False,8.659996092319489e-05
7,6,veto,46,False,8.240016177296638e-05
7,6,veto,47,True,0.0001759999431669712
7,6,veto,48,False,0.00010540010407567024
7,6,veto,49,False,0.000256099971011281
7,6,borda,0,False,8.420017547905445e-05
7,6,borda,1,False,9.099999442696571e-05
7,6,borda,2,False,0.00010649999603629112
7,6,borda,3,False,8.570007048547268e-05
7,6,borda,4,False,0.0001050001010298729
7,6,borda,5,True,0.00019970000721514225
7,6,borda,6,False,8.899997919797897e-05
7,6,borda,7,False,0.00015680002979934216
7,6,borda,8,False,0.00011120014823973179
7,6,borda,9,False,8.389982394874096e-05
7,6,borda,10,False,7.950002327561378e-05
7,6,borda,11,False,8.209981024265289e-05
7,6,borda,12,False,9.820004925131798e-05
7,6,borda,13,False,0.0002484999131411314
7,6,borda,14,False,9.029987268149853e-05
7,6,borda,15,False,8.41999426484108e-05
7,6,borda,16,False,7.999991066753864e-05
7,6,borda,17,False,9.079999290406704e-05
7,6,borda,18,False,8.00001434981823e-05
7,6,borda,19,False,8.080014958977699e-05
7,6,borda,20,False,8.130003698170185e-05
7,6,borda,21,False,8.38001724332571e-05
7,6,borda,22,False,8.059991523623466e-05
7,6,borda,23,False,0.0001463999506086111
7,6,borda,24,False,0.00022700009867548943
7,6,borda,25,False,0.00017030001617968082
7,6,borda,26,True,0.00024179997853934765
7,6,borda,27,False,8.979998528957367e-05
7,6,borda,28,False,0.00010029994882643223
7,6,borda,29,False,9.150011464953423e-05
7,6,borda,30,True,0.0002126998733729124
7,6,borda,31,False,8.690007962286472e-05
7,6,borda,32,False,8.670007809996605e-05
7,6,borda,33,True,0.0001542000100016594
7,6,borda,34,False,0.00022680009715259075
7,6,borda,35,True,0.00018580001778900623
7,6,borda,36,False,0.00016400008462369442
7,6,borda,37,False,8.859997615218163e-05
7,6,borda,38,False,0.0002762000076472759
7,6,borda,39,True,0.0002584001049399376
7,6,borda,40,False,0.0002856999635696411
7,6,borda,41,False,8.330005221068859e-05
7,6,borda,42,False,0.00010659988038241863
7,6,borda,43,False,0.0001583998091518879
7,6,borda,44,False,0.0003053999971598387
7,6,borda,45,False,0.00010339985601603985
7,6,borda,46,False,0.00013279984705150127
7,6,borda,47,True,0.00016159983351826668
7,6,borda,48,False,8.440017700195312e-05
7,6,borda,49,False,0.00025120005011558533
7,7,plurality,0,True,0.00017090002074837685
7,7,plurality,1,False,9.280000813305378e-05
7,7,plurality,2,False,9.50999092310667e-05
7,7,plurality,3,False,9.150011464953423e-05
7,7,plurality,4,False,0.0002117999829351902
7,7,plurality,5,False,0.00022829999215900898
7,7,plurality,6,False,8.9599983766675e-05
7,7,plurality,7,False,0.00019260006956756115
7,7,plurality,8,False,0.00022009992972016335
7,7,plurality,9,False,0.0002087999600917101
7,7,plurality,10,False,8.63000750541687e-05
7,7,plurality,11,False,0.000193099956959486
7,7,plurality,12,False,9.320001117885113e-05
7,7,plurality,13,True,0.0002351999282836914
7,7,plurality,14,False,0.00018400000408291817
7,7,plurality,15,False,0.00012139999307692051
7,7,plurality,16,False,0.0002055999357253313
7,7,plurality,17,False,9.850016795098782e-05
7,7,plurality,18,False,9.490014053881168e-05
7,7,plurality,19,False,8.579995483160019e-05
7,7,plurality,20,False,0.00021020020358264446
7,7,plurality,21,True,0.00014980020932853222
7,7,plurality,22,False,9.430013597011566e-05
7,7,plurality,23,False,0.00011339993216097355
7,7,plurality,24,False,0.00013569998554885387
7,7,plurality,25,False,0.0004124999977648258
7,7,plurality,26,False,0.0002788000274449587
7,7,plurality,27,False,0.000246899900957942
7,7,plurality,28,False,0.00013519986532628536
7,7,plurality,29,True,0.0001401999033987522
7,7,plurality,30,False,9.059999138116837e-05
7,7,plurality,31,False,0.000223799841478467
7,7,plurality,32,False,0.00022950000129640102
7,7,plurality,33,True,0.00013749999925494194
7,7,plurality,34,False,8.930009789764881e-05
7,7,plurality,35,False,8.850009180605412e-05
7,7,plurality,36,False,0.0002123001031577587
7,7,plurality,37,False,8.850009180605412e-05
7,7,plurality,38,False,8.730008266866207e-05
7,7,plurality,39,False,0.00021330011077225208
7,7,plurality,40,False,0.00013539986684918404
7,7,plurality,41,False,0.00012720003724098206
7,7,plurality,42,False,0.0001105000264942646
7,7,plurality,43,True,0.00015650014393031597
7,7,plurality,44,False,0.00020709983073174953
7,7,plurality,45,False,0.0002212999388575554
7,7,plurality,46,False,0.00010879989713430405
7,7,plurality,47,False,0.00011410005390644073
7,7,plurality,48,False,9.490014053881168e-05
7,7,plurality,49,False,8.909986354410648e-05
7,7,2-approval,0,True,0.0001979998778551817
7,7,2-approval,1,False,0.00015829992480576038
7,7,2-approval,2,False,0.0001270999200642109
7,7,2-approval,3,False,9.780004620552063e-05
7,7,2-approval,4,False,0.00021569989621639252
7,7,2-approval,5,False,0.0002183998003602028
7,7,2-approval,6,False,0.00011770008131861687
7,7,2-approval,7,False,0.00023390003480017185
7,7,2-approval,8,True,0.00034069991670548916
7,7,2-approval,9,True,0.00014240015298128128
7,7,2-approval,10,False,9.039998985826969e-05
7,7,2-approval,11,False,0.00022130017168819904
7,7,2-approval,12,False,0.00010029994882643223
7,7,2-approval,13,False,0.00021629990078508854
7,7,2-approval,14,False,0.00012889993377029896
7,7,2-approval,15,False,9.970017708837986e-05
7,7,2-approval,16,False,0.00024319998919963837
7,7,2-approval,17,False,8.870009332895279e-05
7,7,2-approval,18,False,8.63000750541687e-05
7,7,2-approval,19,False,9.25001222640276e-05
7,7,2-approval,20,True,0.00014690007083117962
7,7,2-approval,21,True,0.0002050998155027628
7,7,2-approval,22,False,8.600018918514252e-05
7,7,2-approval,23,False,0.00017079990357160568
7,7,2-approval,24,False,9.20998863875866e-05
7,7,2-approval,25,False,0.000305800000205636
7,7,2-approval,26,False,0.00023639993742108345
7,7,2-approval,27,True,0.0002096998505294323
7,7,2-approval,28,False,0.0001167000737041235
7,7,2-approval,29,True,0.00016460008919239044
7,7,2-approval,30,False,8.559995330870152e-05
7,7,2-approval,31,False,0.00024530012160539627
7,7,2-approval,32,False,0.00022879987955093384
7,7,2-approval,33,False,0.00020439992658793926
7,7,2-approval,34,False,8.650007657706738e-05
7,7,2-approval,35,False,0.00011819996871054173
7,7,2-approval,36,True,0.00021980004385113716
7,7,2-approval,37,False,0.00013960013166069984
7,7,2-approval,38,False,9.159999899566174e-05
7,7,2-approval,39,False,0.0002367000561207533
7,7,2-approval,40,False,0.00017179991118609905
7,7,2-approval,41,False,8.430005982518196e-05
7,7,2-approval,42,False,9.09001100808382e-05
7,7,2-approval,43,False,0.0002896999940276146
7,7,2-approval,44,False,9.360001422464848e-05
7,7,2-approval,45,False,0.00020070001482963562
7,7,2-approval,46,False,9.099999442696571e-05
7,7,2-approval,47,False,0.0001446001697331667
7,7,2-approval,48,False,9.530014358460903e-05
7,7,2-approval,49,False,9.079999290406704e-05
7,7,veto,0,False,0.0002477997913956642
7,7,veto,1,False,9.300000965595245e-05
7,7,veto,2,False,0.0001914000604301691
7,7,veto,3,False,0.00011999998241662979
7,7,veto,4,True,0.00013060006313025951
7,7,veto,5,False,0.0003519998863339424
7,7,veto,6,False,9.609991684556007e-05
7,7,veto,7,False,0.0003643000964075327
7,7,veto,8,False,0.0002166999038308859
7,7,veto,9,False,0.00022609997540712357
7,7,veto,10,False,8.830009028315544e-05
7,7,veto,11,False,0.00022990000434219837
7,7,veto,12,False,0.00010240008123219013
7,7,veto,13,False,0.0002226999495178461
7,7,veto,14,False,9.66999214142561e-05
7,7,veto,15,False,0.00013530021533370018
7,7,veto,16,True,0.00016779988072812557
7,7,veto,17,False,0.00011030002497136593
7,7,veto,18,False,9.039998985826969e-05
7,7,veto,19,False,0.00016549997963011265
7,7,veto,20,True,0.00037249992601573467
7,7,veto,21,True,0.000188400037586689
7,7,veto,22,False,9.429990313947201e-05
7,7,veto,23,False,8.889986202120781e-05
7,7,veto,24,False,9.469990618526936e-05
7,7,veto,25,True,0.00019589997828006744
7,7,veto,26,True,0.00017039990052580833
7,7,veto,27,True,0.0001781000755727291
7,7,veto,28,False,9.259977377951145e-05
7,7,veto,29,True,0.00022629997693002224
7,7,veto,30,False,0.00010790000669658184
7,7,veto,31,False,0.0002607000060379505
7,7,veto,32,True,0.00016220007091760635
7,7,veto,33,False,0.00023099989630281925
7,7,veto,34,False,0.0001271998044103384
7,7,veto,35,False,9.8800053820014e-05
7,7,veto,36,True,0.00018800003454089165
7,7,veto,37,False,9.309989400207996e-05
7,7,veto,38,False,9.560002945363522e-05
7,7,veto,39,False,0.00023630005307495594
7,7,veto,40,False,0.00010740011930465698
7,7,veto,41,False,0.0001409999094903469
7,7,veto,42,False,9.490014053881168e-05
7,7,veto,43,False,0.0002671999391168356
7,7,veto,44,False,9.139999747276306e-05
7,7,veto,45,False,0.00011429982259869576
7,7,veto,46,False,0.0001852000132203102
7,7,veto,47,False,0.00018880004063248634
7,7,veto,48,False,9.079999290406704e-05
7,7,veto,49,False,9.769992902874947e-05
7,7,borda,0,True,0.0002133999951183796
7,7,borda,1,False,0.00010300008580088615
7,7,borda,2,False,0.0001572000328451395
7,7,borda,3,False,8.819997310638428e-05
7,7,borda,4,True,0.00015159999020397663
7,7,borda,5,False,0.0002598999999463558
7,7,borda,6,False,8.809985592961311e-05
7,7,borda,7,False,0.0002826000563800335
7,7,borda,8,True,0.00029710005037486553
7,7,borda,9,False,0.0002671000547707081
7,7,borda,10,False,8.79000872373581e-05
7,7,borda,11,True,0.00015469989739358425
7,7,borda,12,False,0.0001409000251442194
7,7,borda,13,False,0.00025809998624026775
7,7,borda,14,False,7.6299998909235e-05
7,7,borda,15,False,0.00011450005695223808
7,7,borda,16,False,0.00025340006686747074
7,7,borda,17,False,8.830009028315544e-05
7,7,borda,18,False,0.00010480009950697422
7,7,borda,19,False,8.290004916489124e-05
7,7,borda,20,True,0.00017300015315413475
7,7,borda,21,True,0.00014599994756281376
7,7,borda,22,False,9.540002793073654e-05
7,7,borda,23,False,8.350005373358727e-05
7,7,borda,24,False,8.619995787739754e-05
7,7,borda,25,True,0.00015100021846592426
7,7,borda,26,False,0.0002569998614490032
7,7,borda,27,True,0.00031170016154646873
7,7,borda,28,False,8.559995330870152e-05
7,7,borda,29,True,0.00016240007244050503
7,7,borda,30,False,0.00011570006608963013
7,7,borda,31,False,0.00024470011703670025
7,7,borda,32,False,0.0006519998423755169
7,7,borda,33,True,0.0002824000548571348
7,7,borda,34,False,0.00015619979240000248
7,7,borda,35,False,9.569991379976273e-05
7,7,borda,36,True,0.00027199997566640377
7,7,borda,37,False,8.530006743967533e-05
7,7,borda,38,False,8.450006134808064e-05
7,7,borda,39,False,0.00027439999394118786
7,7,borda,40,False,0.0001297001726925373
7,7,borda,41,False,0.0001300000585615635
7,7,borda,42,False,8.910009637475014e-05
7,7,borda,43,True,0.00036809989251196384
7,7,borda,44,False,8.510006591677666e-05
7,7,borda,45,False,8.96998681128025e-05
7,7,borda,46,False,0.0001401000190526247
7,7,borda,47,False,8.699996396899223e-05
7,7,borda,48,False,9.04998742043972e-05
7,7,borda,49,False,8.299993351101875e-05
8,2,plurality,0,True,0.00016320007853209972
8,2,plurality,1,True,0.00012560002505779266
8,2,plurality,2,False,6.949994713068008e-05
8,2,plurality,3,True,0.0001129999291151762
8,2,plurality,4,False,0.00018410012125968933
8,2,plurality,5,True,0.00016990001313388348
8,2,plurality,6,False,7.739989086985588e-05
8,2,plurality,7,False,0.00018450012430548668
8,2,plurality,8,False,0.00019869999960064888
8,2,plurality,9,False,0.00017170002683997154
8,2,plurality,10,False,8.450006134808064e-05
8,2,plurality,11,True,0.00011259992606937885
8,2,plurality,12,False,8.499994874000549e-05
8,2,plurality,13,False,9.970017708837986e-05
8,2,plurality,14,False,0.00018250010907649994
8,2,plurality,15,False,9.09001100808382e-05
8,2,plurality,16,True,0.00014020013622939587
8,2,plurality,17,True,0.00011160015128552914
8,2,plurality,18,False,0.0001354999840259552
8,2,plurality,19,False,0.00019609997980296612
8,2,plurality,20,False,6.960006430745125e-05
8,2,plurality,21,True,0.00010750000365078449
8,2,plurality,22,True,0.00011650007218122482
8,2,plurality,23,True,0.00011059991084039211
8,2,plurality,24,True,0.00011780019849538803
8,2,plurality,25,True,0.00011480017565190792
8,2,plurality,26,True,0.00013999990187585354
8,2,plurality,27,True,0.00010790000669658184
8,2,plurality,28,True,0.00012689991854131222
8,2,plurality,29,False,0.00019999989308416843
8,2,plurality,30,False,7.640011608600616e-05
8,2,plurality,31,False,0.00036099995486438274
8,2,plurality,32,False,0.0002164999023079872
8,2,plurality,33,True,0.0001167000737041235
8,2,plurality,34,True,0.00011370005086064339
8,2,plurality,35,False,6.739981472492218e-05
8,2,plurality,36,True,0.0001588999293744564
8,2,plurality,37,False,6.949994713068008e-05
8,2,plurality,38,True,0.00011439993977546692
8,2,plurality,39,False,7.469998672604561e-05
8,2,plurality,40,False,6.450014188885689e-05
8,2,plurality,41,True,0.00011180015280842781
8,2,plurality,42,True,0.00011440017260611057
8,2,plurality,43,True,0.00016089994460344315
8,2,plurality,44,False,0.0001737999264150858
8,2,plurality,45,False,6.84000551700592e-05
8,2,plurality,46,False,0.0001689000055193901
8,2,plurality,47,False,0.0002125001046806574
8,2,plurality,48,False,7.389998063445091e-05
8,2,plurality,49,False,0.00011160015128552914
8,2,2-approval,0,True,0.00013599987141788006
8,2,2-approval,1,True,0.00011400016956031322
8,2,2-approval,2,False,8.390005677938461e-05
8,2,2-approval,3,True,0.00022959988564252853
8,2,2-approval,4,False,0.00019129994325339794
8,2,2-approval,5,True,0.00014590006321668625
8,2,2-approval,6,False,7.049995474517345e-05
8,2,2-approval,7,False,0.00016649998724460602
8,2,2-approval,8,False,0.00021709990687668324
8,2,2-approval,9,False,0.00017969985492527485
8,2,2-approval,10,False,6.940006278455257e-05
8,2,2-approval,11,True,0.00011890009045600891
8,2,2-approval,12,False,0.00011859997175633907
8,2,2-approval,13,False,6.700004450976849e-05
8,2,2-approval,14,False,0.00018489989452064037
8,2,2-approval,15,False,9.67998057603836e-05
8,2,2-approval,16,True,0.00016369996592402458
8,2,2-approval,17,False,0.00020599993877112865
8,2,2-approval,18,False,0.00011119991540908813
8,2,2-approval,19,False,0.00037869997322559357
8,2,2-approval,20,False,8.310005068778992e-05
8,2,2-approval,21,True,0.000125400023534894
8,2,2-approval,22,True,0.00012079998850822449
8,2,2-approval,23,True,0.00011269981041550636
8,2,2-approval,24,True,0.000147900078445673
8,2,2-approval,25,True,0.00011250004172325134
8,2,2-approval,26,True,0.00013489997945725918
8,2,2-approval,27,False,0.00017110002227127552
8,2,2-approval,28,False,0.00019819987937808037
8,2,2-approval,29,True,0.00023630005307495594
8,2,2-approval,30,False,8.260016329586506e-05
8,2,2-approval,31,False,0.00021209986880421638
8,2,2-approval,32,False,0.0001947998534888029
8,2,2-approval,33,True,0.00012099999003112316
8,2,2-approval,34,True,0.00011460017412900925
8,2,2-approval,35,False,6.829993799328804e-05
8,2,2-approval,36,True,0.00011330004781484604
8,2,2-approval,37,False,9.059999138116837e-05
8,2,2-approval,38,False,0.0003092000260949135
8,2,2-approval,39,False,7.049995474517345e-05
8,2,2-approval,40,False,7.790001109242439e-05
8,2,2-approval,41,True,0.00011110003106296062
8,2,2-approval,42,True,0.00011809985153377056
8,2,2-approval,43,True,0.00011860020458698273
8,2,2-approval,44,True,0.00011519994586706161
8,2,2-approval,45,False,0.00015210011042654514
8,2,2-approval,46,True,0.00010700011625885963
8,2,2-approval,47,False,0.00029690004885196686
8,2,2-approval,48,False,8.979998528957367e-05
8,2,2-approval,49,False,0.00011370005086064339
8,2,veto,0,False,0.00018640002235770226
8,2,veto,1,True,0.00014270003885030746
8,2,veto,2,False,8.059991523623466e-05
8,2,veto,3,True,0.00011119991540908813
8,2,veto,4,False,0.0004314000252634287
8,2,veto,5,False,0.0002150998916476965
8,2,veto,6,False,6.940006278455257e-05
8,2,veto,7,False,0.00018349988386034966
8,2,veto,8,False,0.00020490004681050777
8,2,veto,9,False,0.00020750006660819054
8,2,veto,10,False,6.510014645755291e-05
8,2,veto,11,True,0.00010719988495111465
8,2,veto,12,False,6.500002928078175e-05
8,2,veto,13,False,6.729993037879467e-05
8,2,veto,14,False,0.00021290010772645473
8,2,veto,15,False,6.330013275146484e-05
8,2,veto,16,False,0.00040469993837177753
8,2,veto,17,False,0.00022030016407370567
8,2,veto,18,False,7.340009324252605e-05
8,2,veto,19,False,0.00022820010781288147
8,2,veto,20,False,7.180008105933666e-05
8,2,veto,21,True,0.00010780012235045433
8,2,veto,22,False,0.00022229994647204876
8,2,veto,23,True,0.00014609983190894127
8,2,veto,24,False,0.000193099956959486
8,2,veto,25,True,0.0002251998521387577
8,2,veto,26,True,0.00014830008149147034
8,2,veto,27,True,0.00012749992311000824
8,2,veto,28,False,0.00026819994673132896
8,2,veto,29,True,0.00013070018030703068
8,2,veto,30,False,8.070003241300583e-05
8,2,veto,31,True,0.00016629998572170734
8,2,veto,32,False,0.00020150002092123032
8,2,veto,33,True,0.0001113000325858593
8,2,veto,34,True,0.00013369997031986713
8,2,veto,35,False,8.470006287097931e-05
8,2,veto,36,True,0.00011239992454648018
8,2,veto,37,False,7.6299998909235e-05
8,2,veto,38,False,0.0002147001214325428
8,2,veto,39,False,9.450013749301434e-05
8,2,veto,40,False,0.00012650014832615852
8,2,veto,41,True,0.0001224998850375414
8,2,veto,42,True,0.00010649999603629112
8,2,veto,43,True,0.00013029994443058968
8,2,veto,44,True,0.00017410004511475563
8,2,veto,45,False,6.929994560778141e-05
8,2,veto,46,True,0.00017150002531707287
8,2,veto,47,False,0.00023910007439553738
8,2,veto,48,False,0.00011410005390644073
8,2,veto,49,False,7.020006887614727e-05
8,2,borda,0,True,0.00012500002048909664
8,2,borda,1,True,0.00011110003106296062
8,2,borda,2,False,8.160015568137169e-05
8,2,borda,3,False,0.00021900003775954247
8,2,borda,4,False,0.00023110001347959042
8,2,borda,5,True,0.00013700011186301708
8,2,borda,6,False,6.170012056827545e-05
8,2,borda,7,True,0.0001192998606711626
8,2,borda,8,False,0.00021970015950500965
8,2,borda,9,False,0.00022719986736774445
8,2,borda,10,False,8.490006439387798e-05
8,2,borda,11,True,0.00013020006008446217
8,2,borda,12,False,6.340001709759235e-05
8,2,borda,13,False,8.890009485185146e-05
8,2,borda,14,False,0.00024419999681413174
8,2,borda,15,False,6.909994408488274e-05
8,2,borda,16,False,0.00025200005620718
8,2,borda,17,True,0.00014319992624223232
8,2,borda,18,False,5.969987250864506e-05
8,2,borda,19,True,0.0002530999481678009
8,2,borda,20,False,6.680004298686981e-05
8,2,borda,21,True,0.00011770008131861687
8,2,borda,22,True,0.00015860004350543022
8,2,borda,23,True,0.00011739996261894703
8,2,borda,24,True,0.00012530013918876648
8,2,borda,25,True,0.00013489997945725918
8,2,borda,26,True,0.00013039982877671719
8,2,borda,27,True,0.00011330004781484604
8,2,borda,28,True,0.0001238998956978321
8,2,borda,29,True,0.0002598001156002283
8,2,borda,30,False,6.46000262349844e-05
8,2,borda,31,True,0.0001433000434190035
8,2,borda,32,False,0.0002360998187214136
8,2,borda,33,True,0.00011499994434416294
8,2,borda,34,True,0.00013479986228048801
8,2,borda,35,False,6.510014645755291e-05
8,2,borda,36,True,0.0001860000193119049
8,2,borda,37,False,7.46001023799181e-05
8,2,borda,38,False,0.00022500008344650269
8,2,borda,39,False,7.100007496774197e-05
8,2,borda,40,False,0.00010780012235045433
8,2,borda,41,True,0.00012700003571808338
8,2,borda,42,True,0.00019359984435141087
8,2,borda,43,True,0.00017579994164407253
8,2,borda,44,True,0.00012500002048909664
8,2,borda,45,False,6.62999227643013e-05
8,2,borda,46,True,0.0001680999994277954
8,2,borda,47,True,0.00020849984139204025
8,2,borda,48,False,7.240008562803268e-05
8,2,borda,49,False,6.360001862049103e-05
8,3,plurality,0,False,7.660011760890484e-05
8,3,plurality,1,True,0.0001403999049216509
8,3,plurality,2,False,0.00020849984139204025
8,3,plurality,3,False,8.299993351101875e-05
8,3,plurality,4,False,0.00019150017760694027
8,3,plurality,5,True,0.00011719996109604836
8,3,plurality,6,False,7.020006887614727e-05
8,3,plurality,7,False,7.280008867383003e-05
8,3,plurality,8,False,6.899982690811157e-05
8,3,plurality,9,True,0.00021190010011196136
8,3,plurality,10,False,8.590007200837135e-05
8,3,plurality,11,False,9.779981337487698e-05
8,3,plurality,12,False,8.479994721710682e-05
8,3,plurality,13,False,7.069995626807213e-05
8,3,plurality,14,False,7.140007801353931e-05
8,3,plurality,15,False,7.509998977184296e-05
8,3,plurality,16,False,7.16999638825655e-05
8,3,plurality,17,True,0.00012729992158710957
8,3,plurality,18,True,0.00017290003597736359
8,3,plurality,19,False,0.0001238000113517046
8,3,plurality,20,True,0.00011250004172325134
8,3,plurality,21,False,0.00019899988546967506
8,3,plurality,22,False,7.489998824894428e-05
8,3,plurality,23,False,7.209996692836285e-05
8,3,plurality,24,False,0.0003643999807536602
8,3,plurality,25,False,0.00010329997166991234
8,3,plurality,26,False,0.0001696001272648573
8,3,plurality,27,False,0.00019899988546967506
8,3,plurality,28,False,0.00019109994173049927
8,3,plurality,29,False,7.25998543202877e-05
8,3,plurality,30,True,0.00012550014071166515
8,3,plurality,31,False,8.389982394874096e-05
8,3,plurality,32,False,9.450013749301434e-05
8,3,plurality,33,False,7.539987564086914e-05
8,3,plurality,34,False,0.0002445001155138016
8,3,plurality,35,False,0.00021299999207258224
8,3,plurality,36,False,7.46001023799181e-05
8,3,plurality,37,False,9.149988181889057e-05
8,3,plurality,38,True,0.00011479994282126427
8,3,plurality,39,True,0.0001096001360565424
8,3,plurality,40,False,9.229988791048527e-05
8,3,plurality,41,True,0.00017639994621276855
8,3,plurality,42,False,7.399986498057842e-05
8,3,plurality,43,False,9.609991684556007e-05
8,3,plurality,44,False,7.599988020956516e-05
8,3,plurality,45,False,7.560010999441147e-05
8,3,plurality,46,False,7.409998215734959e-05
8,3,plurality,47,False,6.969994865357876e-05
8,3,plurality,48,False,6.950017996132374e-05
8,3,plurality,49,True,0.00011689984239637852
8,3,2-approval,0,False,6.989995017647743e-05
8,3,2-approval,1,True,0.00011290004476904869
8,3,2-approval,2,True,0.00024480000138282776
8,3,2-approval,3,False,7.930002175271511e-05
8,3,2-approval,4,False,0.00020609982311725616
8,3,2-approval,5,True,0.00013539986684918404
8,3,2-approval,6,False,8.650007657706738e-05
8,3,2-approval,7,False,7.00000673532486e-05
8,3,2-approval,8,False,8.839997462928295e-05
8,3,2-approval,9,False,0.00021580001339316368
8,3,2-approval,10,False,7.30000901967287e-05
8,3,2-approval,11,False,7.459986954927444e-05
8,3,2-approval,12,False,7.830001413822174e-05
8,3,2-approval,13,False,0.00021139997988939285
8,3,2-approval,14,False,7.520010694861412e-05
8,3,2-approval,15,False,8.970010094344616e-05
8,3,2-approval,16,False,7.129996083676815e-05
8,3,2-approval,17,True,0.0002492999192327261
8,3,2-approval,18,False,0.00022540008649230003
8,3,2-approval,19,False,0.00014979997649788857
8,3,2-approval,20,True,0.00015680002979934216
8,3,2-approval,21,False,0.00019720010459423065
8,3,2-approval,22,False,7.260008715093136e-05
8,3,2-approval,23,False,9.119999594986439e-05
8,3,2-approval,24,True,0.00012550014071166515
8,3,2-approval,25,False,9.070010855793953e-05
8,3,2-approval,26,False,7.319985888898373e-05
8,3,2-approval,27,False,0.00020119990222156048
8,3,2-approval,28,False,0.00019619986414909363
8,3,2-approval,29,False,0.0001205001026391983
8,3,2-approval,30,True,0.00015290011651813984
8,3,2-approval,31,False,7.140007801353931e-05
8,3,2-approval,32,False,7.389998063445091e-05
8,3,2-approval,33,False,8.069979958236217e-05
8,3,2-approval,34,False,0.00019359984435141087
8,3,2-approval,35,False,0.0002557998523116112
8,3,2-approval,36,False,6.949994713068008e-05
8,3,2-approval,37,False,7.150019519031048e-05
8,3,2-approval,38,False,0.00023179990239441395
8,3,2-approval,39,True,0.00012489990331232548
8,3,2-approval,40,False,7.109995931386948e-05
8,3,2-approval,41,True,0.00011909985914826393
8,3,2-approval,42,False,7.619988173246384e-05
8,3,2-approval,43,False,9.58999153226614e-05
8,3,2-approval,44,False,0.00011190003715455532
8,3,2-approval,45,False,7.670000195503235e-05
8,3,2-approval,46,False,0.00010109995491802692
8,3,2-approval,47,False,7.640011608600616e-05
8,3,2-approval,48,False,0.00014910008758306503
8,3,2-approval,49,True,0.00014599994756281376
8,3,veto,0,False,7.059983909130096e-05
8,3,veto,1,True,0.00012369989417493343
8,3,veto,2,True,0.00012320000678300858
8,3,veto,3,False,6.720004603266716e-05
8,3,veto,4,False,0.00019689998589456081
8,3,veto,5,True,0.00022409996017813683
8,3,veto,6,False,7.589999586343765e-05
8,3,veto,7,False,7.140007801353931e-05
8,3,veto,8,False,0.00012930016964673996
8,3,veto,9,False,0.00020530004985630512
8,3,veto,10,False,6.880005821585655e-05
8,3,veto,11,False,7.159984670579433e-05
8,3,veto,12,False,7.609999738633633e-05
8,3,veto,13,False,7.84001313149929e-05
8,3,veto,14,False,7.520010694861412e-05
8,3,veto,15,False,7.330020889639854e-05
8,3,veto,16,False,7.00999516993761e-05
8,3,veto,17,False,0.0002009000163525343
8,3,veto,18,True,0.00017390004359185696
8,3,veto,19,False,7.200008258223534e-05
8,3,veto,20,True,0.00011859997175633907
8,3,veto,21,False,0.0002912001218646765
8,3,veto,22,False,0.00010289996862411499
8,3,veto,23,False,0.00011039990931749344
8,3,veto,24,False,0.0002041999250650406
8,3,veto,25,False,0.0001422001514583826
8,3,veto,26,False,7.24999699741602e-05
8,3,veto,27,False,0.00029710005037486553
8,3,veto,28,False,0.0004430999979376793
8,3,veto,29,False,7.990002632141113e-05
8,3,veto,30,False,0.00022190017625689507
8,3,veto,31,False,7.329997606575489e-05
8,3,veto,32,False,7.209996692836285e-05
8,3,veto,33,False,8.299993351101875e-05
8,3,veto,34,False,0.0003075001295655966
8,3,veto,35,True,0.00015769992023706436
8,3,veto,36,False,7.00999516993761e-05
8,3,veto,37,False,9.190011769533157e-05
8,3,veto,38,False,0.00019260006956756115
8,3,veto,39,False,0.000260000117123127
8,3,veto,40,False,7.30000901967287e-05
8,3,veto,41,True,0.00014979997649788857
8,3,veto,42,False,7.340009324252605e-05
8,3,veto,43,False,6.84000551700592e-05
8,3,veto,44,False,7.770000956952572e-05
8,3,veto,45,False,7.179984822869301e-05
8,3,veto,46,False,9.479979053139687e-05
8,3,veto,47,False,0.0001230998896062374
8,3,veto,48,False,7.359986193478107e-05
8,3,veto,49,True,0.00012119999155402184
8,3,borda,0,False,7.260008715093136e-05
8,3,borda,1,True,0.00012610014528036118
8,3,borda,2,True,0.00012900005094707012
8,3,borda,3,False,6.980006583034992e-05
8,3,borda,4,False,0.00039769988507032394
8,3,borda,5,True,0.00014070002362132072
8,3,borda,6,False,7.049995474517345e-05
8,3,borda,7,False,0.00012870016507804394
8,3,borda,8,False,9.220000356435776e-05
8,3,borda,9,True,0.0004267999902367592
8,3,borda,10,False,0.00010419986210763454
8,3,borda,11,False,7.670000195503235e-05
8,3,borda,12,False,0.00010830000974237919
8,3,borda,13,False,6.869994103908539e-05
8,3,borda,14,False,0.00013199984095990658
8,3,borda,15,False,7.199984975159168e-05
8,3,borda,16,False,7.229996845126152e-05
8,3,borda,17,True,0.00014510005712509155
8,3,borda,18,True,0.00017520016990602016
8,3,borda,19,False,7.230020128190517e-05
8,3,borda,20,True,0.00012740003876388073
8,3,borda,21,False,0.00021370011381804943
8,3,borda,22,False,8.46001785248518e-05
8,3,borda,23,False,6.660004146397114e-05
8,3,borda,24,True,0.00014410004951059818
8,3,borda,25,False,9.110011160373688e-05
8,3,borda,26,False,6.990018300712109e-05
8,3,borda,27,False,0.00020270003005862236
8,3,borda,28,False,0.00023829983547329903
8,3,borda,29,False,7.660011760890484e-05
8,3,borda,30,True,0.00011770008131861687
8,3,borda,31,False,6.570015102624893e-05
8,3,borda,32,False,0.0001349998638033867
8,3,borda,33,False,7.539987564086914e-05
8,3,borda,34,False,0.0002562000881880522
8,3,borda,35,True,0.00021079997532069683
8,3,borda,36,False,0.00018249987624585629
8,3,borda,37,False,0.00011699995957314968
8,3,borda,38,True,0.0001449999399483204
8,3,borda,39,True,0.00013279984705150127
8,3,borda,40,False,7.329997606575489e-05
8,3,borda,41,True,0.00013599987141788006
8,3,borda,42,False,7.049995474517345e-05
8,3,borda,43,False,0.00010360009036958218
8,3,borda,44,False,7.349997758865356e-05
8,3,borda,45,False,6.689992733299732e-05
8,3,borda,46,False,9.959982708096504e-05
8,3,borda,47,False,7.100007496774197e-05
8,3,borda,48,False,9.109987877309322e-05
8,3,borda,49,True,0.00014050002209842205
8,4,plurality,0,True,0.00012280000373721123
8,4,plurality,1,False,0.00019160006195306778
8,4,plurality,2,False,7.539987564086914e-05
8,4,plurality,3,True,0.00015920004807412624
8,4,plurality,4,False,8.070003241300583e-05
8,4,plurality,5,False,0.00015989993698894978
8,4,plurality,6,True,0.00013619987294077873
8,4,plurality,7,True,0.00014579994603991508
8,4,plurality,8,True,0.00029070000164210796
8,4,plurality,9,False,8.009979501366615e-05
8,4,plurality,10,False,7.489998824894428e-05
8,4,plurality,11,True,0.00013359985314309597
8,4,plurality,12,True,0.00019959989003837109
8,4,plurality,13,False,0.0001830998808145523
8,4,plurality,14,True,0.0001354999840259552
8,4,plurality,15,False,7.95999076217413e-05
8,4,plurality,16,False,0.0002080998383462429
8,4,plurality,17,True,0.0001322000753134489
8,4,plurality,18,False,7.790001109242439e-05
8,4,plurality,19,False,0.0002615998964756727
8,4,plurality,20,True,0.0001463000662624836
8,4,plurality,21,False,9.580003097653389e-05
8,4,plurality,22,False,8.169980719685555e-05
8,4,plurality,23,False,9.450013749301434e-05
8,4,plurality,24,False,0.00023870007134974003
8,4,plurality,25,True,0.00012850016355514526
8,4,plurality,26,True,0.00022740010172128677
8,4,plurality,27,False,7.459986954927444e-05
8,4,plurality,28,False,7.700012065470219e-05
8,4,plurality,29,False,7.810001261532307e-05
8,4,plurality,30,True,0.00023719994351267815
8,4,plurality,31,True,0.00015460001304745674
8,4,plurality,32,False,0.00034609995782375336
8,4,plurality,33,False,0.00010910001583397388
8,4,plurality,34,False,7.800012826919556e-05
8,4,plurality,35,True,0.00011920020915567875
8,4,plurality,36,True,0.00017090002074837685
8,4,plurality,37,False,8.279993198812008e-05
8,4,plurality,38,False,0.00019319984130561352
8,4,plurality,39,False,8.190004155039787e-05
8,4,plurality,40,False,7.979990914463997e-05
8,4,plurality,41,True,0.00011830008588731289
8,4,plurality,42,False,0.00019699987024068832
8,4,plurality,43,False,7.749977521598339e-05
8,4,plurality,44,False,0.0003500001039355993
8,4,plurality,45,False,8.079991675913334e-05
8,4,plurality,46,False,8.530006743967533e-05
8,4,plurality,47,False,7.579987868666649e-05
8,4,plurality,48,False,0.00021409988403320312
8,4,plurality,49,False,0.00010269996710121632
8,4,2-approval,0,True,0.00013819988816976547
8,4,2-approval,1,False,0.00018150010146200657
8,4,2-approval,2,False,8.020014502108097e-05
8,4,2-approval,3,True,0.00016359984874725342
8,4,2-approval,4,False,9.769992902874947e-05
8,4,2-approval,5,False,0.0001993000041693449
8,4,2-approval,6,False,0.00028389994986355305
8,4,2-approval,7,True,0.00013120006769895554
8,4,2-approval,8,True,0.000143399927765131
8,4,2-approval,9,False,7.609999738633633e-05
8,4,2-approval,10,False,9.640003554522991e-05
8,4,2-approval,11,True,0.00012950017116963863
8,4,2-approval,12,False,0.00031669996678829193
8,4,2-approval,13,False,8.09000339359045e-05
8,4,2-approval,14,False,0.0003255999181419611
8,4,2-approval,15,False,7.919990457594395e-05
8,4,2-approval,16,True,0.00012480001896619797
8,4,2-approval,17,True,0.00012480001896619797
8,4,2-approval,18,False,7.970002479851246e-05
8,4,2-approval,19,False,0.00020319991745054722
8,4,2-approval,20,True,0.00015320000238716602
8,4,2-approval,21,False,7.970002479851246e-05
8,4,2-approval,22,False,8.189980871975422e-05
8,4,2-approval,23,False,8.839997462928295e-05
8,4,2-approval,24,False,0.00020219990983605385
8,4,2-approval,25,True,0.00023889984004199505
8,4,2-approval,26,False,0.000287800095975399
8,4,2-approval,27,False,7.560010999441147e-05
8,4,2-approval,28,False,9.119999594986439e-05
8,4,2-approval,29,False,8.00001434981823e-05
8,4,2-approval,30,True,0.0001300000585615635
8,4,2-approval,31,True,0.0001297001726925373
8,4,2-approval,32,True,0.0002077000681310892
8,4,2-approval,33,False,8.119991980493069e-05
8,4,2-approval,34,False,7.54001084715128e-05
8,4,2-approval,35,True,0.00019960012286901474
8,4,2-approval,36,True,0.00017490005120635033
8,4,2-approval,37,False,8.199992589652538e-05
8,4,2-approval,38,True,0.0001626999583095312
8,4,2-approval,39,False,7.910002022981644e-05
8,4,2-approval,40,False,8.38001724332571e-05
8,4,2-approval,41,True,0.00015540001913905144
8,4,2-approval,42,False,0.00020079989917576313
8,4,2-approval,43,False,0.00017899996601045132
8,4,2-approval,44,False,0.000264899805188179
8,4,2-approval,45,False,0.00010780012235045433
8,4,2-approval,46,False,8.150003850460052e-05
8,4,2-approval,47,False,0.00010189996100962162
8,4,2-approval,48,True,0.00022680009715259075
8,4,2-approval,49,False,8.659996092319489e-05
8,4,veto,0,False,0.00026110000908374786
8,4,veto,1,False,0.0003480999730527401
8,4,veto,2,False,7.790001109242439e-05
8,4,veto,3,True,0.00020699994638562202
8,4,veto,4,False,8.279993198812008e-05
8,4,veto,5,False,0.00030019995756447315
8,4,veto,6,False,0.0002093999646604061
8,4,veto,7,False,0.00019869999960064888
8,4,veto,8,False,0.000206399941816926
8,4,veto,9,False,0.00010200007818639278
8,4,veto,10,False,8.119991980493069e-05
8,4,veto,11,True,0.00013109995052218437
8,4,veto,12,True,0.00016119983047246933
8,4,veto,13,False,7.46001023799181e-05
8,4,veto,14,False,0.0002622001338750124
8,4,veto,15,False,8.5500068962574e-05
8,4,veto,16,True,0.000304599991068244
8,4,veto,17,True,0.00021309987641870975
8,4,veto,18,False,0.00012769992463290691
8,4,veto,19,False,0.0002568000927567482
8,4,veto,20,True,0.00012110010720789433
8,4,veto,21,False,7.750000804662704e-05
8,4,veto,22,False,8.119991980493069e-05
8,4,veto,23,False,0.00012930016964673996
8,4,veto,24,True,0.00017940020188689232
8,4,veto,25,True,0.00016769999638199806
8,4,veto,26,False,0.0002452000044286251
8,4,veto,27,False,7.830001413822174e-05
8,4,veto,28,False,7.960014045238495e-05
8,4,veto,29,False,7.409998215734959e-05
8,4,veto,30,True,0.0004005997907370329
8,4,veto,31,True,0.00019189994782209396
8,4,veto,32,False,0.00024259998463094234
8,4,veto,33,False,0.00010710000060498714
8,4,veto,34,False,8.439994417130947e-05
8,4,veto,35,False,0.0002443001139909029
8,4,veto,36,False,0.0002095999661833048
8,4,veto,37,False,0.00010100007057189941
8,4,veto,38,False,0.0002150998916476965
8,4,veto,39,False,0.000192900188267231
8,4,veto,40,False,8.830009028315544e-05
8,4,veto,41,True,0.00014450005255639553
8,4,veto,42,True,0.0001531001180410385
8,4,veto,43,False,7.389998063445091e-05
8,4,veto,44,False,0.00021529989317059517
8,4,veto,45,False,0.00031919986940920353
8,4,veto,46,False,7.910002022981644e-05
8,4,veto,47,False,9.059999138116837e-05
8,4,veto,48,True,0.000202300027012825
8,4,veto,49,False,7.600011304020882e-05
8,4,borda,0,True,0.0001534000039100647
8,4,borda,1,False,0.00021829991601407528
8,4,borda,2,False,7.650000043213367e-05
8,4,borda,3,True,0.00015490013174712658
8,4,borda,4,False,7.040007039904594e-05
8,4,borda,5,True,0.00028169993311166763
8,4,borda,6,False,0.00024880003184080124
8,4,borda,7,True,0.00013990001752972603
8,4,borda,8,True,0.00019269995391368866
8,4,borda,9,False,7.869978435337543e-05
8,4,borda,10,False,7.449998520314693e-05
8,4,borda,11,True,0.00013129995204508305
8,4,borda,12,True,0.0002826000563800335
8,4,borda,13,False,7.950002327561378e-05
8,4,borda,14,False,0.0002562999725341797
8,4,borda,15,False,0.00010739988647401333
8,4,borda,16,True,0.0001547001302242279
8,4,borda,17,True,0.00012569990940392017
8,4,borda,18,False,7.480010390281677e-05
8,4,borda,19,False,0.0002266999799758196
8,4,borda,20,True,0.000143800163641572
8,4,borda,21,False,9.860005229711533e-05
8,4,borda,22,False,7.409998215734959e-05
8,4,borda,23,False,7.530022412538528e-05
8,4,borda,24,False,0.000219699926674366
8,4,borda,25,True,0.0001626999583095312
8,4,borda,26,False,0.00023160013370215893
8,4,borda,27,False,9.600003249943256e-05
8,4,borda,28,False,9.750016033649445e-05
8,4,borda,29,False,0.00018420000560581684
8,4,borda,30,True,0.0001697000116109848
8,4,borda,31,True,0.00022069993428885937
8,4,borda,32,True,0.0001860000193119049
8,4,borda,33,False,7.84001313149929e-05
8,4,borda,34,False,7.24999699741602e-05
8,4,borda,35,True,0.0002131001092493534
8,4,borda,36,True,0.0001625001896172762
8,4,borda,37,False,7.640011608600616e-05
8,4,borda,38,True,0.00013689999468624592
8,4,borda,39,False,0.0001026000827550888
8,4,borda,40,False,7.299985736608505e-05
8,4,borda,41,True,0.00019609997980296612
8,4,borda,42,False,0.00023120013065636158
8,4,borda,43,False,7.760012522339821e-05
8,4,borda,44,False,0.0002337999176234007
8,4,borda,45,False,8.349982090294361e-05
8,4,borda,46,False,0.0001401999033987522
8,4,borda,47,False,7.579987868666649e-05
8,4,borda,48,False,0.0002536000683903694
8,4,borda,49,False,0.00010870001278817654
8,5,plurality,0,True,0.0001354000996798277
8,5,plurality,1,True,0.00012940005399286747
8,5,plurality,2,False,8.870009332895279e-05
8,5,plurality,3,False,8.699996396899223e-05
8,5,plurality,4,False,8.359993807971478e-05
8,5,plurality,5,False,0.0001221001148223877
8,5,plurality,6,False,8.670007809996605e-05
8,5,plurality,7,False,0.00026389979757368565
8,5,plurality,8,True,0.00012409989722073078
8,5,plurality,9,False,7.810001261532307e-05
8,5,plurality,10,False,0.0001066999975591898
8,5,plurality,11,False,0.000125400023534894
8,5,plurality,12,False,0.00010910001583397388
8,5,plurality,13,False,0.00010009994730353355
8,5,plurality,14,False,0.00018800003454089165
8,5,plurality,15,False,0.0004116999916732311
8,5,plurality,16,False,8.390005677938461e-05
8,5,plurality,17,False,8.87999776750803e-05
8,5,plurality,18,False,8.080014958977699e-05
8,5,plurality,19,False,0.00010469998233020306
8,5,plurality,20,True,0.00011890009045600891
8,5,plurality,21,False,0.0002549998462200165
8,5,plurality,22,False,0.0001126001589000225
8,5,plurality,23,True,0.000157299917191267
8,5,plurality,24,False,8.330005221068859e-05
8,5,plurality,25,False,0.00011769984848797321
8,5,plurality,26,False,0.0002229998353868723
8,5,plurality,27,False,8.370005525648594e-05
8,5,plurality,28,False,0.0001441999338567257
8,5,plurality,29,False,0.00025359983555972576
8,5,plurality,30,False,0.00019649998284876347
8,5,plurality,31,False,8.359993807971478e-05
8,5,plurality,32,True,0.00024850014597177505
8,5,plurality,33,False,8.810008876025677e-05
8,5,plurality,34,True,0.00011870008893311024
8,5,plurality,35,False,8.519995026290417e-05
8,5,plurality,36,True,0.0001205001026391983
8,5,plurality,37,False,0.00010069995187222958
8,5,plurality,38,False,9.12998802959919e-05
8,5,plurality,39,False,0.00040130014531314373
8,5,plurality,40,True,0.00012729992158710957
8,5,plurality,41,True,0.00011859997175633907
8,5,plurality,42,False,0.0003659999929368496
8,5,plurality,43,False,0.00011539994738996029
8,5,plurality,44,False,8.650007657706738e-05
8,5,plurality,45,False,8.749985136091709e-05
8,5,plurality,46,True,0.00013970001600682735
8,5,plurality,47,False,0.00030519999563694
8,5,plurality,48,True,0.00013029994443058968
8,5,plurality,49,False,8.169980719685555e-05
8,5,2-approval,0,True,0.00016910000704228878
8,5,2-approval,1,False,0.0002410002052783966
8,5,2-approval,2,False,8.490006439387798e-05
8,5,2-approval,3,False,0.0001259001437574625
8,5,2-approval,4,False,8.189980871975422e-05
8,5,2-approval,5,False,0.00011390005238354206
8,5,2-approval,6,False,7.71000050008297e-05
8,5,2-approval,7,False,0.00019329995848238468
8,5,2-approval,8,True,0.00027290009893476963
8,5,2-approval,9,False,0.00010540010407567024
8,5,2-approval,10,False,8.159992285072803e-05
8,5,2-approval,11,False,0.00013159983791410923
8,5,2-approval,12,False,0.00012320000678300858
8,5,2-approval,13,False,8.239992894232273e-05
8,5,2-approval,14,False,0.00019020005129277706
8,5,2-approval,15,False,0.00022719986736774445
8,5,2-approval,16,False,0.00011509982869029045
8,5,2-approval,17,False,0.00010469998233020306
8,5,2-approval,18,False,0.0001722997985780239
8,5,2-approval,19,False,0.00011650007218122482
8,5,2-approval,20,True,0.00016339984722435474
8,5,2-approval,21,True,0.00023869983851909637
8,5,2-approval,22,False,0.00010139984078705311
8,5,2-approval,23,True,0.00014100014232099056
8,5,2-approval,24,False,8.759996853768826e-05
8,5,2-approval,25,False,9.860005229711533e-05
8,5,2-approval,26,True,0.00016480009071528912
8,5,2-approval,27,False,8.469983004033566e-05
8,5,2-approval,28,False,7.820012979209423e-05
8,5,2-approval,29,False,0.00029710005037486553
8,5,2-approval,30,False,0.0003208999987691641
8,5,2-approval,31,False,0.0002671000547707081
8,5,2-approval,32,False,0.00030060019344091415
8,5,2-approval,33,False,0.00018249987624585629
8,5,2-approval,34,False,0.00028909998945891857
8,5,2-approval,35,False,0.00010750000365078449
8,5,2-approval,36,True,0.00018319999799132347
8,5,2-approval,37,False,0.00014849985018372536
8,5,2-approval,38,False,9.429990313947201e-05
8,5,2-approval,39,True,0.000188400037586689
8,5,2-approval,40,True,0.00015030009672045708
8,5,2-approval,41,False,0.00018990016542375088
8,5,2-approval,42,False,8.499994874000549e-05
8,5,2-approval,43,False,9.959982708096504e-05
8,5,2-approval,44,False,9.560002945363522e-05
8,5,2-approval,45,False,8.539995178580284e-05
8,5,2-approval,46,True,0.00017730006948113441
8,5,2-approval,47,False,0.00020430004224181175
8,5,2-approval,48,True,0.00012149987742304802
8,5,2-approval,49,False,8.469983004033566e-05
8,5,veto,0,False,0.00025589996948838234
8,5,veto,1,True,0.0001893998123705387
8,5,veto,2,False,0.00011090002954006195
8,5,veto,3,False,0.00017539993859827518
8,5,veto,4,False,8.579995483160019e-05
8,5,veto,5,False,8.479994721710682e-05
8,5,veto,6,False,0.00012420001439750195
8,5,veto,7,True,0.0001984001137316227
8,5,veto,8,True,0.00012730015441775322
8,5,veto,9,False,0.00010080006904900074
8,5,veto,10,False,0.0001987998839467764
8,5,veto,11,False,8.099991828203201e-05
8,5,veto,12,False,0.00015489989891648293
8,5,veto,13,False,9.220000356435776e-05
8,5,veto,14,False,0.000260799890384078
8,5,veto,15,False,0.000246700132265687
8,5,veto,16,False,8.130003698170185e-05
8,5,veto,17,False,0.00010259984992444515
8,5,veto,18,False,8.830009028315544e-05
8,5,veto,19,False,7.890001870691776e-05
8,5,veto,20,False,0.0005538999103009701
8,5,veto,21,False,0.00027059996500611305
8,5,veto,22,False,8.249981328845024e-05
8,5,veto,23,True,0.00013810000382363796
8,5,veto,24,False,9.110011160373688e-05
8,5,veto,25,False,0.00013749999925494194
8,5,veto,26,False,0.00025420007295906544
8,5,veto,27,False,8.699996396899223e-05
8,5,veto,28,False,0.00014239992015063763
8,5,veto,29,False,0.0002482000272721052
8,5,veto,30,True,0.0001363998744636774
8,5,veto,31,False,8.569983765482903e-05
8,5,veto,32,False,0.0004977998323738575
8,5,veto,33,False,0.00012170011177659035
8,5,veto,34,True,0.00015949993394315243
8,5,veto,35,False,0.00011329981498420238
8,5,veto,36,True,0.00022549997083842754
8,5,veto,37,False,8.569983765482903e-05
8,5,veto,38,False,9.629991836845875e-05
8,5,veto,39,False,0.00024940003640949726
8,5,veto,40,False,0.0004289001226425171
8,5,veto,41,True,0.00014389981515705585
8,5,veto,42,False,8.019991219043732e-05
8,5,veto,43,False,9.059999138116837e-05
8,5,veto,44,False,8.5500068962574e-05
8,5,veto,45,False,0.00011490005999803543
8,5,veto,46,True,0.00016649998724460602
8,5,veto,47,False,0.00023239990696310997
8,5,veto,48,True,0.0001597998198121786
8,5,veto,49,False,0.00011790008284151554
8,5,borda,0,True,0.0001431000418961048
8,5,borda,1,True,0.0001688001211732626
8,5,borda,2,False,8.490006439387798e-05
8,5,borda,3,False,0.00011239992454648018
8,5,borda,4,False,9.280000813305378e-05
8,5,borda,5,False,9.729992598295212e-05
8,5,borda,6,False,7.770000956952572e-05
8,5,borda,7,False,0.00024239998310804367
8,5,borda,8,True,0.00014690007083117962
8,5,borda,9,False,8.699996396899223e-05
8,5,borda,10,False,0.00014899997040629387
8,5,borda,11,False,7.950002327561378e-05
8,5,borda,12,False,8.270004764199257e-05
8,5,borda,13,False,8.119991980493069e-05
8,5,borda,14,False,0.0002449001185595989
8,5,borda,15,True,0.0002197998110204935
8,5,borda,16,False,0.00011070002801716328
8,5,borda,17,False,8.399994112551212e-05
8,5,borda,18,False,7.790001109242439e-05
8,5,borda,19,False,8.559995330870152e-05
8,5,borda,20,True,0.00014070002362132072
8,5,borda,21,True,0.0005457000806927681
8,5,borda,22,False,0.0001585001591593027
8,5,borda,23,True,0.00021740002557635307
8,5,borda,24,False,9.910017251968384e-05
8,5,borda,25,False,8.599995635449886e-05
8,5,borda,26,False,0.0007414000574499369
8,5,borda,27,False,7.999991066753864e-05
8,5,borda,28,False,8.299993351101875e-05
8,5,borda,29,True,0.0002552999649196863
8,5,borda,30,False,0.00026299990713596344
8,5,borda,31,False,0.0001058999914675951
8,5,borda,32,True,0.00013820012100040913
8,5,borda,33,False,8.079991675913334e-05
8,5,borda,34,True,0.00018560001626610756
8,5,borda,35,False,0.00015770015306770802
8,5,borda,36,True,0.0002133999951183796
8,5,borda,37,False,9.529991075396538e-05
8,5,borda,38,False,7.46001023799181e-05
8,5,borda,39,True,0.0002288001123815775
8,5,borda,40,False,0.00028130016289651394
8,5,borda,41,False,0.0005642999894917011
8,5,borda,42,False,8.25999304652214e-05
8,5,borda,43,False,7.889978587627411e-05
8,5,borda,44,False,7.54999928176403e-05
8,5,borda,45,False,0.00010289996862411499
8,5,borda,46,True,0.0002327000256627798
8,5,borda,47,False,0.0006266001146286726
8,5,borda,48,True,0.00013770000077784061
8,5,borda,49,False,9.760004468262196e-05
8,6,plurality,0,True,0.00013449997641146183
8,6,plurality,1,False,0.0002093000803142786
8,6,plurality,2,False,8.739996701478958e-05
8,6,plurality,3,False,8.830009028315544e-05
8,6,plurality,4,False,0.00023659993894398212
8,6,plurality,5,False,0.00018470012582838535
8,6,plurality,6,False,0.00020730006508529186
8,6,plurality,7,False,0.00020779995247721672
8,6,plurality,8,False,8.459994569420815e-05
8,6,plurality,9,False,0.00020999996922910213
8,6,plurality,10,False,0.00011739996261894703
8,6,plurality,11,False,8.510006591677666e-05
8,6,plurality,12,False,9.220000356435776e-05
8,6,plurality,13,False,0.00010020006448030472
8,6,plurality,14,True,0.0002566000912338495
8,6,plurality,15,True,0.00014260015450417995
8,6,plurality,16,False,0.00010310020297765732
8,6,plurality,17,False,0.00011870008893311024
8,6,plurality,18,False,8.869986049830914e-05
8,6,plurality,19,False,0.00010389997623860836
8,6,plurality,20,False,8.939998224377632e-05
8,6,plurality,21,False,0.00020739994943141937
8,6,plurality,22,True,0.00013409997336566448
8,6,plurality,23,True,0.00028840010054409504
8,6,plurality,24,False,9.620003402233124e-05
8,6,plurality,25,True,0.00013529998250305653
8,6,plurality,26,False,8.930009789764881e-05
8,6,plurality,27,False,8.379993960261345e-05
8,6,plurality,28,True,0.00012989994138479233
8,6,plurality,29,False,0.00010939990170300007
8,6,plurality,30,False,0.00012940005399286747
8,6,plurality,31,False,8.970010094344616e-05
8,6,plurality,32,False,8.779997006058693e-05
8,6,plurality,33,False,0.0002360998187214136
8,6,plurality,34,True,0.00015460001304745674
8,6,plurality,35,False,8.450006134808064e-05
8,6,plurality,36,True,0.0001317998394370079
8,6,plurality,37,False,0.00011170003563165665
8,6,plurality,38,False,8.570007048547268e-05
8,6,plurality,39,False,0.00011869985610246658
8,6,plurality,40,True,0.0001330000814050436
8,6,plurality,41,True,0.0001284000463783741
8,6,plurality,42,False,0.0003776999656111002
8,6,plurality,43,False,0.00021359999664127827
8,6,plurality,44,False,8.970010094344616e-05
8,6,plurality,45,False,0.00011989986523985863
8,6,plurality,46,False,8.979998528957367e-05
8,6,plurality,47,False,0.00016169995069503784
8,6,plurality,48,True,0.00015900004655122757
8,6,plurality,49,False,0.00028989999555051327
8,6,2-approval,0,True,0.00021530012600123882
8,6,2-approval,1,True,0.00023159990087151527
8,6,2-approval,2,False,9.640003554522991e-05
8,6,2-approval,3,False,8.280016481876373e-05
8,6,2-approval,4,False,0.00024129985831677914
8,6,2-approval,5,False,8.590007200837135e-05
8,6,2-approval,6,False,0.00012280000373721123
8,6,2-approval,7,False,9.109987877309322e-05
8,6,2-approval,8,False,8.870009332895279e-05
8,6,2-approval,9,False,0.000247300136834383
8,6,2-approval,10,False,8.759996853768826e-05
8,6,2-approval,11,False,0.00010850001126527786
8,6,2-approval,12,False,0.00012589991092681885
8,6,2-approval,13,False,8.660019375383854e-05
8,6,2-approval,14,True,0.00014789984561502934
8,6,2-approval,15,True,0.0001330999657511711
8,6,2-approval,16,False,9.770016185939312e-05
8,6,2-approval,17,False,0.00010089995339512825
8,6,2-approval,18,False,9.629991836845875e-05
8,6,2-approval,19,False,0.00012240000069141388
8,6,2-approval,20,False,9.099999442696571e-05
8,6,2-approval,21,False,0.00022649997845292091
8,6,2-approval,22,True,0.00017539993859827518
8,6,2-approval,23,True,0.00013519986532628536
8,6,2-approval,24,False,9.480002336204052e-05
8,6,2-approval,25,True,0.0002196000423282385
8,6,2-approval,26,False,9.009987115859985e-05
8,6,2-approval,27,False,8.79999715834856e-05
8,6,2-approval,28,False,0.0003233000170439482
8,6,2-approval,29,False,0.0001962999813258648
8,6,2-approval,30,False,9.040022268891335e-05
8,6,2-approval,31,False,8.499994874000549e-05
8,6,2-approval,32,False,0.00010540010407567024
8,6,2-approval,33,False,0.00022700009867548943
8,6,2-approval,34,False,0.00021610013209283352
8,6,2-approval,35,False,8.709984831511974e-05
8,6,2-approval,36,False,0.0002204999327659607
8,6,2-approval,37,False,8.670007809996605e-05
8,6,2-approval,38,False,0.00011559994891285896
8,6,2-approval,39,False,9.440002031624317e-05
8,6,2-approval,40,True,0.00019679986871778965
8,6,2-approval,41,False,0.00019449996761977673
8,6,2-approval,42,True,0.0001441999338567257
8,6,2-approval,43,False,0.00022569997236132622
8,6,2-approval,44,False,0.00018369988538324833
8,6,2-approval,45,False,9.450013749301434e-05
8,6,2-approval,46,False,0.00010319985449314117
8,6,2-approval,47,False,8.919998072087765e-05
8,6,2-approval,48,True,0.000188400037586689
8,6,2-approval,49,False,0.00024470011703670025
8,6,veto,0,False,0.0003434000536799431
8,6,veto,1,True,0.00015320000238716602
8,6,veto,2,False,0.0001091999001801014
8,6,veto,3,False,0.0002093999646604061
8,6,veto,4,True,0.00020190002396702766
8,6,veto,5,False,9.449990466237068e-05
8,6,veto,6,False,9.489990770816803e-05
8,6,veto,7,False,8.470006287097931e-05
8,6,veto,8,False,8.440017700195312e-05
8,6,veto,9,False,0.00026459991931915283
8,6,veto,10,False,8.899997919797897e-05
8,6,veto,11,False,8.809985592961311e-05
8,6,veto,12,False,8.849985897541046e-05
8,6,veto,13,False,0.00010040006600320339
8,6,veto,14,True,0.00014309980906546116
8,6,veto,15,True,0.0001721000298857689
8,6,veto,16,False,0.00011419993825256824
8,6,veto,17,False,8.919998072087765e-05
8,6,veto,18,False,8.779997006058693e-05
8,6,veto,19,False,0.00020919996313750744
8,6,veto,20,False,0.00010149995796382427
8,6,veto,21,False,0.0002321999054402113
8,6,veto,22,False,0.00029550003819167614
8,6,veto,23,True,0.0004181000404059887
8,6,veto,24,False,0.00013519986532628536
8,6,veto,25,False,0.0002732998691499233
8,6,veto,26,False,8.779997006058693e-05
8,6,veto,27,False,0.0001564000267535448
8,6,veto,28,False,0.0002803998067975044
8,6,veto,29,False,0.00010639987885951996
8,6,veto,30,False,9.529991075396538e-05
8,6,veto,31,False,0.00010840012691915035
8,6,veto,32,False,0.00011570006608963013
8,6,veto,33,False,0.0002739999908953905
8,6,veto,34,True,0.00030479999259114265
8,6,veto,35,False,9.389990009367466e-05
8,6,veto,36,False,0.0002582001034170389
8,6,veto,37,False,8.580018766224384e-05
8,6,veto,38,False,9.220000356435776e-05
8,6,veto,39,False,0.00010680011473596096
8,6,veto,40,True,0.0002163001336157322
8,6,veto,41,False,0.00023039989173412323
8,6,veto,42,False,0.00022409996017813683
8,6,veto,43,False,0.00029250001534819603
8,6,veto,44,False,0.0002492999192327261
8,6,veto,45,False,9.689992293715477e-05
8,6,veto,46,False,9.760004468262196e-05
8,6,veto,47,False,9.009987115859985e-05
8,6,veto,48,True,0.0001425000373274088
8,6,veto,49,False,0.00025439984165132046
8,6,borda,0,True,0.0001813999842852354
8,6,borda,1,True,0.00017700018361210823
8,6,borda,2,False,9.159999899566174e-05
8,6,borda,3,False,0.00010189996100962162
8,6,borda,4,False,0.0002695999573916197
8,6,borda,5,False,0.00016879988834261894
8,6,borda,6,False,0.00012079998850822449
8,6,borda,7,False,0.00014289980754256248
8,6,borda,8,False,9.389990009367466e-05
8,6,borda,9,False,0.0002818999346345663
8,6,borda,10,False,8.770008571445942e-05
8,6,borda,11,False,0.0001167000737041235
8,6,borda,12,False,0.00011139991693198681
8,6,borda,13,False,0.0001230000052601099
8,6,borda,14,True,0.00020450004376471043
8,6,borda,15,True,0.0001821001060307026
8,6,borda,16,False,8.990010246634483e-05
8,6,borda,17,False,0.00012489990331232548
8,6,borda,18,False,9.360001422464848e-05
8,6,borda,19,False,0.00011110003106296062
8,6,borda,20,False,8.219992741942406e-05
8,6,borda,21,True,0.00020819995552301407
8,6,borda,22,True,0.00020489981397986412
8,6,borda,23,True,0.00016249995678663254
8,6,borda,24,False,8.779997006058693e-05
8,6,borda,25,True,0.0002505001612007618
8,6,borda,26,False,8.709984831511974e-05
8,6,borda,27,False,8.489983156323433e-05
8,6,borda,28,False,0.00026590004563331604
8,6,borda,29,False,9.280000813305378e-05
8,6,borda,30,False,9.55001451075077e-05
8,6,borda,31,False,0.00018019997514784336
8,6,borda,32,False,0.00013240007683634758
8,6,borda,33,False,0.000247300136834383
8,6,borda,34,False,0.0002902999985963106
8,6,borda,35,False,8.490006439387798e-05
8,6,borda,36,False,0.000260000117123127
8,6,borda,37,False,0.00011099991388618946
8,6,borda,38,False,8.399994112551212e-05
8,6,borda,39,False,9.119999594986439e-05
8,6,borda,40,True,0.0001564000267535448
8,6,borda,41,False,0.00026030000299215317
8,6,borda,42,False,0.0006897000130265951
8,6,borda,43,True,0.00017659994773566723
8,6,borda,44,False,0.00010689999908208847
8,6,borda,45,False,0.00010029994882643223
8,6,borda,46,False,9.79001633822918e-05
8,6,borda,47,False,8.539995178580284e-05
8,6,borda,48,True,0.0001838000025600195
8,6,borda,49,False,0.0002847001887857914
8,7,plurality,0,True,0.00014789984561502934
8,7,plurality,1,False,9.030010551214218e-05
8,7,plurality,2,True,0.00023550004698336124
8,7,plurality,3,False,0.00026580016128718853
8,7,plurality,4,False,0.00023290002718567848
8,7,plurality,5,False,9.809993207454681e-05
8,7,plurality,6,False,0.00025180005468428135
8,7,plurality,7,False,9.840005077421665e-05
8,7,plurality,8,False,0.00018440000712871552
8,7,plurality,9,True,0.00014970009215176105
8,7,plurality,10,True,0.00013740011490881443
8,7,plurality,11,False,0.0002188000362366438
8,7,plurality,12,False,0.00020779995247721672
8,7,plurality,13,True,0.00014079990796744823
8,7,plurality,14,False,0.00011020014062523842
8,7,plurality,15,False,9.449990466237068e-05
8,7,plurality,16,False,9.429990313947201e-05
8,7,plurality,17,False,9.80000477284193e-05
8,7,plurality,18,False,9.119999594986439e-05
8,7,plurality,19,False,0.0001113000325858593
8,7,plurality,20,True,0.00013999990187585354
8,7,plurality,21,False,0.00010140007361769676
8,7,plurality,22,True,0.00014990009367465973
8,7,plurality,23,False,0.0002474000211805105
8,7,plurality,24,False,0.0002226000651717186
8,7,plurality,25,False,0.00010240008123219013
8,7,plurality,26,False,0.00023699994198977947
8,7,plurality,27,False,0.0004849000833928585
8,7,plurality,28,True,0.0001881001517176628
8,7,plurality,29,True,0.00016369996592402458
8,7,plurality,30,False,0.00011269981041550636
8,7,plurality,31,False,9.569991379976273e-05
8,7,plurality,32,False,9.889993816614151e-05
8,7,plurality,33,False,0.000228899996727705
8,7,plurality,34,False,9.329989552497864e-05
8,7,plurality,35,False,0.00013800011947751045
8,7,plurality,36,True,0.00021199998445808887
8,7,plurality,37,False,0.00011079991236329079
8,7,plurality,38,False,9.380001574754715e-05
8,7,plurality,39,False,0.00012829992920160294
8,7,plurality,40,False,0.00016990001313388348
8,7,plurality,41,False,0.00020110001787543297
8,7,plurality,42,False,0.00020459992811083794
8,7,plurality,43,False,0.00022469996474683285
8,7,plurality,44,True,0.000192900188267231
8,7,plurality,45,False,9.740004315972328e-05
8,7,plurality,46,False,9.75998118519783e-05
8,7,plurality,47,False,9.729992598295212e-05
8,7,plurality,48,True,0.00013459986075758934
8,7,plurality,49,False,0.00011739996261894703
8,7,2-approval,0,True,0.00016369996592402458
8,7,2-approval,1,False,8.819997310638428e-05
8,7,2-approval,2,False,0.0002785001415759325
8,7,2-approval,3,False,0.00022849999368190765
8,7,2-approval,4,False,0.0002047000452876091
8,7,2-approval,5,False,0.00014280015602707863
8,7,2-approval,6,False,0.00048099993728101254
8,7,2-approval,7,False,9.530014358460903e-05
8,7,2-approval,8,False,8.699996396899223e-05
8,7,2-approval,9,True,0.00017179991118609905
8,7,2-approval,10,True,0.00015320000238716602
8,7,2-approval,11,False,0.00047919992357492447
8,7,2-approval,12,False,8.779997006058693e-05
8,7,2-approval,13,True,0.00015999982133507729
8,7,2-approval,14,False,0.00010169995948672295
8,7,2-approval,15,False,0.00014539994299411774
8,7,2-approval,16,False,0.00012449990026652813
8,7,2-approval,17,False,0.00010160007514059544
8,7,2-approval,18,False,0.00010760012082755566
8,7,2-approval,19,False,9.380001574754715e-05
8,7,2-approval,20,True,0.00014890008606016636
8,7,2-approval,21,False,0.00011819996871054173
8,7,2-approval,22,True,0.00015569990500807762
8,7,2-approval,23,False,0.0002615000121295452
8,7,2-approval,24,False,0.00021190010011196136
8,7,2-approval,25,False,0.00010699988342821598
8,7,2-approval,26,False,8.759996853768826e-05
8,7,2-approval,27,True,0.00028360006399452686
8,7,2-approval,28,True,0.00014519994147121906
8,7,2-approval,29,False,0.00021900003775954247
8,7,2-approval,30,False,9.139999747276306e-05
8,7,2-approval,31,False,0.00011479994282126427
8,7,2-approval,32,False,9.34000127017498e-05
8,7,2-approval,33,False,0.00027050008065998554
8,7,2-approval,34,False,0.00012620002962648869
8,7,2-approval,35,False,9.709992446005344e-05
8,7,2-approval,36,True,0.00017060013487935066
8,7,2-approval,37,False,9.920005686581135e-05
8,7,2-approval,38,False,9.109987877309322e-05
8,7,2-approval,39,False,0.0001517999917268753
8,7,2-approval,40,False,9.920005686581135e-05
8,7,2-approval,41,False,0.00023959996178746223
8,7,2-approval,42,False,0.0002272999845445156
8,7,2-approval,43,False,0.0002758998889476061
8,7,2-approval,44,False,0.00026430003345012665
8,7,2-approval,45,False,0.00010310020297765732
8,7,2-approval,46,False,9.380001574754715e-05
8,7,2-approval,47,False,0.00013729999773204327
8,7,2-approval,48,True,0.00018029985949397087
8,7,2-approval,49,False,0.0001370999962091446
8,7,veto,0,False,0.0002400998491793871
8,7,veto,1,False,8.810008876025677e-05
8,7,veto,2,True,0.0002337999176234007
8,7,veto,3,True,0.00021440000273287296
8,7,veto,4,False,0.00022909999825060368
8,7,veto,5,False,0.00011430005542933941
8,7,veto,6,False,0.0004116001073271036
8,7,veto,7,False,0.0001191999763250351
8,7,veto,8,False,0.00012280000373721123
8,7,veto,9,False,0.0002682998310774565
8,7,veto,10,True,0.0002916001249104738
8,7,veto,11,False,0.00024269986897706985
8,7,veto,12,False,8.989986963570118e-05
8,7,veto,13,False,0.00026730005629360676
8,7,veto,14,False,0.00010220007970929146
8,7,veto,15,False,0.00011070002801716328
8,7,veto,16,False,9.200000204145908e-05
8,7,veto,17,False,0.00011550006456673145
8,7,veto,18,False,0.00011899997480213642
8,7,veto,19,False,9.680003859102726e-05
8,7,veto,20,False,0.00025199982337653637
8,7,veto,21,False,9.269989095628262e-05
8,7,veto,22,True,0.00020110001787543297
8,7,veto,23,False,0.0002435001078993082
8,7,veto,24,False,0.0002774999011307955
8,7,veto,25,False,9.04998742043972e-05
8,7,veto,26,False,0.0001088001299649477
8,7,veto,27,False,0.00025960011407732964
8,7,veto,28,False,0.00027459999546408653
8,7,veto,29,False,0.00026100012473762035
8,7,veto,30,False,9.889993816614151e-05
8,7,veto,31,False,0.0001759000588208437
8,7,veto,32,False,0.00010520010255277157
8,7,veto,33,False,0.00028339982964098454
8,7,veto,34,False,0.00010329997166991234
8,7,veto,35,False,8.299993351101875e-05
8,7,veto,36,False,0.0002733999863266945
8,7,veto,37,False,9.119999594986439e-05
8,7,veto,38,False,9.769992902874947e-05
8,7,veto,39,False,9.920005686581135e-05
8,7,veto,40,False,8.970010094344616e-05
8,7,veto,41,False,0.00026139989495277405
8,7,veto,42,False,0.00023579993285238743
8,7,veto,43,False,0.00030409987084567547
8,7,veto,44,False,0.0002929000183939934
8,7,veto,45,False,9.429990313947201e-05
8,7,veto,46,False,0.00014079990796744823
8,7,veto,47,False,0.0001916999462991953
8,7,veto,48,False,0.0003315000794827938
8,7,veto,49,False,0.0001534998882561922
8,7,borda,0,True,0.00022700009867548943
8,7,borda,1,False,9.640003554522991e-05
8,7,borda,2,True,0.00032970006577670574
8,7,borda,3,True,0.0005765000823885202
8,7,borda,4,False,0.0007879999466240406
8,7,borda,5,False,9.429990313947201e-05
8,7,borda,6,False,0.0002625000197440386
8,7,borda,7,False,0.00012410013005137444
8,7,borda,8,False,9.130011312663555e-05
8,7,borda,9,True,0.00016990001313388348
8,7,borda,10,True,0.0001727000344544649
8,7,borda,11,False,0.0002919998951256275
8,7,borda,12,False,9.099999442696571e-05
8,7,borda,13,True,0.0002492999192327261
8,7,borda,14,False,9.200000204145908e-05
8,7,borda,15,False,9.099999442696571e-05
8,7,borda,16,False,0.00010180007666349411
8,7,borda,17,False,0.00010180007666349411
8,7,borda,18,False,0.00013679987750947475
8,7,borda,19,False,0.00010479986667633057
8,7,borda,20,True,0.00019899988546967506
8,7,borda,21,False,0.00010240008123219013
8,7,borda,22,True,0.00034820009022951126
8,7,borda,23,False,0.0005821001250296831
8,7,borda,24,False,0.0003122000489383936
8,7,borda,25,False,8.919998072087765e-05
8,7,borda,26,False,0.00013859989121556282
8,7,borda,27,True,0.000175100052729249
8,7,borda,28,True,0.00035690004006028175
8,7,borda,29,True,0.0002911000046879053
8,7,borda,30,False,9.449990466237068e-05
8,7,borda,31,False,0.00012600002810359
8,7,borda,32,False,8.750008419156075e-05
8,7,borda,33,True,0.00028169993311166763
8,7,borda,34,False,0.0001626999583095312
8,7,borda,35,False,8.679996244609356e-05
8,7,borda,36,True,0.00029090000316500664
8,7,borda,37,False,8.239992894232273e-05
8,7,borda,38,False,9.729992598295212e-05
8,7,borda,39,False,0.00012149987742304802
8,7,borda,40,False,9.240000508725643e-05
8,7,borda,41,True,0.0005210000090301037
8,7,borda,42,False,0.0009316001087427139
8,7,borda,43,True,0.0004493999294936657
8,7,borda,44,False,0.00027459999546408653
8,7,borda,45,False,0.0001455999445170164
8,7,borda,46,False,9.930017404258251e-05
8,7,borda,47,False,0.000193099956959486
8,7,borda,48,False,0.000238100066781044
8,7,borda,49,False,0.00016820011660456657
9,2,plurality,0,False,6.520003080368042e-05
9,2,plurality,1,False,0.0002484000287950039
9,2,plurality,2,False,0.0002064998261630535
9,2,plurality,3,True,0.0001368001103401184
9,2,plurality,4,False,8.640019223093987e-05
9,2,plurality,5,False,9.889993816614151e-05
9,2,plurality,6,False,7.160007953643799e-05
9,2,plurality,7,False,0.00025379983708262444
9,2,plurality,8,False,0.00014579994603991508
9,2,plurality,9,False,0.00011939997784793377
9,2,plurality,10,False,0.0002516999375075102
9,2,plurality,11,True,0.00012960005551576614
9,2,plurality,12,False,0.00012069987133145332
9,2,plurality,13,False,7.189996540546417e-05
9,2,plurality,14,False,0.00025679985992610455
9,2,plurality,15,False,8.850009180605412e-05
9,2,plurality,16,False,6.770016625523567e-05
9,2,plurality,17,False,7.220008410513401e-05
9,2,plurality,18,False,0.0001091999001801014
9,2,plurality,19,False,6.989995017647743e-05
9,2,plurality,20,False,9.8800053820014e-05
9,2,plurality,21,True,0.00011310004629194736
9,2,plurality,22,False,7.040007039904594e-05
9,2,plurality,23,False,0.00010560010559856892
9,2,plurality,24,True,0.00014110002666711807
9,2,plurality,25,False,7.24999699741602e-05
9,2,plurality,26,True,0.00011390005238354206
9,2,plurality,27,True,0.0003296998329460621
9,2,plurality,28,False,8.670007809996605e-05
9,2,plurality,29,False,7.759989239275455e-05
9,2,plurality,30,False,7.900013588368893e-05
9,2,plurality,31,False,7.289997301995754e-05
9,2,plurality,32,False,7.340009324252605e-05
9,2,plurality,33,False,0.00012409989722073078
9,2,plurality,34,False,7.120007649064064e-05
9,2,plurality,35,True,0.00012390012852847576
9,2,plurality,36,False,0.0002857998479157686
9,2,plurality,37,False,7.24999699741602e-05
9,2,plurality,38,False,0.00024819979444146156
9,2,plurality,39,False,0.00011819996871054173
9,2,plurality,40,False,7.24999699741602e-05
9,2,plurality,41,False,7.149996235966682e-05
9,2,plurality,42,False,7.039983756840229e-05
9,2,plurality,43,False,7.699988782405853e-05
9,2,plurality,44,False,0.0001284000463783741
9,2,plurality,45,False,0.00014070002362132072
9,2,plurality,46,False,7.389998063445091e-05
9,2,plurality,47,False,7.030018605291843e-05
9,2,plurality,48,False,7.870001718401909e-05
9,2,plurality,49,False,7.489998824894428e-05
9,2,2-approval,0,False,7.279985584318638e-05
9,2,2-approval,1,False,0.00026810006238520145
9,2,2-approval,2,False,0.0002348001580685377
9,2,2-approval,3,True,0.0001191999763250351
9,2,2-approval,4,False,7.580011151731014e-05
9,2,2-approval,5,False,7.220008410513401e-05
9,2,2-approval,6,False,6.780005060136318e-05
9,2,2-approval,7,False,0.0002540999557822943
9,2,2-approval,8,False,8.270004764199257e-05
9,2,2-approval,9,False,7.309997454285622e-05
9,2,2-approval,10,False,0.0002794999163597822
9,2,2-approval,11,True,0.00012490013614296913
9,2,2-approval,12,False,7.109995931386948e-05
9,2,2-approval,13,False,7.160007953643799e-05
9,2,2-approval,14,False,0.00022579985670745373
9,2,2-approval,15,False,6.529991514980793e-05
9,2,2-approval,16,False,8.949986658990383e-05
9,2,2-approval,17,False,8.25999304652214e-05
9,2,2-approval,18,False,8.599995635449886e-05
9,2,2-approval,19,False,0.000147900078445673
9,2,2-approval,20,False,7.16999638825655e-05
9,2,2-approval,21,True,0.00011350004933774471
9,2,2-approval,22,False,8.309981785714626e-05
9,2,2-approval,23,False,7.890001870691776e-05
9,2,2-approval,24,True,0.00013280007988214493
9,2,2-approval,25,False,9.249988943338394e-05
9,2,2-approval,26,True,0.0001718001440167427
9,2,2-approval,27,True,0.0001938999630510807
9,2,2-approval,28,False,0.0001121999230235815
9,2,2-approval,29,False,0.00010120007209479809
9,2,2-approval,30,False,6.880005821585655e-05
9,2,2-approval,31,False,8.399994112551212e-05
9,2,2-approval,32,False,7.489998824894428e-05
9,2,2-approval,33,False,7.200008258223534e-05
9,2,2-approval,34,False,6.95998314768076e-05
9,2,2-approval,35,True,0.00012960005551576614
9,2,2-approval,36,True,0.0005419000517576933
9,2,2-approval,37,False,0.00011519994586706161
9,2,2-approval,38,False,0.00024870014749467373
9,2,2-approval,39,False,6.610015407204628e-05
9,2,2-approval,40,False,7.480010390281677e-05
9,2,2-approval,41,False,7.349997758865356e-05
9,2,2-approval,42,False,0.00016190018504858017
9,2,2-approval,43,False,8.310005068778992e-05
9,2,2-approval,44,False,0.00011450005695223808
9,2,2-approval,45,False,6.0999998822808266e-05
9,2,2-approval,46,False,0.00018129986710846424
9,2,2-approval,47,False,0.00011550006456673145
9,2,2-approval,48,False,6.929994560778141e-05
9,2,2-approval,49,False,0.00012039998546242714
9,2,veto,0,False,8.739996701478958e-05
9,2,veto,1,False,0.00026459991931915283
9,2,veto,2,False,0.00028449995443224907
9,2,veto,3,False,0.00024010008201003075
9,2,veto,4,False,9.91998240351677e-05
9,2,veto,5,False,7.569999434053898e-05
9,2,veto,6,False,9.570014663040638e-05
9,2,veto,7,False,0.0002682998310774565
9,2,veto,8,False,6.990018300712109e-05
9,2,veto,9,False,8.319993503391743e-05
9,2,veto,10,True,0.00016440008766949177
9,2,veto,11,False,0.00030669989064335823
9,2,veto,12,False,7.149996235966682e-05
9,2,veto,13,False,7.140007801353931e-05
9,2,veto,14,True,0.00028149993158876896
9,2,veto,15,False,0.00013189995661377907
9,2,veto,16,False,6.700004450976849e-05
9,2,veto,17,False,0.00012969993986189365
9,2,veto,18,False,9.360001422464848e-05
9,2,veto,19,False,7.539987564086914e-05
9,2,veto,20,False,7.059983909130096e-05
9,2,veto,21,True,0.00011810008436441422
9,2,veto,22,False,6.739981472492218e-05
9,2,veto,23,False,7.939990609884262e-05
9,2,veto,24,True,0.0001221001148223877
9,2,veto,25,False,0.00015489989891648293
9,2,veto,26,True,0.0001192998606711626
9,2,veto,27,True,0.00012660003267228603
9,2,veto,28,False,9.130011312663555e-05
9,2,veto,29,False,6.430014036595821e-05
9,2,veto,30,False,0.00010039983317255974
9,2,veto,31,False,7.170019671320915e-05
9,2,veto,32,False,7.020006887614727e-05
9,2,veto,33,False,7.24999699741602e-05
9,2,veto,34,False,6.560003384947777e-05
9,2,veto,35,True,0.0001241997815668583
9,2,veto,36,False,0.0002576000988483429
9,2,veto,37,False,7.639988325536251e-05
9,2,veto,38,False,0.0002351999282836914
9,2,veto,39,False,0.0001230000052601099
9,2,veto,40,False,7.87999015301466e-05
9,2,veto,41,False,0.00012440001592040062
9,2,veto,42,False,6.689992733299732e-05
9,2,veto,43,False,9.600003249943256e-05
9,2,veto,44,False,0.00011040014214813709
9,2,veto,45,False,7.599988020956516e-05
9,2,veto,46,False,7.240008562803268e-05
9,2,veto,47,False,6.769993342459202e-05
9,2,veto,48,False,0.00019249995239078999
9,2,veto,49,False,0.00013040006160736084
9,2,borda,0,False,6.520003080368042e-05
9,2,borda,1,False,0.00027359998784959316
9,2,borda,2,False,0.00037359981797635555
9,2,borda,3,True,0.0001674999948590994
9,2,borda,4,False,8.309981785714626e-05
9,2,borda,5,False,9.019998833537102e-05
9,2,borda,6,False,0.00010520010255277157
9,2,borda,7,True,0.00012470013462007046
9,2,borda,8,False,6.449990905821323e-05
9,2,borda,9,False,0.0001237001270055771
9,2,borda,10,True,0.00013569998554885387
9,2,borda,11,True,0.00021820003166794777
9,2,borda,12,False,0.00010399986058473587
9,2,borda,13,False,7.00000673532486e-05
9,2,borda,14,True,0.00015059998258948326
9,2,borda,15,False,8.120015263557434e-05
9,2,borda,16,False,7.870001718401909e-05
9,2,borda,17,False,6.660004146397114e-05
9,2,borda,18,False,8.650007657706738e-05
9,2,borda,19,False,7.029995322227478e-05
9,2,borda,20,False,6.520003080368042e-05
9,2,borda,21,True,0.0003349999897181988
9,2,borda,22,False,9.189988486468792e-05
9,2,borda,23,False,0.00012229988351464272
9,2,borda,24,True,0.0001346999779343605
9,2,borda,25,False,6.579980254173279e-05
9,2,borda,26,True,0.00016990001313388348
9,2,borda,27,True,0.00019379984587430954
9,2,borda,28,False,6.649992428719997e-05
9,2,borda,29,False,6.0399994254112244e-05
9,2,borda,30,False,9.520002640783787e-05
9,2,borda,31,False,0.00010280008427798748
9,2,borda,32,False,7.529999129474163e-05
9,2,borda,33,False,6.710016168653965e-05
9,2,borda,34,False,7.30000901967287e-05
9,2,borda,35,True,0.00013919989578425884
9,2,borda,36,False,0.00029230001382529736
9,2,borda,37,False,0.00010740011930465698
9,2,borda,38,True,0.00016899988986551762
9,2,borda,39,False,8.010002784430981e-05
9,2,borda,40,False,9.590014815330505e-05
9,2,borda,41,False,0.00015159999020397663
9,2,borda,42,False,0.00015159999020397663
9,2,borda,43,False,8.599995635449886e-05
9,2,borda,44,False,0.0001238000113517046
9,2,borda,45,False,0.00011099991388618946
9,2,borda,46,False,7.750000804662704e-05
9,2,borda,47,False,8.079991675913334e-05
9,2,borda,48,False,8.719996549189091e-05
9,2,borda,49,False,7.049995474517345e-05
9,3,plurality,0,False,7.589999586343765e-05
9,3,plurality,1,False,7.810001261532307e-05
9,3,plurality,2,False,7.860013283789158e-05
9,3,plurality,3,False,7.369997911155224e-05
9,3,plurality,4,False,7.619988173246384e-05
9,3,plurality,5,False,0.00013990001752972603
9,3,plurality,6,True,0.00014679995365440845
9,3,plurality,7,False,7.749977521598339e-05
9,3,plurality,8,False,7.559987716376781e-05
9,3,plurality,9,False,7.950002327561378e-05
9,3,plurality,10,True,0.00010959990322589874
9,3,plurality,11,False,0.00011610006913542747
9,3,plurality,12,False,9.42000187933445e-05
9,3,plurality,13,False,7.670000195503235e-05
9,3,plurality,14,False,0.00010460009798407555
9,3,plurality,15,False,0.00019240006804466248
9,3,plurality,16,False,7.639988325536251e-05
9,3,plurality,17,False,0.0002731001004576683
9,3,plurality,18,False,0.00016660010442137718
9,3,plurality,19,False,7.690000347793102e-05
9,3,plurality,20,False,0.0003953000996261835
9,3,plurality,21,True,0.0001395998988300562
9,3,plurality,22,False,7.740012370049953e-05
9,3,plurality,23,True,0.0001321001909673214
9,3,plurality,24,True,0.0001558999065309763
9,3,plurality,25,False,0.0006111001130193472
9,3,plurality,26,False,7.79998954385519e-05
9,3,plurality,27,True,0.0001137999352067709
9,3,plurality,28,False,7.24999699741602e-05
9,3,plurality,29,False,0.00010569998994469643
9,3,plurality,30,False,0.00023660017177462578
9,3,plurality,31,True,0.00013059983029961586
9,3,plurality,32,True,0.0001458998303860426
9,3,plurality,33,False,0.00010520010255277157
9,3,plurality,34,False,0.00022099982015788555
9,3,plurality,35,False,7.469998672604561e-05
9,3,plurality,36,False,8.490006439387798e-05
9,3,plurality,37,False,0.00010730000212788582
9,3,plurality,38,False,7.429998368024826e-05
9,3,plurality,39,False,7.480010390281677e-05
9,3,plurality,40,False,0.00015629990957677364
9,3,plurality,41,True,0.000138899777084589
9,3,plurality,42,False,7.030018605291843e-05
9,3,plurality,43,True,0.00014830008149147034
9,3,plurality,44,False,7.680011913180351e-05
9,3,plurality,45,False,7.449998520314693e-05
9,3,plurality,46,True,0.00011970009654760361
9,3,plurality,47,False,0.00022739986889064312
9,3,plurality,48,False,0.0002717000897973776
9,3,plurality,49,True,0.0001588000450283289
9,3,2-approval,0,False,0.00010539987124502659
9,3,2-approval,1,False,7.369997911155224e-05
9,3,2-approval,2,False,9.409990161657333e-05
9,3,2-approval,3,False,0.0002101000864058733
9,3,2-approval,4,False,7.930002175271511e-05
9,3,2-approval,5,False,9.050010703504086e-05
9,3,2-approval,6,False,0.00023169978521764278
9,3,2-approval,7,False,7.519987411797047e-05
9,3,2-approval,8,False,8.139992132782936e-05
9,3,2-approval,9,False,7.720012217760086e-05
9,3,2-approval,10,True,0.00012030010111629963
9,3,2-approval,11,False,0.00024669989943504333
9,3,2-approval,12,False,0.00015199999324977398
9,3,2-approval,13,False,9.059999138116837e-05
9,3,2-approval,14,False,0.00015189987607300282
9,3,2-approval,15,False,9.96999442577362e-05
9,3,2-approval,16,False,0.00010060006752610207
9,3,2-approval,17,False,0.0004400999750941992
9,3,2-approval,18,False,7.150019519031048e-05
9,3,2-approval,19,False,0.00010609999299049377
9,3,2-approval,20,True,0.00013489997945725918
9,3,2-approval,21,True,0.000134600093588233
9,3,2-approval,22,False,8.690007962286472e-05
9,3,2-approval,23,False,0.0002859998494386673
9,3,2-approval,24,False,0.00039870012551546097
9,3,2-approval,25,True,0.0001547001302242279
9,3,2-approval,26,False,0.00015580002218484879
9,3,2-approval,27,True,0.0001322000753134489
9,3,2-approval,28,False,8.579995483160019e-05
9,3,2-approval,29,False,7.309997454285622e-05
9,3,2-approval,30,False,0.00025649997405707836
9,3,2-approval,31,False,0.00023680017329752445
9,3,2-approval,32,True,0.00014270003885030746
9,3,2-approval,33,False,0.00011090002954006195
9,3,2-approval,34,False,0.00026529980823397636
9,3,2-approval,35,False,7.690000347793102e-05
9,3,2-approval,36,False,9.980006143450737e-05
9,3,2-approval,37,False,7.569999434053898e-05
9,3,2-approval,38,False,9.869993664324284e-05
9,3,2-approval,39,False,7.720012217760086e-05
9,3,2-approval,40,False,7.659988477826118e-05
9,3,2-approval,41,True,0.0002568999771028757
9,3,2-approval,42,False,7.46001023799181e-05
9,3,2-approval,43,True,0.00012570014223456383
9,3,2-approval,44,False,0.00012480001896619797
9,3,2-approval,45,False,7.180008105933666e-05
9,3,2-approval,46,True,0.00013480009511113167
9,3,2-approval,47,False,0.0002396001946181059
9,3,2-approval,48,False,0.00022920011542737484
9,3,2-approval,49,True,0.00012329989112913609
9,3,veto,0,False,8.029979653656483e-05
9,3,veto,1,False,7.71000050008297e-05
9,3,veto,2,False,9.769992902874947e-05
9,3,veto,3,False,8.09000339359045e-05
9,3,veto,4,False,0.00010040006600320339
9,3,veto,5,False,7.6299998909235e-05
9,3,veto,6,True,0.0002155001275241375
9,3,veto,7,False,7.600011304020882e-05
9,3,veto,8,False,0.0001012999564409256
9,3,veto,9,False,8.150003850460052e-05
9,3,veto,10,True,0.0001680001150816679
9,3,veto,11,False,7.790001109242439e-05
9,3,veto,12,False,7.770000956952572e-05
9,3,veto,13,False,8.09000339359045e-05
9,3,veto,14,False,7.740012370049953e-05
9,3,veto,15,False,8.490006439387798e-05
9,3,veto,16,False,8.449982851743698e-05
9,3,veto,17,True,0.0001564000267535448
9,3,veto,18,False,8.930009789764881e-05
9,3,veto,19,False,0.00012010009959340096
9,3,veto,20,True,0.00026130001060664654
9,3,veto,21,False,0.00029799994081258774
9,3,veto,22,False,7.800012826919556e-05
9,3,veto,23,True,0.00012250011786818504
9,3,veto,24,False,0.0002850000746548176
9,3,veto,25,False,0.00031919986940920353
9,3,veto,26,False,7.770000956952572e-05
9,3,veto,27,True,0.00025199982337653637
9,3,veto,28,False,7.930002175271511e-05
9,3,veto,29,False,8.470006287097931e-05
9,3,veto,30,False,0.0002794000320136547
9,3,veto,31,False,0.000278000021353364
9,3,veto,32,False,0.00025749998167157173
9,3,veto,33,False,8.249981328845024e-05
9,3,veto,34,False,0.000260600121691823
9,3,veto,35,False,8.650007657706738e-05
9,3,veto,36,False,0.00013240007683634758
9,3,veto,37,False,0.00013429997488856316
9,3,veto,38,False,9.300000965595245e-05
9,3,veto,39,False,8.019991219043732e-05
9,3,veto,40,False,8.229981176555157e-05
9,3,veto,41,True,0.00026810006238520145
9,3,veto,42,False,7.589999586343765e-05
9,3,veto,43,False,0.0002983999438583851
9,3,veto,44,False,0.00011620018631219864
9,3,veto,45,False,8.54001846164465e-05
9,3,veto,46,True,0.00016990001313388348
9,3,veto,47,False,0.00027320021763443947
9,3,veto,48,True,0.00018530013039708138
9,3,veto,49,True,0.00013049994595348835
9,3,borda,0,False,0.00013399985618889332
9,3,borda,1,False,9.190011769533157e-05
9,3,borda,2,False,7.979990914463997e-05
9,3,borda,3,False,9.099999442696571e-05
9,3,borda,4,False,7.580011151731014e-05
9,3,borda,5,False,7.369997911155224e-05
9,3,borda,6,True,0.00016820011660456657
9,3,borda,7,False,7.159984670579433e-05
9,3,borda,8,False,7.209996692836285e-05
9,3,borda,9,False,8.529983460903168e-05
9,3,borda,10,True,0.0002511998172849417
9,3,borda,11,False,7.060007192194462e-05
9,3,borda,12,False,7.730000652372837e-05
9,3,borda,13,False,7.870001718401909e-05
9,3,borda,14,False,0.0001625001896172762
9,3,borda,15,False,9.750016033649445e-05
9,3,borda,16,False,8.130003698170185e-05
9,3,borda,17,False,0.00031240005046129227
9,3,borda,18,False,9.819981642067432e-05
9,3,borda,19,False,7.779989391565323e-05
9,3,borda,20,True,0.0002536000683903694
9,3,borda,21,True,0.00013299984857439995
9,3,borda,22,False,8.290004916489124e-05
9,3,borda,23,False,0.00029669981449842453
9,3,borda,24,False,0.0003143001813441515
9,3,borda,25,False,0.0002598999999463558
9,3,borda,26,False,0.000147499842569232
9,3,borda,27,True,0.0002552999649196863
9,3,borda,28,False,7.369997911155224e-05
9,3,borda,29,False,0.0001237001270055771
9,3,borda,30,True,0.00023639993742108345
9,3,borda,31,False,0.00030019995756447315
9,3,borda,32,True,0.00017989985644817352
9,3,borda,33,False,8.120015263557434e-05
9,3,borda,34,False,0.00030360021628439426
9,3,borda,35,False,0.0001066999975591898
9,3,borda,36,False,7.559987716376781e-05
9,3,borda,37,False,7.179984822869301e-05
9,3,borda,38,False,7.609999738633633e-05
9,3,borda,39,False,9.580003097653389e-05
9,3,borda,40,False,7.369997911155224e-05
9,3,borda,41,True,0.00016229995526373386
9,3,borda,42,False,8.79999715834856e-05
9,3,borda,43,True,0.0001422001514583826
9,3,borda,44,False,7.820012979209423e-05
9,3,borda,45,False,7.219985127449036e-05
9,3,borda,46,True,0.00014050002209842205
9,3,borda,47,False,0.00029140012338757515
9,3,borda,48,False,0.00031160004436969757
9,3,borda,49,False,0.0003081001341342926
9,4,plurality,0,True,0.00022339983843266964
9,4,plurality,1,False,0.0002359000500291586
9,4,plurality,2,False,8.549983613193035e-05
9,4,plurality,3,False,9.789993055164814e-05
9,4,plurality,4,False,7.979990914463997e-05
9,4,plurality,5,False,8.519995026290417e-05
9,4,plurality,6,False,0.0002607000060379505
9,4,plurality,7,True,0.0001284000463783741
9,4,plurality,8,False,0.00012780004180967808
9,4,plurality,9,False,8.599995635449886e-05
9,4,plurality,10,False,8.310005068778992e-05
9,4,plurality,11,False,9.66999214142561e-05
9,4,plurality,12,False,0.00026439991779625416
9,4,plurality,13,False,8.87999776750803e-05
9,4,plurality,14,True,0.0001580000389367342
9,4,plurality,15,True,0.00013349996879696846
9,4,plurality,16,False,9.860005229711533e-05
9,4,plurality,17,True,0.00012360000982880592
9,4,plurality,18,False,7.609999738633633e-05
9,4,plurality,19,False,0.0002523998264223337
9,4,plurality,20,False,8.819997310638428e-05
9,4,plurality,21,False,0.00023749982938170433
9,4,plurality,22,False,9.489990770816803e-05
9,4,plurality,23,False,0.00030259997583925724
9,4,plurality,24,False,0.00023159990087151527
9,4,plurality,25,False,8.929986506700516e-05
9,4,plurality,26,False,7.979990914463997e-05
9,4,plurality,27,True,0.00013589998707175255
9,4,plurality,28,False,0.0002503001596778631
9,4,plurality,29,True,0.0001379000023007393
9,4,plurality,30,True,0.0001449999399483204
9,4,plurality,31,False,0.00027510011568665504
9,4,plurality,32,True,0.0001420998014509678
9,4,plurality,33,True,0.00034510018303990364
9,4,plurality,34,True,0.00014679995365440845
9,4,plurality,35,False,9.489990770816803e-05
9,4,plurality,36,True,0.000148099847137928
9,4,plurality,37,False,9.320001117885113e-05
9,4,plurality,38,True,0.0001759000588208437
9,4,plurality,39,False,0.000228899996727705
9,4,plurality,40,True,0.00029280013404786587
9,4,plurality,41,True,0.00019749999046325684
9,4,plurality,42,True,0.0001292999368160963
9,4,plurality,43,True,0.00011930009350180626
9,4,plurality,44,False,0.0002632997930049896
9,4,plurality,45,True,0.0001246000174432993
9,4,plurality,46,False,8.030002936720848e-05
9,4,plurality,47,False,0.00024999980814754963
9,4,plurality,48,False,7.520010694861412e-05
9,4,plurality,49,False,7.760012522339821e-05
9,4,2-approval,0,True,0.0001875001471489668
9,4,2-approval,1,False,0.00024550012312829494
9,4,2-approval,2,False,0.00018729991279542446
9,4,2-approval,3,False,7.38000962883234e-05
9,4,2-approval,4,False,7.100007496774197e-05
9,4,2-approval,5,False,8.299993351101875e-05
9,4,2-approval,6,False,0.0003078998997807503
9,4,2-approval,7,False,0.0006917999126017094
9,4,2-approval,8,False,7.820012979209423e-05
9,4,2-approval,9,False,0.00018730014562606812
9,4,2-approval,10,False,7.95999076217413e-05
9,4,2-approval,11,False,0.00013229995965957642
9,4,2-approval,12,False,0.000247300136834383
9,4,2-approval,13,False,7.990002632141113e-05
9,4,2-approval,14,True,0.0001675998792052269
9,4,2-approval,15,True,0.0001508002169430256
9,4,2-approval,16,False,8.599995635449886e-05
9,4,2-approval,17,True,0.00014609983190894127
9,4,2-approval,18,False,9.720004163682461e-05
9,4,2-approval,19,False,0.0003100999165326357
9,4,2-approval,20,False,0.00014539994299411774
9,4,2-approval,21,True,0.0002574000973254442
9,4,2-approval,22,False,0.00011779996566474438
9,4,2-approval,23,False,0.00026210001669824123
9,4,2-approval,24,True,0.00022140005603432655
9,4,2-approval,25,False,7.899990305304527e-05
9,4,2-approval,26,False,0.00016729999333620071
9,4,2-approval,27,True,0.00012260000221431255
9,4,2-approval,28,False,0.00023719994351267815
9,4,2-approval,29,True,0.0001593001652508974
9,4,2-approval,30,True,0.0002133999951183796
9,4,2-approval,31,False,0.00026950007304549217
9,4,2-approval,32,False,0.0003082000184804201
9,4,2-approval,33,True,0.0002147001214325428
9,4,2-approval,34,True,0.00016099982894957066
9,4,2-approval,35,False,9.050010703504086e-05
9,4,2-approval,36,True,0.00012500002048909664
9,4,2-approval,37,False,9.649991989135742e-05
9,4,2-approval,38,True,0.00019619986414909363
9,4,2-approval,39,False,0.00024199998006224632
9,4,2-approval,40,True,0.0005200998857617378
9,4,2-approval,41,True,0.00013950001448392868
9,4,2-approval,42,True,0.0001487999688833952
9,4,2-approval,43,True,0.0001254999078810215
9,4,2-approval,44,False,0.0002561998553574085
9,4,2-approval,45,False,0.00025020004250109196
9,4,2-approval,46,False,8.390005677938461e-05
9,4,2-approval,47,True,0.00021369988098740578
9,4,2-approval,48,False,9.809993207454681e-05
9,4,2-approval,49,False,9.590014815330505e-05
9,4,veto,0,True,0.00015199999324977398
9,4,veto,1,False,0.0003223000094294548
9,4,veto,2,False,8.17000400274992e-05
9,4,veto,3,False,9.750016033649445e-05
9,4,veto,4,False,7.750000804662704e-05
9,4,veto,5,False,8.269981481134892e-05
9,4,veto,6,False,0.000286600086838007
9,4,veto,7,True,0.0001799999736249447
9,4,veto,8,False,8.549983613193035e-05
9,4,veto,9,False,0.0001830998808145523
9,4,veto,10,False,7.429998368024826e-05
9,4,veto,11,False,8.430005982518196e-05
9,4,veto,12,False,0.00029760017059743404
9,4,veto,13,False,9.099999442696571e-05
9,4,veto,14,True,0.00013349996879696846
9,4,veto,15,False,0.00027670012786984444
9,4,veto,16,False,0.00013429997488856316
9,4,veto,17,True,0.00013240007683634758
9,4,veto,18,False,9.540002793073654e-05
9,4,veto,19,False,0.0002989999484270811
9,4,veto,20,False,0.0001134001649916172
9,4,veto,21,True,0.00013170018792152405
9,4,veto,22,False,8.610007353127003e-05
9,4,veto,23,True,0.0003082000184804201
9,4,veto,24,True,0.00022179982624948025
9,4,veto,25,False,8.63000750541687e-05
9,4,veto,26,False,8.059991523623466e-05
9,4,veto,27,True,0.00014050002209842205
9,4,veto,28,False,0.00038350000977516174
9,4,veto,29,True,0.00016930000856518745
9,4,veto,30,False,0.00029429979622364044
9,4,veto,31,False,0.0005397000350058079
9,4,veto,32,False,0.0004180001560598612
9,4,veto,33,True,0.00016620010137557983
9,4,veto,34,True,0.00019560009241104126
9,4,veto,35,False,0.00014779996126890182
9,4,veto,36,False,0.0002592999953776598
9,4,veto,37,False,7.869978435337543e-05
9,4,veto,38,False,0.00027219997718930244
9,4,veto,39,False,0.00025420007295906544
9,4,veto,40,False,0.000359599944204092
9,4,veto,41,False,0.0002327000256627798
9,4,veto,42,False,0.00023809983395040035
9,4,veto,43,True,0.00017559994012117386
9,4,veto,44,False,0.00027760001830756664
9,4,veto,45,True,0.00014210003428161144
9,4,veto,46,False,0.00010540010407567024
9,4,veto,47,False,0.00027989991940557957
9,4,veto,48,False,9.689992293715477e-05
9,4,veto,49,False,0.0001097000204026699
9,4,borda,0,True,0.00029230001382529736
9,4,borda,1,False,0.00027130008675158024
9,4,borda,2,False,0.00018859980627894402
9,4,borda,3,False,8.5500068962574e-05
9,4,borda,4,False,8.030002936720848e-05
9,4,borda,5,False,8.5500068962574e-05
9,4,borda,6,True,0.0007539999205619097
9,4,borda,7,False,0.0004857999738305807
9,4,borda,8,False,9.099999442696571e-05
9,4,borda,9,False,8.25999304652214e-05
9,4,borda,10,False,7.970002479851246e-05
9,4,borda,11,False,7.990002632141113e-05
9,4,borda,12,False,0.00028169993311166763
9,4,borda,13,False,8.530006743967533e-05
9,4,borda,14,True,0.00013810000382363796
9,4,borda,15,True,0.00035450002178549767
9,4,borda,16,False,0.00010060006752610207
9,4,borda,17,True,0.00018339999951422215
9,4,borda,18,False,8.610007353127003e-05
9,4,borda,19,False,0.00030189985409379005
9,4,borda,20,False,7.440010085701942e-05
9,4,borda,21,True,0.0001409000251442194
9,4,borda,22,False,7.640011608600616e-05
9,4,borda,23,True,0.00025969999842345715
9,4,borda,24,True,0.0003564001526683569
9,4,borda,25,False,8.870009332895279e-05
9,4,borda,26,False,0.00011259992606937885
9,4,borda,27,True,0.00013910001143813133
9,4,borda,28,False,0.0002785001415759325
9,4,borda,29,True,0.00020350003615021706
9,4,borda,30,False,0.00031869998201727867
9,4,borda,31,True,0.00029630004428327084
9,4,borda,32,False,0.000300500076264143
9,4,borda,33,True,0.00018830015324056149
9,4,borda,34,False,0.0003348998725414276
9,4,borda,35,False,0.00010380009189248085
9,4,borda,36,True,0.00014979997649788857
9,4,borda,37,False,9.04998742043972e-05
9,4,borda,38,True,0.00015939981676638126
9,4,borda,39,True,0.00034050014801323414
9,4,borda,40,True,0.0002815001644194126
9,4,borda,41,True,0.00013529998250305653
9,4,borda,42,True,0.00014050002209842205
9,4,borda,43,True,0.00015620002523064613
9,4,borda,44,True,0.0002166999038308859
9,4,borda,45,True,0.0001503999810665846
9,4,borda,46,False,7.700012065470219e-05
9,4,borda,47,True,0.00017779995687305927
9,4,borda,48,False,9.640003554522991e-05
9,4,borda,49,False,9.42000187933445e-05
9,5,plurality,0,True,0.0001775999553501606
9,5,plurality,1,False,0.0001292000524699688
9,5,plurality,2,False,0.00016079982742667198
9,5,plurality,3,False,0.0006478999275714159
9,5,plurality,4,False,9.50000248849392e-05
9,5,plurality,5,False,0.00011479994282126427
9,5,plurality,6,False,0.0001066999975591898
9,5,plurality,7,False,0.00015370012260973454
9,5,plurality,8,False,0.00022280006669461727
9,5,plurality,9,False,0.00026570004411041737
9,5,plurality,10,False,0.00010890001431107521
9,5,plurality,11,False,0.00026299990713596344
9,5,plurality,12,False,9.149988181889057e-05
9,5,plurality,13,False,0.0001037998590618372
9,5,plurality,14,False,8.939998224377632e-05
9,5,plurality,15,True,0.00019720010459423065
9,5,plurality,16,False,0.00013029994443058968
9,5,plurality,17,False,0.00012230011634528637
9,5,plurality,18,False,0.00030239997431635857
9,5,plurality,19,True,0.00014700018800795078
9,5,plurality,20,False,9.740004315972328e-05
9,5,plurality,21,False,9.200000204145908e-05
9,5,plurality,22,False,0.00010409997776150703
9,5,plurality,23,True,0.00013269996270537376
9,5,plurality,24,False,0.0002625000197440386
9,5,plurality,25,False,9.42000187933445e-05
9,5,plurality,26,False,0.0002625000197440386
9,5,plurality,27,False,0.00015449989587068558
9,5,plurality,28,False,0.000143800163641572
9,5,plurality,29,False,9.109987877309322e-05
9,5,plurality,30,False,0.00011310004629194736
9,5,plurality,31,True,0.000161800067871809
9,5,plurality,32,False,8.919998072087765e-05
9,5,plurality,33,True,0.00014119991101324558
9,5,plurality,34,True,0.00015079998411238194
9,5,plurality,35,True,0.00014190003275871277
9,5,plurality,36,False,0.00011170003563165665
9,5,plurality,37,True,0.00014759995974600315
9,5,plurality,38,False,0.00013229995965957642
9,5,plurality,39,False,0.00011690007522702217
9,5,plurality,40,False,0.00010330020450055599
9,5,plurality,41,False,0.00011030002497136593
9,5,plurality,42,True,0.00016460008919239044
9,5,plurality,43,False,9.130011312663555e-05
9,5,plurality,44,False,0.0002709999680519104
9,5,plurality,45,False,0.0001142001710832119
9,5,plurality,46,False,0.00010000006295740604
9,5,plurality,47,False,0.00023639993742108345
9,5,plurality,48,False,9.50000248849392e-05
9,5,plurality,49,False,0.000201299786567688
9,5,2-approval,0,True,0.00014210003428161144
9,5,2-approval,1,False,8.580018766224384e-05
9,5,2-approval,2,False,0.00012139999307692051
9,5,2-approval,3,False,0.00026040012016892433
9,5,2-approval,4,False,0.00010429997928440571
9,5,2-approval,5,False,9.539979510009289e-05
9,5,2-approval,6,False,0.00012079998850822449
9,5,2-approval,7,False,0.00010770000517368317
9,5,2-approval,8,False,0.00025129993446171284
9,5,2-approval,9,False,0.00025979988276958466
9,5,2-approval,10,False,9.210011921823025e-05
9,5,2-approval,11,False,0.0002669999375939369
9,5,2-approval,12,False,0.00019589997828006744
9,5,2-approval,13,False,0.00011159991845488548
9,5,2-approval,14,False,0.0001468001864850521
9,5,2-approval,15,True,0.00014590006321668625
9,5,2-approval,16,False,8.480018004775047e-05
9,5,2-approval,17,False,0.00010309997014701366
9,5,2-approval,18,False,0.00035419990308582783
9,5,2-approval,19,False,0.00028840010054409504
9,5,2-approval,20,False,9.019998833537102e-05
9,5,2-approval,21,False,8.930009789764881e-05
9,5,2-approval,22,False,0.00011059991084039211
9,5,2-approval,23,True,0.00014299992471933365
9,5,2-approval,24,False,0.0002530000638216734
9,5,2-approval,25,False,9.019998833537102e-05
9,5,2-approval,26,True,0.0002142000012099743
9,5,2-approval,27,False,8.719996549189091e-05
9,5,2-approval,28,False,0.00012030010111629963
9,5,2-approval,29,False,0.00010360009036958218
9,5,2-approval,30,False,0.00011710007674992085
9,5,2-approval,31,True,0.0002848000731319189
9,5,2-approval,32,False,0.00019159982912242413
9,5,2-approval,33,False,0.00031320005655288696
9,5,2-approval,34,True,0.00016609998419880867
9,5,2-approval,35,True,0.00013539986684918404
9,5,2-approval,36,False,0.00012270011939108372
9,5,2-approval,37,False,0.00024640001356601715
9,5,2-approval,38,False,9.119999594986439e-05
9,5,2-approval,39,False,0.00011939997784793377
9,5,2-approval,40,False,0.00010689999908208847
9,5,2-approval,41,False,0.00010780012235045433
9,5,2-approval,42,True,0.00014599994756281376
9,5,2-approval,43,False,9.609991684556007e-05
9,5,2-approval,44,False,0.00030990014784038067
9,5,2-approval,45,False,0.00010680011473596096
9,5,2-approval,46,False,0.0001175999641418457
9,5,2-approval,47,False,0.00023639993742108345
9,5,2-approval,48,False,0.00011609983630478382
9,5,2-approval,49,False,0.00014750007539987564
9,5,veto,0,True,0.00022220006212592125
9,5,veto,1,False,9.20998863875866e-05
9,5,veto,2,False,9.680003859102726e-05
9,5,veto,3,False,0.0003166000824421644
9,5,veto,4,False,9.210011921823025e-05
9,5,veto,5,False,0.00010710000060498714
9,5,veto,6,False,8.859997615218163e-05
9,5,veto,7,False,0.00012199999764561653
9,5,veto,8,False,0.00030690012499690056
9,5,veto,9,True,0.000188400037586689
9,5,veto,10,False,9.330012835562229e-05
9,5,veto,11,False,0.00034639984369277954
9,5,veto,12,False,9.089987725019455e-05
9,5,veto,13,False,0.00019429996609687805
9,5,veto,14,False,0.00010349997319281101
9,5,veto,15,False,0.00035360013134777546
9,5,veto,16,False,0.000125400023534894
9,5,veto,17,False,9.189988486468792e-05
9,5,veto,18,True,0.00016280007548630238
9,5,veto,19,False,0.00041550002060830593
9,5,veto,20,False,0.00013649999164044857
9,5,veto,21,False,0.00015590013936161995
9,5,veto,22,False,0.00010239984840154648
9,5,veto,23,True,0.0003643999807536602
9,5,veto,24,True,0.00014690007083117962
9,5,veto,25,False,9.50999092310667e-05
9,5,veto,26,False,0.00032739993184804916
9,5,veto,27,False,0.00012230011634528637
9,5,veto,28,False,8.859997615218163e-05
9,5,veto,29,False,8.79999715834856e-05
9,5,veto,30,False,9.019998833537102e-05
9,5,veto,31,True,0.00013999990187585354
9,5,veto,32,False,0.0001230998896062374
9,5,veto,33,True,0.00015689991414546967
9,5,veto,34,False,0.0004904000088572502
9,5,veto,35,True,0.00023659993894398212
9,5,veto,36,False,0.00011579995043575764
9,5,veto,37,True,0.00018319999799132347
9,5,veto,38,False,0.0001058999914675951
9,5,veto,39,False,0.00011939997784793377
9,5,veto,40,False,9.520002640783787e-05
9,5,veto,41,False,0.00015430012717843056
9,5,veto,42,False,0.0002945999149233103
9,5,veto,43,False,0.00010160007514059544
9,5,veto,44,False,0.0002894999925047159
9,5,veto,45,False,0.00011570006608963013
9,5,veto,46,False,8.699996396899223e-05
9,5,veto,47,True,0.0001680001150816679
9,5,veto,48,False,0.00019759987480938435
9,5,veto,49,False,0.00018700002692639828
9,5,borda,0,True,0.00018119998276233673
9,5,borda,1,False,0.00010730000212788582
9,5,borda,2,False,0.00013329996727406979
9,5,borda,3,False,0.00031809997744858265
9,5,borda,4,False,8.439994417130947e-05
9,5,borda,5,False,0.00011490005999803543
9,5,borda,6,False,9.169988334178925e-05
9,5,borda,7,False,8.459994569420815e-05
9,5,borda,8,False,0.00031669996678829193
9,5,borda,9,True,0.00031640008091926575
9,5,borda,10,False,8.730008266866207e-05
9,5,borda,11,True,0.00028430018573999405
9,5,borda,12,False,8.889986202120781e-05
9,5,borda,13,False,9.019998833537102e-05
9,5,borda,14,False,8.750008419156075e-05
9,5,borda,15,True,0.00015410012565553188
9,5,borda,16,False,8.139992132782936e-05
9,5,borda,17,False,0.00010870001278817654
9,5,borda,18,True,0.00031209993176162243
9,5,borda,19,False,0.00035799993202090263
9,5,borda,20,False,9.330012835562229e-05
9,5,borda,21,False,8.859997615218163e-05
9,5,borda,22,False,9.189988486468792e-05
9,5,borda,23,True,0.0001696001272648573
9,5,borda,24,True,0.00025949999690055847
9,5,borda,25,False,0.00011769984848797321
9,5,borda,26,True,0.0002669000532478094
9,5,borda,27,False,0.00012999982573091984
9,5,borda,28,False,9.50999092310667e-05
9,5,borda,29,False,0.00018640002235770226
9,5,borda,30,False,0.00010540010407567024
9,5,borda,31,True,0.0001580999232828617
9,5,borda,32,False,8.320016786456108e-05
9,5,borda,33,False,0.0002976998221129179
9,5,borda,34,True,0.0001547001302242279
9,5,borda,35,True,0.00021389988251030445
9,5,borda,36,False,0.00012390012852847576
9,5,borda,37,False,0.0004297001287341118
9,5,borda,38,False,0.00018190010450780392
9,5,borda,39,False,0.0001993000041693449
9,5,borda,40,False,9.689992293715477e-05
9,5,borda,41,False,8.539995178580284e-05
9,5,borda,42,True,0.0001805999781936407
9,5,borda,43,False,8.71000811457634e-05
9,5,borda,44,False,0.0004072000738233328
9,5,borda,45,False,8.210004307329655e-05
9,5,borda,46,False,9.96000599116087e-05
9,5,borda,47,False,0.000323600135743618
9,5,borda,48,False,0.00010409997776150703
9,5,borda,49,False,8.440017700195312e-05
9,6,plurality,0,False,9.569991379976273e-05
9,6,plurality,1,False,0.00010409997776150703
9,6,plurality,2,True,0.0001447000540792942
9,6,plurality,3,False,9.300000965595245e-05
9,6,plurality,4,False,8.770008571445942e-05
9,6,plurality,5,False,0.00011070002801716328
9,6,plurality,6,False,9.42000187933445e-05
9,6,plurality,7,False,0.00010799989104270935
9,6,plurality,8,False,0.0004642999265342951
9,6,plurality,9,False,9.860005229711533e-05
9,6,plurality,10,True,0.0001574999187141657
9,6,plurality,11,False,0.00019119982607662678
9,6,plurality,12,False,0.0002343000378459692
9,6,plurality,13,False,0.0002560000866651535
9,6,plurality,14,True,0.0001455000601708889
9,6,plurality,15,False,9.169988334178925e-05
9,6,plurality,16,False,0.00010460009798407555
9,6,plurality,17,False,9.04998742043972e-05
9,6,plurality,18,False,9.099999442696571e-05
9,6,plurality,19,False,0.00041089998558163643
9,6,plurality,20,False,0.00024800002574920654
9,6,plurality,21,False,9.920005686581135e-05
9,6,plurality,22,False,8.910009637475014e-05
9,6,plurality,23,False,9.300000965595245e-05
9,6,plurality,24,True,0.00015270011499524117
9,6,plurality,25,False,0.0001105000264942646
9,6,plurality,26,True,0.0002530000638216734
9,6,plurality,27,False,9.680003859102726e-05
9,6,plurality,28,False,9.560002945363522e-05
9,6,plurality,29,True,0.00013529998250305653
9,6,plurality,30,False,9.80000477284193e-05
9,6,plurality,31,False,0.0002574000973254442
9,6,plurality,32,False,0.0002305000089108944
9,6,plurality,33,False,9.150011464953423e-05
9,6,plurality,34,False,0.00016709999181330204
9,6,plurality,35,False,9.719980880618095e-05
9,6,plurality,36,False,9.529991075396538e-05
9,6,plurality,37,False,9.980006143450737e-05
9,6,plurality,38,False,0.00010020006448030472
9,6,plurality,39,False,9.619980119168758e-05
9,6,plurality,40,True,0.00014040013775229454
9,6,plurality,41,False,0.00011279992759227753
9,6,plurality,42,False,9.580003097653389e-05
9,6,plurality,43,True,0.00018070009537041187
9,6,plurality,44,True,0.00016580009832978249
9,6,plurality,45,False,9.460002183914185e-05
9,6,plurality,46,True,0.00017020013183355331
9,6,plurality,47,False,0.00012909993529319763
9,6,plurality,48,False,9.119999594986439e-05
9,6,plurality,49,False,0.0002709000837057829
9,6,2-approval,0,False,0.00010190019384026527
9,6,2-approval,1,False,0.00010220007970929146
9,6,2-approval,2,True,0.0003557000309228897
9,6,2-approval,3,False,0.00012320000678300858
9,6,2-approval,4,False,0.00010229996405541897
9,6,2-approval,5,False,0.00010700011625885963
9,6,2-approval,6,False,0.00012859981507062912
9,6,2-approval,7,False,0.00011779996566474438
9,6,2-approval,8,False,0.00022659986279904842
9,6,2-approval,9,False,9.280000813305378e-05
9,6,2-approval,10,True,0.0003168999683111906
9,6,2-approval,11,False,9.390013292431831e-05
9,6,2-approval,12,False,9.440002031624317e-05
9,6,2-approval,13,False,0.00025010015815496445
9,6,2-approval,14,True,0.00015570013783872128
9,6,2-approval,15,False,0.00010160007514059544
9,6,2-approval,16,False,9.200000204145908e-05
9,6,2-approval,17,False,9.770016185939312e-05
9,6,2-approval,18,False,0.0001238000113517046
9,6,2-approval,19,False,0.0002696998417377472
9,6,2-approval,20,False,0.00027009984478354454
9,6,2-approval,21,False,0.00016899988986551762
9,6,2-approval,22,False,0.0001105000264942646
9,6,2-approval,23,False,8.950009942054749e-05
9,6,2-approval,24,True,0.0001683998852968216
9,6,2-approval,25,False,8.870009332895279e-05
9,6,2-approval,26,True,0.00014410004951059818
9,6,2-approval,27,False,0.00010000006295740604
9,6,2-approval,28,False,9.059999138116837e-05
9,6,2-approval,29,True,0.00015059998258948326
9,6,2-approval,30,False,0.0002592999953776598
9,6,2-approval,31,False,0.0002799998037517071
9,6,2-approval,32,False,0.0006708998698741198
9,6,2-approval,33,False,0.00011539994738996029
9,6,2-approval,34,False,0.00010699988342821598
9,6,2-approval,35,False,0.00010940013453364372
9,6,2-approval,36,False,0.00012070010416209698
9,6,2-approval,37,False,0.00012509990483522415
9,6,2-approval,38,False,9.520002640783787e-05
9,6,2-approval,39,False,0.00013620010577142239
9,6,2-approval,40,True,0.000148500083014369
9,6,2-approval,41,False,0.00014029978774487972
9,6,2-approval,42,False,9.849993512034416e-05
9,6,2-approval,43,True,0.00019789999350905418
9,6,2-approval,44,True,0.00019209994934499264
9,6,2-approval,45,False,9.019998833537102e-05
9,6,2-approval,46,True,0.00016099982894957066
9,6,2-approval,47,False,9.400001727044582e-05
9,6,2-approval,48,False,9.610014967620373e-05
9,6,2-approval,49,True,0.0001909998245537281
9,6,veto,0,False,0.00014860020019114017
9,6,veto,1,False,0.00011559994891285896
9,6,veto,2,True,0.00017749983817338943
9,6,veto,3,False,0.00019260006956756115
9,6,veto,4,False,0.00010659988038241863
9,6,veto,5,False,0.0001020999625325203
9,6,veto,6,False,9.610014967620373e-05
9,6,veto,7,False,9.480002336204052e-05
9,6,veto,8,True,0.00031489995308220387
9,6,veto,9,False,9.180000051856041e-05
9,6,veto,10,False,0.00032439990900456905
9,6,veto,11,False,9.609991684556007e-05
9,6,veto,12,False,0.00010229996405541897
9,6,veto,13,True,0.00019729998894035816
9,6,veto,14,True,0.00023090001195669174
9,6,veto,15,False,9.380001574754715e-05
9,6,veto,16,False,0.00020219990983605385
9,6,veto,17,False,8.659996092319489e-05
9,6,veto,18,False,9.230012074112892e-05
9,6,veto,19,False,0.00028290017507970333
9,6,veto,20,False,0.0003022998571395874
9,6,veto,21,False,0.00010149995796382427
9,6,veto,22,False,0.0001009001862257719
9,6,veto,23,False,9.680003859102726e-05
9,6,veto,24,False,0.0003160999622195959
9,6,veto,25,False,9.900005534291267e-05
9,6,veto,26,False,0.00028989999555051327
9,6,veto,27,False,0.00011290004476904869
9,6,veto,28,False,9.360001422464848e-05
9,6,veto,29,True,0.0001727000344544649
9,6,veto,30,False,0.00013040006160736084
9,6,veto,31,False,0.00032449979335069656
9,6,veto,32,False,0.0002762000076472759
9,6,veto,33,False,9.04998742043972e-05
9,6,veto,34,False,9.439978748559952e-05
9,6,veto,35,False,9.200000204145908e-05
9,6,veto,36,False,9.270012378692627e-05
9,6,veto,37,False,0.00018720002844929695
9,6,veto,38,False,8.79000872373581e-05
9,6,veto,39,False,9.010010398924351e-05
9,6,veto,40,True,0.0001558999065309763
9,6,veto,41,False,0.00010579987429082394
9,6,veto,42,False,0.00014280015602707863
9,6,veto,43,False,0.000443900004029274
9,6,veto,44,True,0.00015389989130198956
9,6,veto,45,False,9.50999092310667e-05
9,6,veto,46,True,0.00041370000690221786
9,6,veto,47,False,9.609991684556007e-05
9,6,veto,48,False,0.00011750007979571819
9,6,veto,49,True,0.0001854998990893364
9,6,borda,0,False,0.00019950000569224358
9,6,borda,1,False,0.00012099999003112316
9,6,borda,2,True,0.00016899988986551762
9,6,borda,3,False,0.00013820012100040913
9,6,borda,4,False,0.00014299992471933365
9,6,borda,5,False,9.640003554522991e-05
9,6,borda,6,False,9.110011160373688e-05
9,6,borda,7,False,0.0002039000391960144
9,6,borda,8,False,0.0003233999013900757
9,6,borda,9,False,8.9599983766675e-05
9,6,borda,10,True,0.0001626999583095312
9,6,borda,11,False,0.00016629998572170734
9,6,borda,12,False,0.00010790000669658184
9,6,borda,13,False,0.0005772998556494713
9,6,borda,14,True,0.0001596999354660511
9,6,borda,15,False,9.480002336204052e-05
9,6,borda,16,False,0.000125400023534894
9,6,borda,17,False,0.0001322000753134489
9,6,borda,18,False,8.79999715834856e-05
9,6,borda,19,True,0.0003146999515593052
9,6,borda,20,False,0.00043809995986521244
9,6,borda,21,False,9.590014815330505e-05
9,6,borda,22,False,0.00016830000095069408
9,6,borda,23,False,9.20998863875866e-05
9,6,borda,24,True,0.0002451001200824976
9,6,borda,25,False,8.510006591677666e-05
9,6,borda,26,False,0.000341199804097414
9,6,borda,27,False,0.00011650007218122482
9,6,borda,28,False,9.09001100808382e-05
9,6,borda,29,True,0.00018010009080171585
9,6,borda,30,False,0.00011110003106296062
9,6,borda,31,False,0.0003471001982688904
9,6,borda,32,True,0.0001574999187141657
9,6,borda,33,False,0.00010649999603629112
9,6,borda,34,False,9.34000127017498e-05
9,6,borda,35,False,8.889986202120781e-05
9,6,borda,36,False,9.010010398924351e-05
9,6,borda,37,False,8.869986049830914e-05
9,6,borda,38,False,8.309981785714626e-05
9,6,borda,39,False,8.890009485185146e-05
9,6,borda,40,True,0.00016589998267591
9,6,borda,41,False,7.730000652372837e-05
9,6,borda,42,False,0.0001129999291151762
9,6,borda,43,True,0.00017140014097094536
9,6,borda,44,True,0.00017319992184638977
9,6,borda,45,False,8.939998224377632e-05
9,6,borda,46,True,0.0001596000511199236
9,6,borda,47,False,8.779997006058693e-05
9,6,borda,48,False,0.0001370999962091446
9,6,borda,49,True,0.00015159999020397663
9,7,plurality,0,False,0.00012930016964673996
9,7,plurality,1,False,0.00022030016407370567
9,7,plurality,2,False,0.00030429987236857414
9,7,plurality,3,False,0.00010300008580088615
9,7,plurality,4,False,0.00011250004172325134
9,7,plurality,5,False,9.80000477284193e-05
9,7,plurality,6,False,0.00011710007674992085
9,7,plurality,7,False,0.0001058999914675951
9,7,plurality,8,False,9.75998118519783e-05
9,7,plurality,9,False,0.00024850014597177505
9,7,plurality,10,False,0.00027139997109770775
9,7,plurality,11,False,0.00011019990779459476
9,7,plurality,12,False,0.0001385000068694353
9,7,plurality,13,False,0.0005372997839003801
9,7,plurality,14,False,0.00011830008588731289
9,7,plurality,15,False,0.0001642999704927206
9,7,plurality,16,True,0.0001735000405460596
9,7,plurality,17,False,0.00010790000669658184
9,7,plurality,18,False,0.00012240000069141388
9,7,plurality,19,False,9.779981337487698e-05
9,7,plurality,20,False,0.0002889998722821474
9,7,plurality,21,False,0.0002886001020669937
9,7,plurality,22,True,0.00014130002819001675
9,7,plurality,23,True,0.00014410004951059818
9,7,plurality,24,False,0.0001642999704927206
9,7,plurality,25,False,0.00031400006264448166
9,7,plurality,26,False,0.00010029994882643223
9,7,plurality,27,False,0.0001192998606711626
9,7,plurality,28,False,0.00042329984717071056
9,7,plurality,29,True,0.0001542000100016594
9,7,plurality,30,False,0.0005467000883072615
9,7,plurality,31,True,0.0001735000405460596
9,7,plurality,32,False,0.00010600010864436626
9,7,plurality,33,False,0.0002592999953776598
9,7,plurality,34,False,0.00011030002497136593
9,7,plurality,35,False,0.0002544999588280916
9,7,plurality,36,True,0.00016289995983242989
9,7,plurality,37,True,0.0001626000739634037
9,7,plurality,38,False,0.0002975999377667904
9,7,plurality,39,True,0.00017080013640224934
9,7,plurality,40,True,0.00019280007109045982
9,7,plurality,41,True,0.00015290011651813984
9,7,plurality,42,False,0.0002544999588280916
9,7,plurality,43,False,0.00023110001347959042
9,7,plurality,44,True,0.00017899996601045132
9,7,plurality,45,False,0.00020739994943141937
9,7,plurality,46,False,9.760004468262196e-05
9,7,plurality,47,False,0.00012310012243688107
9,7,plurality,48,False,9.350012987852097e-05
9,7,plurality,49,False,0.0002829998265951872
9,7,2-approval,0,False,9.520002640783787e-05
9,7,2-approval,1,False,0.00011699995957314968
9,7,2-approval,2,False,0.0002837998326867819
9,7,2-approval,3,False,0.000161800067871809
9,7,2-approval,4,False,0.0002095999661833048
9,7,2-approval,5,False,0.00016659987159073353
9,7,2-approval,6,False,9.820004925131798e-05
9,7,2-approval,7,False,0.0002166999038308859
9,7,2-approval,8,False,0.00011859997175633907
9,7,2-approval,9,False,0.0002816000487655401
9,7,2-approval,10,False,0.0002858999650925398
9,7,2-approval,11,False,0.0001270999200642109
9,7,2-approval,12,False,0.00011179991997778416
9,7,2-approval,13,False,0.0003309999592602253
9,7,2-approval,14,False,0.00010360009036958218
9,7,2-approval,15,False,0.00013280007988214493
9,7,2-approval,16,True,0.00014699995517730713
9,7,2-approval,17,False,9.159999899566174e-05
9,7,2-approval,18,False,0.0001238000113517046
9,7,2-approval,19,False,0.00010240008123219013
9,7,2-approval,20,False,0.0002739999908953905
9,7,2-approval,21,False,0.00028449995443224907
9,7,2-approval,22,False,0.0003062998875975609
9,7,2-approval,23,True,0.00014420016668736935
9,7,2-approval,24,False,0.00010539987124502659
9,7,2-approval,25,False,0.0006025999318808317
9,7,2-approval,26,False,0.00014730007387697697
9,7,2-approval,27,False,0.00012440001592040062
9,7,2-approval,28,True,0.00018049986101686954
9,7,2-approval,29,True,0.00015949993394315243
9,7,2-approval,30,True,0.00021709990687668324
9,7,2-approval,31,True,0.00015949993394315243
9,7,2-approval,32,False,0.0001113000325858593
9,7,2-approval,33,False,0.0002983999438583851
9,7,2-approval,34,False,0.0001362999901175499
9,7,2-approval,35,False,0.0006053999532014132
9,7,2-approval,36,True,0.00015259999781847
9,7,2-approval,37,True,0.00023900019004940987
9,7,2-approval,38,True,0.00015610014088451862
9,7,2-approval,39,False,0.0002967999316751957
9,7,2-approval,40,True,0.0001743000466376543
9,7,2-approval,41,True,0.000184300122782588
9,7,2-approval,42,True,0.00015909993089735508
9,7,2-approval,43,False,0.00033389986492693424
9,7,2-approval,44,True,0.00018330011516809464
9,7,2-approval,45,False,0.00010649999603629112
9,7,2-approval,46,False,0.00011879997327923775
9,7,2-approval,47,False,0.00010089995339512825
9,7,2-approval,48,False,0.00013049994595348835
9,7,2-approval,49,False,0.0002812000457197428
9,7,veto,0,False,0.0001308000646531582
9,7,veto,1,False,0.00011779996566474438
9,7,veto,2,False,0.0003306001890450716
9,7,veto,3,False,0.000223799841478467
9,7,veto,4,False,0.00010780012235045433
9,7,veto,5,False,0.0001503999810665846
9,7,veto,6,False,0.0001151000615209341
9,7,veto,7,False,0.00010109995491802692
9,7,veto,8,False,9.529991075396538e-05
9,7,veto,9,True,0.00018569990061223507
9,7,veto,10,True,0.0001947998534888029
9,7,veto,11,False,0.00010319985449314117
9,7,veto,12,False,0.00010719988495111465
9,7,veto,13,False,0.0003084999043494463
9,7,veto,14,False,0.00012149987742304802
9,7,veto,15,False,0.0001487999688833952
9,7,veto,16,True,0.0001734001561999321
9,7,veto,17,False,0.0001216998789459467
9,7,veto,18,False,0.00010349997319281101
9,7,veto,19,False,9.730015881359577e-05
9,7,veto,20,False,0.0006214000750333071
9,7,veto,21,False,0.000349600100889802
9,7,veto,22,False,0.0003347001038491726
9,7,veto,23,True,0.0001610000617802143
9,7,veto,24,False,0.00011220015585422516
9,7,veto,25,False,0.00027359998784959316
9,7,veto,26,False,0.00011400016956031322
9,7,veto,27,False,9.430013597011566e-05
9,7,veto,28,False,0.0002764998935163021
9,7,veto,29,True,0.00019669998437166214
9,7,veto,30,True,0.000250800047069788
9,7,veto,31,True,0.00020210002548992634
9,7,veto,32,False,0.0001401000190526247
9,7,veto,33,True,0.00018480001017451286
9,7,veto,34,False,9.460002183914185e-05
9,7,veto,35,False,0.0003399001434445381
9,7,veto,36,True,0.00019669998437166214
9,7,veto,37,True,0.0001993998885154724
9,7,veto,38,True,0.0001993000041693449
9,7,veto,39,False,0.0003085997886955738
9,7,veto,40,True,0.00028140004724264145
9,7,veto,41,True,0.00017330003902316093
9,7,veto,42,True,0.00021430011838674545
9,7,veto,43,False,0.000467000063508749
9,7,veto,44,True,0.0001610000617802143
9,7,veto,45,False,9.019998833537102e-05
9,7,veto,46,False,0.00018490012735128403
9,7,veto,47,False,0.0002087999600917101
9,7,veto,48,False,0.00011229980736970901
9,7,veto,49,False,0.0005266999360173941
9,7,borda,0,False,0.00012949993833899498
9,7,borda,1,False,0.00010469998233020306
9,7,borda,2,False,0.000785500044003129
9,7,borda,3,False,0.00010280008427798748
9,7,borda,4,False,0.00010790000669658184
9,7,borda,5,False,0.00010309997014701366
9,7,borda,6,False,0.00010259984992444515
9,7,borda,7,False,0.00010950001887977123
9,7,borda,8,False,0.00019550020806491375
9,7,borda,9,False,0.0003332998603582382
9,7,borda,10,True,0.0002449001185595989
9,7,borda,11,False,8.859997615218163e-05
9,7,borda,12,False,0.0001050999853760004
9,7,borda,13,False,0.00031690020114183426
9,7,borda,14,False,0.00013839988969266415
9,7,borda,15,False,0.00011990009807050228
9,7,borda,16,True,0.00016830000095069408
9,7,borda,17,False,9.840005077421665e-05
9,7,borda,18,False,0.0001439000479876995
9,7,borda,19,False,0.00012600002810359
9,7,borda,20,False,0.0003391001373529434
9,7,borda,21,False,0.0003478999715298414
9,7,borda,22,False,0.00033909990452229977
9,7,borda,23,True,0.00019399984739720821
9,7,borda,24,False,9.019998833537102e-05
9,7,borda,25,False,0.00034060003235936165
9,7,borda,26,False,0.0001525001134723425
9,7,borda,27,False,9.720004163682461e-05
9,7,borda,28,True,0.0002052001655101776
9,7,borda,29,False,0.00035179988481104374
9,7,borda,30,True,0.0002904001157730818
9,7,borda,31,True,0.00018480001017451286
9,7,borda,32,False,9.389990009367466e-05
9,7,borda,33,True,0.00017140014097094536
9,7,borda,34,False,9.780004620552063e-05
9,7,borda,35,False,0.0003836001269519329
9,7,borda,36,True,0.0001892999280244112
9,7,borda,37,True,0.00017479993402957916
9,7,borda,38,True,0.00016899988986551762
9,7,borda,39,True,0.00018450012430548668
9,7,borda,40,True,0.00016369996592402458
9,7,borda,41,True,0.00015830015763640404
9,7,borda,42,True,0.00017559994012117386
9,7,borda,43,False,0.00040740007534623146
9,7,borda,44,True,0.00022529996931552887
9,7,borda,45,False,0.00011890009045600891
9,7,borda,46,False,0.00011320016346871853
9,7,borda,47,False,0.00015059998258948326
9,7,borda,48,False,9.879982098937035e-05
9,7,borda,49,False,0.0003133001737296581
10,2,plurality,0,False,0.00010689999908208847
10,2,plurality,1,False,0.000228899996727705
10,2,plurality,2,False,0.0002397000789642334
10,2,plurality,3,True,0.0001151000615209341
10,2,plurality,4,False,0.00020839995704591274
10,2,plurality,5,True,0.00014130002819001675
10,2,plurality,6,False,0.00023120013065636158
10,2,plurality,7,False,0.00043039978481829166
10,2,plurality,8,False,0.00021900003775954247
10,2,plurality,9,False,0.0003380998969078064
10,2,plurality,10,False,0.00040779984556138515
10,2,plurality,11,False,7.929978892207146e-05
10,2,plurality,12,False,8.79000872373581e-05
10,2,plurality,13,False,6.889994256198406e-05
10,2,plurality,14,False,7.019983604550362e-05
10,2,plurality,15,False,7.059983909130096e-05
10,2,plurality,16,False,0.00020990008488297462
10,2,plurality,17,False,6.949994713068008e-05
10,2,plurality,18,False,0.0001968001015484333
10,2,plurality,19,False,0.00011430005542933941
10,2,plurality,20,False,6.910017691552639e-05
10,2,plurality,21,True,0.00011520017869770527
10,2,plurality,22,False,6.92000612616539e-05
10,2,plurality,23,False,8.010002784430981e-05
10,2,plurality,24,True,0.00012490013614296913
10,2,plurality,25,True,0.00013930001296103
10,2,plurality,26,False,7.060007192194462e-05
10,2,plurality,27,False,7.16999638825655e-05
10,2,plurality,28,False,0.00019809999503195286
10,2,plurality,29,False,7.650000043213367e-05
10,2,plurality,30,False,7.00999516993761e-05
10,2,plurality,31,False,0.00013970001600682735
10,2,plurality,32,True,0.00012900005094707012
10,2,plurality,33,True,0.0002818000502884388
10,2,plurality,34,False,0.00026549980975687504
10,2,plurality,35,False,0.00011349981650710106
10,2,plurality,36,False,6.889994256198406e-05
10,2,plurality,37,True,0.00011020014062523842
10,2,plurality,38,False,7.369997911155224e-05
10,2,plurality,39,False,8.25000461190939e-05
10,2,plurality,40,False,6.880005821585655e-05
10,2,plurality,41,False,6.660004146397114e-05
10,2,plurality,42,True,0.00024239998310804367
10,2,plurality,43,False,8.779997006058693e-05
10,2,plurality,44,False,0.0005095000378787518
10,2,plurality,45,True,0.0003450000658631325
10,2,plurality,46,True,0.00014479993842542171
10,2,plurality,47,False,7.099984213709831e-05
10,2,plurality,48,True,0.0001167000737041235
10,2,plurality,49,False,7.650000043213367e-05
10,2,2-approval,0,False,9.320001117885113e-05
10,2,2-approval,1,False,0.00020240014418959618
10,2,2-approval,2,False,0.00020130001939833164
10,2,2-approval,3,False,0.0002071999479085207
10,2,2-approval,4,False,0.00023579993285238743
10,2,2-approval,5,True,0.0001455000601708889
10,2,2-approval,6,False,0.00023230002261698246
10,2,2-approval,7,False,0.0002864999696612358
10,2,2-approval,8,False,0.00022360007278621197
10,2,2-approval,9,False,0.00028360006399452686
10,2,2-approval,10,True,0.00015650014393031597
10,2,2-approval,11,False,0.00010380009189248085
10,2,2-approval,12,False,9.890017099678516e-05
10,2,2-approval,13,False,0.0001379000023007393
10,2,2-approval,14,False,6.640003994107246e-05
10,2,2-approval,15,False,8.750008419156075e-05
10,2,2-approval,16,False,0.00022030016407370567
10,2,2-approval,17,False,7.609999738633633e-05
10,2,2-approval,18,False,0.0002484000287950039
10,2,2-approval,19,False,6.950017996132374e-05
10,2,2-approval,20,False,6.940006278455257e-05
10,2,2-approval,21,True,0.00011090002954006195
10,2,2-approval,22,False,7.029995322227478e-05
10,2,2-approval,23,False,7.449998520314693e-05
10,2,2-approval,24,True,0.00011459994129836559
10,2,2-approval,25,True,0.00013429997488856316
10,2,2-approval,26,False,7.080007344484329e-05
10,2,2-approval,27,False,7.759989239275455e-05
10,2,2-approval,28,False,0.00022179982624948025
10,2,2-approval,29,False,8.120015263557434e-05
10,2,2-approval,30,False,7.459986954927444e-05
10,2,2-approval,31,False,8.199992589652538e-05
10,2,2-approval,32,True,0.00011779996566474438
10,2,2-approval,33,True,0.00017639994621276855
10,2,2-approval,34,True,0.0001162998378276825
10,2,2-approval,35,False,7.469998672604561e-05
10,2,2-approval,36,False,7.00999516993761e-05
10,2,2-approval,37,True,0.00014839996583759785
10,2,2-approval,38,False,6.700004450976849e-05
10,2,2-approval,39,False,6.820005364716053e-05
10,2,2-approval,40,False,7.349997758865356e-05
10,2,2-approval,41,False,0.00011890009045600891
10,2,2-approval,42,True,0.00011779996566474438
10,2,2-approval,43,False,6.950017996132374e-05
10,2,2-approval,44,False,0.0005207001231610775
10,2,2-approval,45,True,0.00011529983021318913
10,2,2-approval,46,False,0.0002950001507997513
10,2,2-approval,47,False,7.589999586343765e-05
10,2,2-approval,48,True,0.0001738998107612133
10,2,2-approval,49,False,6.839982233941555e-05
10,2,veto,0,False,0.00011589983478188515
10,2,veto,1,True,0.00015740003436803818
10,2,veto,2,True,0.0001808998640626669
10,2,veto,3,False,0.0002715999726206064
10,2,veto,4,False,0.00024230009876191616
10,2,veto,5,True,0.00016450020484626293
10,2,veto,6,False,0.0003021000884473324
10,2,veto,7,False,0.0002443999983370304
10,2,veto,8,False,0.00027139997109770775
10,2,veto,9,False,0.00022289995104074478
10,2,veto,10,True,0.00016950001008808613
10,2,veto,11,False,7.469998672604561e-05
10,2,veto,12,False,7.449998520314693e-05
10,2,veto,13,False,7.209996692836285e-05
10,2,veto,14,False,9.019998833537102e-05
10,2,veto,15,False,6.909994408488274e-05
10,2,veto,16,False,0.0002981000579893589
10,2,veto,17,False,8.84002074599266e-05
10,2,veto,18,False,0.0002827998250722885
10,2,veto,19,False,7.200008258223534e-05
10,2,veto,20,False,7.039983756840229e-05
10,2,veto,21,False,0.0002470000181347132
10,2,veto,22,False,9.079999290406704e-05
10,2,veto,23,False,6.610015407204628e-05
10,2,veto,24,False,0.0003412999212741852
10,2,veto,25,False,0.0005625998601317406
10,2,veto,26,False,6.689992733299732e-05
10,2,veto,27,False,6.680004298686981e-05
10,2,veto,28,False,0.00026190001517534256
10,2,veto,29,False,6.900005973875523e-05
10,2,veto,30,False,7.389998063445091e-05
10,2,veto,31,False,7.189996540546417e-05
10,2,veto,32,True,0.00016649998724460602
10,2,veto,33,False,0.0002644001506268978
10,2,veto,34,True,0.0001224998850375414
10,2,veto,35,False,6.850017234683037e-05
10,2,veto,36,False,7.349997758865356e-05
10,2,veto,37,False,0.00029399991035461426
10,2,veto,38,False,8.779997006058693e-05
10,2,veto,39,False,7.040007039904594e-05
10,2,veto,40,False,7.520010694861412e-05
10,2,veto,41,False,9.180000051856041e-05
10,2,veto,42,False,0.0002533998340368271
10,2,veto,43,False,7.360009476542473e-05
10,2,veto,44,False,0.0004569999873638153
10,2,veto,45,False,0.00025260006077587605
10,2,veto,46,True,0.00021959980949759483
10,2,veto,47,False,8.759996853768826e-05
10,2,veto,48,True,0.00013640010729432106
10,2,veto,49,False,8.050003089010715e-05
10,2,borda,0,False,0.00012189988046884537
10,2,borda,1,True,0.00012369989417493343
10,2,borda,2,True,0.0002664998173713684
10,2,borda,3,True,0.0001742001622915268
10,2,borda,4,False,0.00027279998175799847
10,2,borda,5,True,0.00014569982886314392
10,2,borda,6,True,0.0003068998921662569
10,2,borda,7,True,0.00021980004385113716
10,2,borda,8,False,0.0002804000396281481
10,2,borda,9,True,0.0003871999215334654
10,2,borda,10,True,0.0004718001000583172
10,2,borda,11,False,6.740004755556583e-05
10,2,borda,12,False,6.83001708239317e-05
10,2,borda,13,False,8.810008876025677e-05
10,2,borda,14,False,7.100007496774197e-05
10,2,borda,15,False,0.00010479986667633057
10,2,borda,16,True,0.000300699844956398
10,2,borda,17,False,7.250020280480385e-05
10,2,borda,18,False,0.00028060004115104675
10,2,borda,19,False,0.00011109979823231697
10,2,borda,20,False,6.780005060136318e-05
10,2,borda,21,True,0.00013610022142529488
10,2,borda,22,False,6.71998132020235e-05
10,2,borda,23,False,7.309997454285622e-05
10,2,borda,24,False,0.0003247000277042389
10,2,borda,25,True,0.00017070001922547817
10,2,borda,26,False,7.420009933412075e-05
10,2,borda,27,False,8.499994874000549e-05
10,2,borda,28,False,0.0003066000062972307
10,2,borda,29,False,0.00010529998689889908
10,2,borda,30,False,6.950017996132374e-05
10,2,borda,31,False,0.00011970009654760361
10,2,borda,32,True,0.00012620002962648869
10,2,borda,33,True,0.00018989993259310722
10,2,borda,34,True,0.0001224998850375414
10,2,borda,35,False,6.630015559494495e-05
10,2,borda,36,False,0.00010139984078705311
10,2,borda,37,True,0.00015549990348517895
10,2,borda,38,False,6.690016016364098e-05
10,2,borda,39,False,6.689992733299732e-05
10,2,borda,40,False,6.680004298686981e-05
10,2,borda,41,False,6.760004907846451e-05
10,2,borda,42,True,0.00014210003428161144
10,2,borda,43,False,7.589999586343765e-05
10,2,borda,44,True,0.00028920010663568974
10,2,borda,45,True,0.00014579994603991508
10,2,borda,46,True,0.0002808000426739454
10,2,borda,47,False,6.620003841817379e-05
10,2,borda,48,True,0.00012900005094707012
10,2,borda,49,False,0.00015789992175996304
10,3,plurality,0,False,7.54999928176403e-05
10,3,plurality,1,False,8.010002784430981e-05
10,3,plurality,2,False,9.80000477284193e-05
10,3,plurality,3,False,7.529999129474163e-05
10,3,plurality,4,False,0.0002587998751550913
10,3,plurality,5,False,9.360001422464848e-05
10,3,plurality,6,True,0.00022999988868832588
10,3,plurality,7,True,0.00013659987598657608
10,3,plurality,8,False,0.00036150007508695126
10,3,plurality,9,False,0.00010930001735687256
10,3,plurality,10,False,0.0002256000880151987
10,3,plurality,11,False,0.00017110002227127552
10,3,plurality,12,False,0.0002539998386055231
10,3,plurality,13,False,8.239992894232273e-05
10,3,plurality,14,True,0.0002561998553574085
10,3,plurality,15,False,7.109995931386948e-05
10,3,plurality,16,False,0.00018019997514784336
10,3,plurality,17,False,7.830001413822174e-05
10,3,plurality,18,False,0.00026139989495277405
10,3,plurality,19,False,7.71998893469572e-05
10,3,plurality,20,False,0.00025340006686747074
10,3,plurality,21,False,9.990017861127853e-05
10,3,plurality,22,False,8.17000400274992e-05
10,3,plurality,23,False,7.950002327561378e-05
10,3,plurality,24,False,0.00028050015680491924
10,3,plurality,25,False,0.00011410005390644073
10,3,plurality,26,False,0.00029690004885196686
10,3,plurality,27,True,0.0001329001970589161
10,3,plurality,28,False,9.130011312663555e-05
10,3,plurality,29,False,7.149996235966682e-05
10,3,plurality,30,False,0.0002904001157730818
10,3,plurality,31,False,0.00023719994351267815
10,3,plurality,32,False,8.809985592961311e-05
10,3,plurality,33,False,7.770000956952572e-05
10,3,plurality,34,False,9.449990466237068e-05
10,3,plurality,35,False,0.0004491000436246395
10,3,plurality,36,False,7.810001261532307e-05
10,3,plurality,37,False,8.110003545880318e-05
10,3,plurality,38,True,0.00011630007065832615
10,3,plurality,39,False,7.320009171962738e-05
10,3,plurality,40,True,0.00013400008901953697
10,3,plurality,41,True,0.00011819996871054173
10,3,plurality,42,False,0.0001770998351275921
10,3,plurality,43,False,0.00033359997905790806
10,3,plurality,44,False,9.66999214142561e-05
10,3,plurality,45,True,0.00011030002497136593
10,3,plurality,46,False,8.349982090294361e-05
10,3,plurality,47,False,7.469998672604561e-05
10,3,plurality,48,True,0.00012059998698532581
10,3,plurality,49,False,9.8399817943573e-05
10,3,2-approval,0,False,8.819997310638428e-05
10,3,2-approval,1,False,8.519995026290417e-05
10,3,2-approval,2,False,7.269997149705887e-05
10,3,2-approval,3,False,0.00010689999908208847
10,3,2-approval,4,False,0.00022060004994273186
10,3,2-approval,5,False,8.030002936720848e-05
10,3,2-approval,6,False,0.0003274998161941767
10,3,2-approval,7,True,0.00012240000069141388
10,3,2-approval,8,False,0.000602399930357933
10,3,2-approval,9,False,8.400017395615578e-05
10,3,2-approval,10,False,0.0002563998568803072
10,3,2-approval,11,False,7.810001261532307e-05
10,3,2-approval,12,False,0.00023579993285238743
10,3,2-approval,13,False,9.229988791048527e-05
10,3,2-approval,14,True,0.00014679995365440845
10,3,2-approval,15,False,9.240000508725643e-05
10,3,2-approval,16,False,9.019998833537102e-05
10,3,2-approval,17,False,7.870001718401909e-05
10,3,2-approval,18,False,0.00028709997422993183
10,3,2-approval,19,False,9.80000477284193e-05
10,3,2-approval,20,False,0.00035809981636703014
10,3,2-approval,21,False,0.00012960005551576614
10,3,2-approval,22,False,9.909993968904018e-05
10,3,2-approval,23,False,8.520018309354782e-05
10,3,2-approval,24,False,0.00026020011864602566
10,3,2-approval,25,False,0.00010490021668374538
10,3,2-approval,26,False,0.00025150016881525517
10,3,2-approval,27,False,0.00028709997422993183
10,3,2-approval,28,False,8.660019375383854e-05
10,3,2-approval,29,False,0.00010200007818639278
10,3,2-approval,30,False,0.0002661000471562147
10,3,2-approval,31,False,0.0002905000001192093
10,3,2-approval,32,False,8.570007048547268e-05
10,3,2-approval,33,False,7.580011151731014e-05
10,3,2-approval,34,False,8.019991219043732e-05
10,3,2-approval,35,False,0.00023409980349242687
10,3,2-approval,36,False,7.25998543202877e-05
10,3,2-approval,37,False,7.069995626807213e-05
10,3,2-approval,38,True,0.00014919997192919254
10,3,2-approval,39,False,0.00014130002819001675
10,3,2-approval,40,True,0.00019150017760694027
10,3,2-approval,41,True,0.0001463000662624836
10,3,2-approval,42,False,8.020014502108097e-05
10,3,2-approval,43,False,0.0005298999603837729
10,3,2-approval,44,False,7.790001109242439e-05
10,3,2-approval,45,True,0.0001191999763250351
10,3,2-approval,46,False,7.400009781122208e-05
10,3,2-approval,47,False,7.020006887614727e-05
10,3,2-approval,48,True,0.00011439993977546692
10,3,2-approval,49,False,8.809985592961311e-05
10,3,veto,0,False,9.26000066101551e-05
10,3,veto,1,False,7.309997454285622e-05
10,3,veto,2,False,7.730000652372837e-05
10,3,veto,3,False,7.71998893469572e-05
10,3,veto,4,False,0.0002749999985098839
10,3,veto,5,False,7.750000804662704e-05
10,3,veto,6,False,0.00028140004724264145
10,3,veto,7,True,0.0001463000662624836
10,3,veto,8,True,0.0001916999462991953
10,3,veto,9,False,8.00001434981823e-05
10,3,veto,10,False,0.0002682001795619726
10,3,veto,11,False,7.859990000724792e-05
10,3,veto,12,False,0.00048399996012449265
10,3,veto,13,False,7.870001718401909e-05
10,3,veto,14,False,0.0005465999711304903
10,3,veto,15,False,7.520010694861412e-05
10,3,veto,16,False,8.699996396899223e-05
10,3,veto,17,False,8.700019679963589e-05
10,3,veto,18,False,0.0002562999725341797
10,3,veto,19,False,6.880005821585655e-05
10,3,veto,20,False,0.0002778000198304653
10,3,veto,21,False,7.960014045238495e-05
10,3,veto,22,False,9.119999594986439e-05
10,3,veto,23,False,8.499994874000549e-05
10,3,veto,24,False,0.0002848999574780464
10,3,veto,25,False,9.309989400207996e-05
10,3,veto,26,True,0.0001575998030602932
10,3,veto,27,False,0.0002669000532478094
10,3,veto,28,False,7.850001566112041e-05
10,3,veto,29,False,7.730000652372837e-05
10,3,veto,30,False,0.0002921000123023987
10,3,veto,31,False,0.00024649989791214466
10,3,veto,32,False,7.810001261532307e-05
10,3,veto,33,False,7.679988630115986e-05
10,3,veto,34,False,7.659988477826118e-05
10,3,veto,35,False,0.00026529980823397636
10,3,veto,36,False,0.00010029994882643223
10,3,veto,37,False,8.390005677938461e-05
10,3,veto,38,False,0.00030129984952509403
10,3,veto,39,False,8.699996396899223e-05
10,3,veto,40,False,0.000278000021353364
10,3,veto,41,True,0.00017419992946088314
10,3,veto,42,False,7.400009781122208e-05
10,3,veto,43,False,0.00028210016898810863
10,3,veto,44,False,0.00013940013013780117
10,3,veto,45,True,0.00013139983639121056
10,3,veto,46,False,8.359993807971478e-05
10,3,veto,47,False,0.00013970001600682735
10,3,veto,48,True,0.00017499993555247784
10,3,veto,49,False,7.720012217760086e-05
10,3,borda,0,False,7.389998063445091e-05
10,3,borda,1,False,7.509998977184296e-05
10,3,borda,2,False,0.00010479986667633057
10,3,borda,3,False,7.429998368024826e-05
10,3,borda,4,False,0.0003372000064700842
10,3,borda,5,False,0.00010560010559856892
10,3,borda,6,True,0.0006479998119175434
10,3,borda,7,True,0.00015820004045963287
10,3,borda,8,True,0.00016329996287822723
10,3,borda,9,False,0.000134199857711792
10,3,borda,10,True,0.00013689999468624592
10,3,borda,11,False,8.719996549189091e-05
10,3,borda,12,False,0.00027950014919042587
10,3,borda,13,False,7.670000195503235e-05
10,3,borda,14,True,0.0001555001363158226
10,3,borda,15,False,7.970002479851246e-05
10,3,borda,16,False,7.229996845126152e-05
10,3,borda,17,False,7.560010999441147e-05
10,3,borda,18,False,0.0003152000717818737
10,3,borda,19,False,0.00011279992759227753
10,3,borda,20,False,0.00030559999868273735
10,3,borda,21,False,0.00011810008436441422
10,3,borda,22,False,6.839982233941555e-05
10,3,borda,23,False,7.650000043213367e-05
10,3,borda,24,True,0.00018019997514784336
10,3,borda,25,False,0.00011550006456673145
10,3,borda,26,False,0.00036619999445974827
10,3,borda,27,False,0.00026919995434582233
10,3,borda,28,False,7.990002632141113e-05
10,3,borda,29,False,7.839989848434925e-05
10,3,borda,30,True,0.000273900106549263
10,3,borda,31,True,0.00013029994443058968
10,3,borda,32,False,7.420009933412075e-05
10,3,borda,33,False,7.87999015301466e-05
10,3,borda,34,False,0.00013519986532628536
10,3,borda,35,False,0.00036179996095597744
10,3,borda,36,False,0.00011310004629194736
10,3,borda,37,False,7.759989239275455e-05
10,3,borda,38,True,0.00013100006617605686
10,3,borda,39,False,8.659996092319489e-05
10,3,borda,40,True,0.00014599994756281376
10,3,borda,41,True,0.00014489982277154922
10,3,borda,42,False,0.00010270019993185997
10,3,borda,43,False,0.0002967999316751957
10,3,borda,44,False,8.179992437362671e-05
10,3,borda,45,True,0.00013619987294077873
10,3,borda,46,False,0.00019689998589456081
10,3,borda,47,False,0.00010220007970929146
10,3,borda,48,True,0.00016069994308054447
10,3,borda,49,False,8.839997462928295e-05
10,4,plurality,0,False,8.96998681128025e-05
10,4,plurality,1,False,9.640003554522991e-05
10,4,plurality,2,False,9.089987725019455e-05
10,4,plurality,3,False,8.989986963570118e-05
10,4,plurality,4,False,9.540002793073654e-05
10,4,plurality,5,False,0.0002375999465584755
10,4,plurality,6,False,0.00012090010568499565
10,4,plurality,7,False,8.41999426484108e-05
10,4,plurality,8,False,8.119991980493069e-05
10,4,plurality,9,True,0.0001221001148223877
10,4,plurality,10,False,0.00010639987885951996
10,4,plurality,11,False,8.009979501366615e-05
10,4,plurality,12,False,9.750016033649445e-05
10,4,plurality,13,False,0.0002808000426739454
10,4,plurality,14,False,8.890009485185146e-05
10,4,plurality,15,False,0.0002731001004576683
10,4,plurality,16,False,0.00028849998489022255
10,4,plurality,17,False,0.00012509990483522415
10,4,plurality,18,False,0.00029230001382529736
10,4,plurality,19,True,0.0001300000585615635
10,4,plurality,20,False,0.00023250002413988113
10,4,plurality,21,False,8.690007962286472e-05
10,4,plurality,22,False,9.279977530241013e-05
10,4,plurality,23,True,0.00030419998802244663
10,4,plurality,24,False,0.0002474000211805105
10,4,plurality,25,False,0.00010339985601603985
10,4,plurality,26,False,0.00027420022524893284
10,4,plurality,27,True,0.0002615000121295452
10,4,plurality,28,True,0.000215600011870265
10,4,plurality,29,False,0.00027490011416375637
10,4,plurality,30,False,8.830009028315544e-05
10,4,plurality,31,False,0.00026530004106462
10,4,plurality,32,True,0.00013390020467340946
10,4,plurality,33,True,0.0002685999497771263
10,4,plurality,34,True,0.00013120006769895554
10,4,plurality,35,False,8.289981633424759e-05
10,4,plurality,36,False,0.0001821001060307026
10,4,plurality,37,False,0.00011170003563165665
10,4,plurality,38,False,0.0002587998751550913
10,4,plurality,39,False,0.0002087999600917101
10,4,plurality,40,True,0.00013830000534653664
10,4,plurality,41,False,0.0001150001771748066
10,4,plurality,42,False,0.000538199907168746
10,4,plurality,43,False,8.960021659731865e-05
10,4,plurality,44,False,8.990010246634483e-05
10,4,plurality,45,False,8.679996244609356e-05
10,4,plurality,46,True,0.0001376001164317131
10,4,plurality,47,False,0.00023250002413988113
10,4,plurality,48,True,0.00012819981202483177
10,4,plurality,49,False,0.00013870000839233398
10,4,2-approval,0,False,0.00011459994129836559
10,4,2-approval,1,False,8.359993807971478e-05
10,4,2-approval,2,False,9.030010551214218e-05
10,4,2-approval,3,False,9.699980728328228e-05
10,4,2-approval,4,False,8.849985897541046e-05
10,4,2-approval,5,True,0.00013660010881721973
10,4,2-approval,6,False,0.00010770000517368317
10,4,2-approval,7,False,8.350005373358727e-05
10,4,2-approval,8,False,8.510006591677666e-05
10,4,2-approval,9,True,0.0001254999078810215
10,4,2-approval,10,False,7.850001566112041e-05
10,4,2-approval,11,False,9.749992750585079e-05
10,4,2-approval,12,False,9.989994578063488e-05
10,4,2-approval,13,False,0.00026439991779625416
10,4,2-approval,14,False,0.00011479994282126427
10,4,2-approval,15,False,0.00028989999555051327
10,4,2-approval,16,False,0.00024339999072253704
10,4,2-approval,17,False,7.810001261532307e-05
10,4,2-approval,18,False,0.00025829998776316643
10,4,2-approval,19,True,0.00016200006939470768
10,4,2-approval,20,True,0.00017610006034374237
10,4,2-approval,21,False,0.0001191999763250351
10,4,2-approval,22,False,7.810001261532307e-05
10,4,2-approval,23,True,0.0002327000256627798
10,4,2-approval,24,False,0.00026480015367269516
10,4,2-approval,25,False,0.0001004999503493309
10,4,2-approval,26,True,0.00017850007861852646
10,4,2-approval,27,True,0.00015970016829669476
10,4,2-approval,28,True,0.00021520000882446766
10,4,2-approval,29,False,0.0002443999983370304
10,4,2-approval,30,False,8.739996701478958e-05
10,4,2-approval,31,False,0.00022240006364881992
10,4,2-approval,32,True,0.0002460998948663473
10,4,2-approval,33,True,0.00016709999181330204
10,4,2-approval,34,False,0.00028339982964098454
10,4,2-approval,35,False,0.0001313001848757267
10,4,2-approval,36,False,8.190004155039787e-05
10,4,2-approval,37,False,0.00011530006304383278
10,4,2-approval,38,False,0.00026839994825422764
10,4,2-approval,39,False,0.00025530019775032997
10,4,2-approval,40,True,0.00014810007996857166
10,4,2-approval,41,False,8.110003545880318e-05
10,4,2-approval,42,False,0.0002663999330252409
10,4,2-approval,43,False,0.00010240008123219013
10,4,2-approval,44,False,0.00011990009807050228
10,4,2-approval,45,False,8.699996396899223e-05
10,4,2-approval,46,True,0.0001689000055193901
10,4,2-approval,47,False,0.00023909984156489372
10,4,2-approval,48,True,0.00014900020323693752
10,4,2-approval,49,False,0.00011079991236329079
10,4,veto,0,False,9.119999594986439e-05
10,4,veto,1,False,8.789985440671444e-05
10,4,veto,2,False,0.0004406999796628952
10,4,veto,3,False,0.00010339985601603985
10,4,veto,4,False,8.180015720427036e-05
10,4,veto,5,False,0.0002848000731319189
10,4,veto,6,False,0.00010520010255277157
10,4,veto,7,False,0.00011600018478929996
10,4,veto,8,False,0.0001433000434190035
10,4,veto,9,False,0.00028460007160902023
10,4,veto,10,False,7.859990000724792e-05
10,4,veto,11,False,0.00014690007083117962
10,4,veto,12,False,0.00010850001126527786
10,4,veto,13,False,0.00028529996052384377
10,4,veto,14,False,7.790001109242439e-05
10,4,veto,15,False,0.0002584999892860651
10,4,veto,16,False,0.0002935000229626894
10,4,veto,17,False,8.729984983801842e-05
10,4,veto,18,False,0.00030790013261139393
10,4,veto,19,True,0.00014040013775229454
10,4,veto,20,False,0.00041999993845820427
10,4,veto,21,False,0.0001759000588208437
10,4,veto,22,False,7.740012370049953e-05
10,4,veto,23,False,0.00026960019022226334
10,4,veto,24,False,0.0003076000139117241
10,4,veto,25,False,8.63000750541687e-05
10,4,veto,26,True,0.0001898000482469797
10,4,veto,27,False,0.0003036998677998781
10,4,veto,28,True,0.00017649983055889606
10,4,veto,29,True,0.00014240015298128128
10,4,veto,30,False,7.92001374065876e-05
10,4,veto,31,False,0.00026570004411041737
10,4,veto,32,False,0.00033650011755526066
10,4,veto,33,True,0.00017730006948113441
10,4,veto,34,True,0.00014290004037320614
10,4,veto,35,False,0.00012369989417493343
10,4,veto,36,False,8.679996244609356e-05
10,4,veto,37,False,9.12998802959919e-05
10,4,veto,38,False,0.0002965000458061695
10,4,veto,39,False,0.0003043999895453453
10,4,veto,40,True,0.00016279984265565872
10,4,veto,41,False,9.429990313947201e-05
10,4,veto,42,False,0.0002647999208420515
10,4,veto,43,False,0.00010580010712146759
10,4,veto,44,False,9.429990313947201e-05
10,4,veto,45,False,8.519995026290417e-05
10,4,veto,46,True,0.00014569982886314392
10,4,veto,47,False,0.0002935999073088169
10,4,veto,48,True,0.00018800003454089165
10,4,veto,49,False,0.00011699995957314968
10,4,borda,0,False,0.00010440009646117687
10,4,borda,1,False,0.00010790000669658184
10,4,borda,2,False,8.390005677938461e-05
10,4,borda,3,False,7.919990457594395e-05
10,4,borda,4,False,0.00010320008732378483
10,4,borda,5,True,0.0001610000617802143
10,4,borda,6,False,0.00013699987903237343
10,4,borda,7,False,0.00014650006778538227
10,4,borda,8,False,7.970002479851246e-05
10,4,borda,9,True,0.00014999997802078724
10,4,borda,10,False,8.040014654397964e-05
10,4,borda,11,False,0.0001509999856352806
10,4,borda,12,False,7.480010390281677e-05
10,4,borda,13,True,0.00028789998032152653
10,4,borda,14,False,8.400017395615578e-05
10,4,borda,15,False,0.0003295999485999346
10,4,borda,16,False,0.0006931000389158726
10,4,borda,17,False,0.0001058999914675951
10,4,borda,18,False,0.00031119980849325657
10,4,borda,19,True,0.0001371998805552721
10,4,borda,20,True,0.00020789983682334423
10,4,borda,21,False,7.770000956952572e-05
10,4,borda,22,False,8.030002936720848e-05
10,4,borda,23,True,0.00023119989782571793
10,4,borda,24,False,0.0003253000322729349
10,4,borda,25,False,8.690007962286472e-05
10,4,borda,26,True,0.00014679995365440845
10,4,borda,27,True,0.00020160013809800148
10,4,borda,28,False,0.0003114000428467989
10,4,borda,29,False,0.00032670004293322563
10,4,borda,30,False,9.889993816614151e-05
10,4,borda,31,False,0.0003299000672996044
10,4,borda,32,True,0.0001493000891059637
10,4,borda,33,True,0.00014770007692277431
10,4,borda,34,True,0.00013219984248280525
10,4,borda,35,False,0.00010119983926415443
10,4,borda,36,False,8.04997980594635e-05
10,4,borda,37,False,0.00024039996787905693
10,4,borda,38,False,0.00029450003057718277
10,4,borda,39,False,0.0002865998540073633
10,4,borda,40,True,0.00021359999664127827
10,4,borda,41,False,8.189980871975422e-05
10,4,borda,42,False,0.0003013000823557377
10,4,borda,43,False,0.00010180007666349411
10,4,borda,44,False,0.00010469998233020306
10,4,borda,45,False,9.400001727044582e-05
10,4,borda,46,True,0.00019310018979012966
10,4,borda,47,False,0.0006671000737696886
10,4,borda,48,True,0.0001792998518794775
10,4,borda,49,False,0.00023490004241466522
10,5,plurality,0,False,0.00010549998842179775
10,5,plurality,1,False,8.999998681247234e-05
10,5,plurality,2,False,0.00011679995805025101
10,5,plurality,3,False,0.00030209985561668873
10,5,plurality,4,False,0.00028140004724264145
10,5,plurality,5,False,0.0002460998948663473
10,5,plurality,6,False,9.869993664324284e-05
10,5,plurality,7,True,0.00024199998006224632
10,5,plurality,8,False,0.00026530004106462
10,5,plurality,9,False,0.00010280008427798748
10,5,plurality,10,True,0.0001580999232828617
10,5,plurality,11,False,8.92002135515213e-05
10,5,plurality,12,False,8.769985288381577e-05
10,5,plurality,13,False,0.00010750000365078449
10,5,plurality,14,False,0.0002346998080611229
10,5,plurality,15,False,0.00012720003724098206
10,5,plurality,16,False,0.00011850008741021156
10,5,plurality,17,False,0.00020500016398727894
10,5,plurality,18,False,0.00017910008318722248
10,5,plurality,19,False,0.00014290004037320614
10,5,plurality,20,False,0.0003573000431060791
10,5,plurality,21,False,0.00015289988368749619
10,5,plurality,22,True,0.0001368001103401184
10,5,plurality,23,True,0.00015380000695586205
10,5,plurality,24,False,0.00010559987276792526
10,5,plurality,25,False,8.470006287097931e-05
10,5,plurality,26,False,8.719996549189091e-05
10,5,plurality,27,False,0.00031020003370940685
10,5,plurality,28,False,8.590007200837135e-05
10,5,plurality,29,False,0.00014120014384388924
10,5,plurality,30,False,0.00021270010620355606
10,5,plurality,31,False,0.0002741001080721617
10,5,plurality,32,False,9.149988181889057e-05
10,5,plurality,33,False,9.409990161657333e-05
10,5,plurality,34,False,0.00011869985610246658
10,5,plurality,35,False,0.0002694998402148485
10,5,plurality,36,False,0.0002791997976601124
10,5,plurality,37,False,9.489990770816803e-05
10,5,plurality,38,True,0.00017359992489218712
10,5,plurality,39,False,9.620003402233124e-05
10,5,plurality,40,False,0.00013299984857439995
10,5,plurality,41,True,0.00027559977024793625
10,5,plurality,42,False,9.030010551214218e-05
10,5,plurality,43,False,0.00033130007795989513
10,5,plurality,44,False,9.110011160373688e-05
10,5,plurality,45,True,0.00023750006221234798
10,5,plurality,46,False,0.00011100014671683311
10,5,plurality,47,False,0.0001238000113517046
10,5,plurality,48,False,0.0004749000072479248
10,5,plurality,49,False,0.00026689982041716576
10,5,2-approval,0,False,0.00011439993977546692
10,5,2-approval,1,False,0.00015219999477267265
10,5,2-approval,2,False,0.00010720011778175831
10,5,2-approval,3,False,0.000233400147408247
10,5,2-approval,4,False,0.00025889999233186245
10,5,2-approval,5,False,0.0002894999925047159
10,5,2-approval,6,False,0.00019180006347596645
10,5,2-approval,7,True,0.00014319992624223232
10,5,2-approval,8,False,0.0002640997990965843
10,5,2-approval,9,False,8.660019375383854e-05
10,5,2-approval,10,True,0.00014769984409213066
10,5,2-approval,11,False,0.00011339993216097355
10,5,2-approval,12,False,9.119999594986439e-05
10,5,2-approval,13,False,9.600003249943256e-05
10,5,2-approval,14,True,0.00019289995543658733
10,5,2-approval,15,False,0.00010109995491802692
10,5,2-approval,16,False,9.059999138116837e-05
10,5,2-approval,17,False,9.270012378692627e-05
10,5,2-approval,18,False,9.119999594986439e-05
10,5,2-approval,19,False,0.00010349997319281101
10,5,2-approval,20,False,0.00024860003031790257
10,5,2-approval,21,False,0.00023579993285238743
10,5,2-approval,22,True,0.00016619986854493618
10,5,2-approval,23,True,0.00016480009071528912
10,5,2-approval,24,False,8.970010094344616e-05
10,5,2-approval,25,False,9.940005838871002e-05
10,5,2-approval,26,False,9.830016642808914e-05
10,5,2-approval,27,False,0.0002296001184731722
10,5,2-approval,28,False,9.240000508725643e-05
10,5,2-approval,29,False,0.00011100014671683311
10,5,2-approval,30,False,0.00010149995796382427
10,5,2-approval,31,False,0.0002226999495178461
10,5,2-approval,32,False,8.17000400274992e-05
10,5,2-approval,33,False,0.0001097000204026699
10,5,2-approval,34,False,0.0001216998789459467
10,5,2-approval,35,False,0.0003649999853223562
10,5,2-approval,36,False,0.00029959995299577713
10,5,2-approval,37,False,0.00014279992319643497
10,5,2-approval,38,False,0.0002834999468177557
10,5,2-approval,39,False,8.779997006058693e-05
10,5,2-approval,40,False,0.00012330012395977974
10,5,2-approval,41,True,0.00022990000434219837
10,5,2-approval,42,False,9.389990009367466e-05
10,5,2-approval,43,False,0.00033369986340403557
10,5,2-approval,44,False,0.00010080006904900074
10,5,2-approval,45,True,0.0001496998593211174
10,5,2-approval,46,False,0.00010680011473596096
10,5,2-approval,47,False,0.00019980012439191341
10,5,2-approval,48,False,0.0002457001246511936
10,5,2-approval,49,False,0.0003108999226242304
10,5,veto,0,False,0.00014139991253614426
10,5,veto,1,False,0.00018860003910958767
10,5,veto,2,False,9.909993968904018e-05
10,5,veto,3,True,0.00016520009376108646
10,5,veto,4,False,0.0003041001036763191
10,5,veto,5,True,0.00017559994012117386
10,5,veto,6,False,9.620003402233124e-05
10,5,veto,7,True,0.00016400008462369442
10,5,veto,8,True,0.00017819995991885662
10,5,veto,9,False,0.00014319992624223232
10,5,veto,10,True,0.00016819988377392292
10,5,veto,11,False,8.79999715834856e-05
10,5,veto,12,False,9.25001222640276e-05
10,5,veto,13,False,0.00010300008580088615
10,5,veto,14,False,0.00035460013896226883
10,5,veto,15,False,0.00011859997175633907
10,5,veto,16,False,0.00010189996100962162
10,5,veto,17,False,9.069987572729588e-05
10,5,veto,18,False,0.00020389980636537075
10,5,veto,19,False,0.00011270004324615002
10,5,veto,20,True,0.00018160021863877773
10,5,veto,21,False,0.000107599887996912
10,5,veto,22,True,0.0001642000861465931
10,5,veto,23,True,0.0001517999917268753
10,5,veto,24,False,0.00020430004224181175
10,5,veto,25,False,9.149988181889057e-05
10,5,veto,26,False,0.00011959997937083244
10,5,veto,27,False,0.0003084999043494463
10,5,veto,28,False,9.720004163682461e-05
10,5,veto,29,False,9.940005838871002e-05
10,5,veto,30,False,9.280000813305378e-05
10,5,veto,31,False,0.00030479999259114265
10,5,veto,32,False,0.00014089979231357574
10,5,veto,33,False,8.620019070804119e-05
10,5,veto,34,False,0.00012069987133145332
10,5,veto,35,True,0.0001526998821645975
10,5,veto,36,False,0.0004100000951439142
10,5,veto,37,False,8.79999715834856e-05
10,5,veto,38,False,0.00032379990443587303
10,5,veto,39,False,0.00013980013318359852
10,5,veto,40,False,8.469983004033566e-05
10,5,veto,41,True,0.0004991998430341482
10,5,veto,42,False,9.680003859102726e-05
10,5,veto,43,False,0.00031849998049438
10,5,veto,44,False,9.070010855793953e-05
10,5,veto,45,False,0.000385599909350276
10,5,veto,46,False,8.79000872373581e-05
10,5,veto,47,False,0.0001121999230235815
10,5,veto,48,False,0.0002750998828560114
10,5,veto,49,False,0.0003082000184804201
10,5,borda,0,False,9.380001574754715e-05
10,5,borda,1,False,9.680003859102726e-05
10,5,borda,2,False,0.0001283001620322466
10,5,borda,3,False,0.000502999871969223
10,5,borda,4,False,0.00032519991509616375
10,5,borda,5,True,0.0003432000521570444
10,5,borda,6,False,0.00022350018844008446
10,5,borda,7,True,0.00017530005425214767
10,5,borda,8,False,0.00030489987693727016
10,5,borda,9,False,8.900021202862263e-05
10,5,borda,10,True,0.00025279982946813107
10,5,borda,11,False,0.00013620010577142239
10,5,borda,12,False,0.00011370005086064339
10,5,borda,13,False,0.00013240007683634758
10,5,borda,14,True,0.00017349980771541595
10,5,borda,15,False,8.25000461190939e-05
10,5,borda,16,False,0.00010910001583397388
10,5,borda,17,False,8.79000872373581e-05
10,5,borda,18,False,0.00020629982464015484
10,5,borda,19,False,8.649984374642372e-05
10,5,borda,20,True,0.00019990000873804092
10,5,borda,21,False,9.789993055164814e-05
10,5,borda,22,True,0.00017659994773566723
10,5,borda,23,True,0.0002756998874247074
10,5,borda,24,False,0.00013940013013780117
10,5,borda,25,False,9.460002183914185e-05
10,5,borda,26,False,8.319993503391743e-05
10,5,borda,27,True,0.00016160006634891033
10,5,borda,28,False,0.00021169986575841904
10,5,borda,29,False,9.159999899566174e-05
10,5,borda,30,False,8.779997006058693e-05
10,5,borda,31,False,0.0003559999167919159
10,5,borda,32,False,8.779997006058693e-05
10,5,borda,33,False,0.00011879997327923775
10,5,borda,34,False,8.830009028315544e-05
10,5,borda,35,False,0.00033829989843070507
10,5,borda,36,False,0.000359599944204092
10,5,borda,37,False,8.080014958977699e-05
10,5,borda,38,False,0.0005206998903304338
10,5,borda,39,False,8.679996244609356e-05
10,5,borda,40,False,8.330005221068859e-05
10,5,borda,41,True,0.0002715999726206064
10,5,borda,42,False,8.659996092319489e-05
10,5,borda,43,False,0.0003510999958962202
10,5,borda,44,False,0.00011099991388618946
10,5,borda,45,False,0.0003621000796556473
10,5,borda,46,False,9.030010551214218e-05
10,5,borda,47,False,0.00011389981955289841
10,5,borda,48,True,0.00029259989969432354
10,5,borda,49,False,0.000346100190654397
10,6,plurality,0,False,9.280000813305378e-05
10,6,plurality,1,False,0.0001020999625325203
10,6,plurality,2,False,9.999983012676239e-05
10,6,plurality,3,False,0.00027139997109770775
10,6,plurality,4,True,0.00016400008462369442
10,6,plurality,5,True,0.00015029986388981342
10,6,plurality,6,False,9.469990618526936e-05
10,6,plurality,7,False,0.00010270019993185997
10,6,plurality,8,False,0.0003037001006305218
10,6,plurality,9,False,0.00022600009106099606
10,6,plurality,10,False,0.00010469998233020306
10,6,plurality,11,False,0.00010140007361769676
10,6,plurality,12,False,0.0005874999333173037
10,6,plurality,13,True,0.00018179998733103275
10,6,plurality,14,False,0.00010449998080730438
10,6,plurality,15,False,0.00030259997583925724
10,6,plurality,16,True,0.00015489989891648293
10,6,plurality,17,True,0.00017770007252693176
10,6,plurality,18,True,0.0001564000267535448
10,6,plurality,19,True,0.0001827001105993986
10,6,plurality,20,False,0.00010739988647401333
10,6,plurality,21,False,0.0004523999523371458
10,6,plurality,22,False,0.00010320008732378483
10,6,plurality,23,False,0.0002210000529885292
10,6,plurality,24,False,0.0001455000601708889
10,6,plurality,25,True,0.00014759995974600315
10,6,plurality,26,True,0.00022829999215900898
10,6,plurality,27,False,0.00011439993977546692
10,6,plurality,28,True,0.00014239992015063763
10,6,plurality,29,False,0.00013899989426136017
10,6,plurality,30,False,0.000651499954983592
10,6,plurality,31,False,0.0002562000881880522
10,6,plurality,32,False,0.0002782999072223902
10,6,plurality,33,False,0.00011139991693198681
10,6,plurality,34,False,0.00034050014801323414
10,6,plurality,35,False,9.860005229711533e-05
10,6,plurality,36,False,9.220000356435776e-05
10,6,plurality,37,False,9.560002945363522e-05
10,6,plurality,38,False,0.00010189996100962162
10,6,plurality,39,False,9.789993055164814e-05
10,6,plurality,40,False,0.00011019990779459476
10,6,plurality,41,False,0.00026020011864602566
10,6,plurality,42,False,9.580003097653389e-05
10,6,plurality,43,False,9.560002945363522e-05
10,6,plurality,44,False,9.349989704787731e-05
10,6,plurality,45,True,0.0001385000068694353
10,6,plurality,46,False,0.00025780010037124157
10,6,plurality,47,False,0.00012490013614296913
10,6,plurality,48,False,9.96999442577362e-05
10,6,plurality,49,False,0.00012889993377029896
10,6,2-approval,0,False,0.00020450004376471043
10,6,2-approval,1,False,9.770016185939312e-05
10,6,2-approval,2,False,0.00011730007827281952
10,6,2-approval,3,False,0.00028389994986355305
10,6,2-approval,4,True,0.00015829992480576038
10,6,2-approval,5,True,0.0002911000046879053
10,6,2-approval,6,False,0.00010110018774867058
10,6,2-approval,7,False,0.00013129995204508305
10,6,2-approval,8,False,0.0002739999908953905
10,6,2-approval,9,False,9.149988181889057e-05
10,6,2-approval,10,False,9.720004163682461e-05
10,6,2-approval,11,False,0.00010300008580088615
10,6,2-approval,12,False,0.0003041001036763191
10,6,2-approval,13,True,0.0001580999232828617
10,6,2-approval,14,False,9.979982860386372e-05
10,6,2-approval,15,False,0.00028980011120438576
10,6,2-approval,16,False,0.00035450002178549767
10,6,2-approval,17,True,0.00015840004198253155
10,6,2-approval,18,False,0.0003298001829534769
10,6,2-approval,19,True,0.00021350011229515076
10,6,2-approval,20,False,9.96999442577362e-05
10,6,2-approval,21,False,0.00027290009893476963
10,6,2-approval,22,False,9.549991227686405e-05
10,6,2-approval,23,False,0.00010050018317997456
10,6,2-approval,24,False,0.00011330004781484604
10,6,2-approval,25,True,0.0001417000312358141
10,6,2-approval,26,True,0.00013820012100040913
10,6,2-approval,27,False,9.709992446005344e-05
10,6,2-approval,28,False,0.0002733999863266945
10,6,2-approval,29,False,0.00011190003715455532
10,6,2-approval,30,True,0.00016769999638199806
10,6,2-approval,31,True,0.00014459993690252304
10,6,2-approval,32,False,0.00025960011407732964
10,6,2-approval,33,False,0.0001221999991685152
10,6,2-approval,34,False,0.000269399955868721
10,6,2-approval,35,False,0.00013029994443058968
10,6,2-approval,36,False,0.00013930001296103
10,6,2-approval,37,False,0.00011129979975521564
10,6,2-approval,38,False,0.00013020006008446217
10,6,2-approval,39,False,0.00010539987124502659
10,6,2-approval,40,False,0.00018790015019476414
10,6,2-approval,41,False,0.0005314999725669622
10,6,2-approval,42,False,8.900021202862263e-05
10,6,2-approval,43,False,0.00020280014723539352
10,6,2-approval,44,False,8.950009942054749e-05
10,6,2-approval,45,True,0.0001449999399483204
10,6,2-approval,46,False,0.000525499926880002
10,6,2-approval,47,False,0.00011070002801716328
10,6,2-approval,48,False,9.91998240351677e-05
10,6,2-approval,49,False,8.970010094344616e-05
10,6,veto,0,False,0.00010899989865720272
10,6,veto,1,False,0.00014619994908571243
10,6,veto,2,False,0.0001835001166909933
10,6,veto,3,False,0.0003120000474154949
10,6,veto,4,True,0.00035200011916458607
10,6,veto,5,False,0.00046149990521371365
10,6,veto,6,False,0.00010409997776150703
10,6,veto,7,False,8.96998681128025e-05
10,6,veto,8,False,0.00030519999563694
10,6,veto,9,False,9.58999153226614e-05
10,6,veto,10,False,0.0002150998916476965
10,6,veto,11,False,0.00021849991753697395
10,6,veto,12,False,0.0003084000200033188
10,6,veto,13,True,0.00015900004655122757
10,6,veto,14,False,9.039998985826969e-05
10,6,veto,15,False,0.00034169992431998253
10,6,veto,16,False,0.000341600039973855
10,6,veto,17,True,0.0002148000057786703
10,6,veto,18,False,0.0003146000672131777
10,6,veto,19,True,0.00022549997083842754
10,6,veto,20,False,0.00022909999825060368
10,6,veto,21,False,0.0003268001601099968
10,6,veto,22,False,0.00011819996871054173
10,6,veto,23,False,0.00011990009807050228
10,6,veto,24,False,0.0001058999914675951
10,6,veto,25,True,0.000174699816852808
10,6,veto,26,False,0.0003026002086699009
10,6,veto,27,False,9.720004163682461e-05
10,6,veto,28,False,0.00034229992888867855
10,6,veto,29,False,0.00010890001431107521
10,6,veto,30,True,0.00035230000503361225
10,6,veto,31,False,0.00033030007034540176
10,6,veto,32,False,0.0003084000200033188
10,6,veto,33,False,0.0001183999702334404
10,6,veto,34,False,0.0006643000524491072
10,6,veto,35,False,0.00013859989121556282
10,6,veto,36,False,0.00011039990931749344
10,6,veto,37,False,9.609991684556007e-05
10,6,veto,38,False,0.00012589991092681885
10,6,veto,39,False,0.00013159983791410923
10,6,veto,40,False,0.00011610006913542747
10,6,veto,41,True,0.0001780001912266016
10,6,veto,42,False,0.00010010018013417721
10,6,veto,43,False,0.00012909993529319763
10,6,veto,44,False,0.00010009994730353355
10,6,veto,45,False,0.0003605999518185854
10,6,veto,46,False,0.00032190000638365746
10,6,veto,47,False,0.00010609999299049377
10,6,veto,48,False,9.009987115859985e-05
10,6,veto,49,False,0.00011949986219406128
10,6,borda,0,False,9.67998057603836e-05
10,6,borda,1,False,8.690007962286472e-05
10,6,borda,2,False,0.0001572000328451395
10,6,borda,3,False,0.00038139987736940384
10,6,borda,4,True,0.0003223000094294548
10,6,borda,5,True,0.00017910008318722248
10,6,borda,6,False,0.0001534998882561922
10,6,borda,7,False,9.139999747276306e-05
10,6,borda,8,False,0.0003521000035107136
10,6,borda,9,False,9.399978443980217e-05
10,6,borda,10,False,0.0001137999352067709
10,6,borda,11,False,9.63001511991024e-05
10,6,borda,12,False,0.0003241999074816704
10,6,borda,13,True,0.00015629990957677364
10,6,borda,14,False,0.00010660011321306229
10,6,borda,15,False,0.0004026999231427908
10,6,borda,16,False,0.0003665999975055456
10,6,borda,17,True,0.00021290010772645473
10,6,borda,18,False,0.0003708999138325453
10,6,borda,19,True,0.0001781000755727291
10,6,borda,20,False,0.00019829999655485153
10,6,borda,21,True,0.00048439996317029
10,6,borda,22,False,0.00010329997166991234
10,6,borda,23,False,8.84002074599266e-05
10,6,borda,24,False,9.860005229711533e-05
10,6,borda,25,True,0.0001768998336046934
10,6,borda,26,True,0.00017550005577504635
10,6,borda,27,False,8.859997615218163e-05
10,6,borda,28,False,0.00033760000951588154
10,6,borda,29,False,9.840005077421665e-05
10,6,borda,30,True,0.0003239000216126442
10,6,borda,31,False,0.00038299988955259323
10,6,borda,32,False,0.00030479999259114265
10,6,borda,33,False,9.529991075396538e-05
10,6,borda,34,False,0.0003853000234812498
10,6,borda,35,False,0.00010890001431107521
10,6,borda,36,False,0.00010790000669658184
10,6,borda,37,False,0.00015239999629557133
10,6,borda,38,False,0.0001021998468786478
10,6,borda,39,False,9.159999899566174e-05
10,6,borda,40,False,0.00023790006525814533
10,6,borda,41,False,0.00033660000190138817
10,6,borda,42,False,9.449990466237068e-05
10,6,borda,43,False,9.029987268149853e-05
10,6,borda,44,False,0.00013180007226765156
10,6,borda,45,False,0.00032379990443587303
10,6,borda,46,False,0.0003486999776214361
10,6,borda,47,False,0.00010050018317997456
10,6,borda,48,False,8.999998681247234e-05
10,6,borda,49,False,9.240000508725643e-05
10,7,plurality,0,False,0.00027219997718930244
10,7,plurality,1,False,9.26000066101551e-05
10,7,plurality,2,False,9.849993512034416e-05
10,7,plurality,3,False,0.00026810006238520145
10,7,plurality,4,False,0.00010039983317255974
10,7,plurality,5,False,0.00010549998842179775
10,7,plurality,6,True,0.0002959000412374735
10,7,plurality,7,False,9.820004925131798e-05
10,7,plurality,8,False,0.00027760001830756664
10,7,plurality,9,True,0.00015529990196228027
10,7,plurality,10,False,0.00010850001126527786
10,7,plurality,11,False,9.739981032907963e-05
10,7,plurality,12,False,9.940005838871002e-05
10,7,plurality,13,False,0.00010240008123219013
10,7,plurality,14,False,0.00020409980788826942
10,7,plurality,15,False,0.00026730005629360676
10,7,plurality,16,False,0.00015380000695586205
10,7,plurality,17,True,0.00016169995069503784
10,7,plurality,18,False,0.00012059998698532581
10,7,plurality,19,False,0.00011320016346871853
10,7,plurality,20,False,0.00012349989265203476
10,7,plurality,21,False,9.200000204145908e-05
10,7,plurality,22,False,0.00027750013396143913
10,7,plurality,23,False,0.00013870000839233398
10,7,plurality,24,False,0.00010559987276792526
10,7,plurality,25,False,0.00011910009197890759
10,7,plurality,26,False,0.00011359993368387222
10,7,plurality,27,False,0.0002582001034170389
10,7,plurality,28,False,0.00023479992523789406
10,7,plurality,29,False,0.00023799994960427284
10,7,plurality,30,False,0.00011490005999803543
10,7,plurality,31,False,9.940005838871002e-05
10,7,plurality,32,False,0.00010910001583397388
10,7,plurality,33,False,0.00024030008353292942
10,7,plurality,34,False,0.000287399860098958
10,7,plurality,35,False,0.00032430002465844154
10,7,plurality,36,False,0.00037409993819892406
10,7,plurality,37,False,0.00010790000669658184
10,7,plurality,38,True,0.00017479993402957916
10,7,plurality,39,False,0.00011259992606937885
10,7,plurality,40,False,0.0002826000563800335
10,7,plurality,41,False,9.620003402233124e-05
10,7,plurality,42,False,0.0002445999998599291
10,7,plurality,43,False,0.00010009994730353355
10,7,plurality,44,True,0.00017099990509450436
10,7,plurality,45,False,0.0002802000381052494
10,7,plurality,46,True,0.00015120021998882294
10,7,plurality,47,True,0.00015740003436803818
10,7,plurality,48,False,0.0001012999564409256
10,7,plurality,49,True,0.00017039990052580833
10,7,2-approval,0,False,0.000246299896389246
10,7,2-approval,1,False,0.00011739996261894703
10,7,2-approval,2,False,0.00010999990627169609
10,7,2-approval,3,False,0.0002842000685632229
10,7,2-approval,4,False,0.00010180007666349411
10,7,2-approval,5,False,0.00010540010407567024
10,7,2-approval,6,False,0.00044490001164376736
10,7,2-approval,7,False,0.0001308000646531582
10,7,2-approval,8,True,0.00017230003140866756
10,7,2-approval,9,True,0.00019519985653460026
10,7,2-approval,10,False,0.00010050018317997456
10,7,2-approval,11,False,9.980006143450737e-05
10,7,2-approval,12,False,0.00012029986828565598
10,7,2-approval,13,False,0.00010409997776150703
10,7,2-approval,14,False,0.00016419985331594944
10,7,2-approval,15,False,0.0002924001310020685
10,7,2-approval,16,False,0.0002060001716017723
10,7,2-approval,17,False,0.00038579991087317467
10,7,2-approval,18,False,0.00010019983164966106
10,7,2-approval,19,False,0.00011199992150068283
10,7,2-approval,20,False,0.0001316999550908804
10,7,2-approval,21,False,0.00010750000365078449
10,7,2-approval,22,True,0.0001917998306453228
10,7,2-approval,23,False,0.00010100007057189941
10,7,2-approval,24,False,0.00015219999477267265
10,7,2-approval,25,False,9.810016490519047e-05
10,7,2-approval,26,False,0.0002538000699132681
10,7,2-approval,27,False,0.00029530003666877747
10,7,2-approval,28,True,0.00025790021754801273
10,7,2-approval,29,True,0.00016069994308054447
10,7,2-approval,30,False,0.00010059983469545841
10,7,2-approval,31,False,0.00012119999155402184
10,7,2-approval,32,False,0.00014870008453726768
10,7,2-approval,33,False,0.00033270008862018585
10,7,2-approval,34,False,0.0002468000166118145
10,7,2-approval,35,False,0.0006754999049007893
10,7,2-approval,36,True,0.0003963001072406769
10,7,2-approval,37,False,0.0001159000676125288
10,7,2-approval,38,True,0.0002921000123023987
10,7,2-approval,39,False,9.529991075396538e-05
10,7,2-approval,40,False,9.570014663040638e-05
10,7,2-approval,41,False,0.00011589983478188515
10,7,2-approval,42,False,0.0003033000975847244
10,7,2-approval,43,False,0.00011350004933774471
10,7,2-approval,44,True,0.00022060004994273186
10,7,2-approval,45,False,0.0002723999787122011
10,7,2-approval,46,True,0.00017669983208179474
10,7,2-approval,47,True,0.00017099990509450436
10,7,2-approval,48,False,0.00010699988342821598
10,7,2-approval,49,True,0.00018960004672408104
10,7,veto,0,False,0.0003192001022398472
10,7,veto,1,False,0.00010409997776150703
10,7,veto,2,False,0.00011779996566474438
10,7,veto,3,True,0.00021740002557635307
10,7,veto,4,False,0.00018010009080171585
10,7,veto,5,False,0.00010870001278817654
10,7,veto,6,True,0.000175100052729249
10,7,veto,7,False,0.00010020006448030472
10,7,veto,8,False,0.00030630012042820454
10,7,veto,9,True,0.00024489988572895527
10,7,veto,10,False,0.00010239984840154648
10,7,veto,11,False,0.00011370005086064339
10,7,veto,12,False,0.00012640003114938736
10,7,veto,13,False,0.00012139999307692051
10,7,veto,14,False,0.00012640003114938736
10,7,veto,15,False,0.0002842999529093504
10,7,veto,16,False,0.00016309996135532856
10,7,veto,17,False,0.0003524001222103834
10,7,veto,18,False,0.00010600010864436626
10,7,veto,19,False,0.00014059990644454956
10,7,veto,20,False,0.00010860012844204903
10,7,veto,21,False,0.0001029998529702425
10,7,veto,22,True,0.0001620999537408352
10,7,veto,23,False,9.910017251968384e-05
10,7,veto,24,False,0.0001020999625325203
10,7,veto,25,False,0.00014210003428161144
10,7,veto,26,False,0.00021249987185001373
10,7,veto,27,False,0.0003466999623924494
10,7,veto,28,True,0.00020050001330673695
10,7,veto,29,False,0.0003234997857362032
10,7,veto,30,False,0.00010119983926415443
10,7,veto,31,False,0.0001634999644011259
10,7,veto,32,False,0.00010179984383285046
10,7,veto,33,False,0.00037940009497106075
10,7,veto,34,False,0.00033920002169907093
10,7,veto,35,False,0.0003350998740643263
10,7,veto,36,False,0.0003909000661224127
10,7,veto,37,False,0.0002250999677926302
10,7,veto,38,False,0.0003182999789714813
10,7,veto,39,False,9.929994121193886e-05
10,7,veto,40,False,0.0001183999702334404
10,7,veto,41,False,0.00014309980906546116
10,7,veto,42,False,0.000737000023946166
10,7,veto,43,False,0.00011939997784793377
10,7,veto,44,False,0.0003486999776214361
10,7,veto,45,False,0.0006135001312941313
10,7,veto,46,True,0.0003521000035107136
10,7,veto,47,False,0.00031589996069669724
10,7,veto,48,False,0.00010930001735687256
10,7,veto,49,True,0.00020730006508529186
10,7,borda,0,False,0.00036049983464181423
10,7,borda,1,False,0.00010750000365078449
10,7,borda,2,False,0.00010449998080730438
10,7,borda,3,True,0.00025889999233186245
10,7,borda,4,False,8.9599983766675e-05
10,7,borda,5,False,0.00010480009950697422
10,7,borda,6,True,0.0001876000314950943
10,7,borda,7,False,9.71001572906971e-05
10,7,borda,8,False,0.00036070006899535656
10,7,borda,9,True,0.00017390004359185696
10,7,borda,10,False,9.599979966878891e-05
10,7,borda,11,False,0.0001278999261558056
10,7,borda,12,False,0.00011410005390644073
10,7,borda,13,False,0.00010339985601603985
10,7,borda,14,False,0.00012700003571808338
10,7,borda,15,False,0.0004000000189989805
10,7,borda,16,False,0.00010439986363053322
10,7,borda,17,False,0.0004412000998854637
10,7,borda,18,False,0.00011480017565190792
10,7,borda,19,False,0.000108000123873353
10,7,borda,20,False,9.920005686581135e-05
10,7,borda,21,False,0.00016289995983242989
10,7,borda,22,True,0.00019329995848238468
10,7,borda,23,False,0.00010100007057189941
10,7,borda,24,False,0.00013059983029961586
10,7,borda,25,False,0.00012010009959340096
10,7,borda,26,False,0.00012810016050934792
10,7,borda,27,False,0.0003659999929368496
10,7,borda,28,True,0.00028050015680491924
10,7,borda,29,True,0.00018860003910958767
10,7,borda,30,False,0.00010280008427798748
10,7,borda,31,False,9.890017099678516e-05
10,7,borda,32,False,0.00011869985610246658
10,7,borda,33,False,0.00035310001112520695
10,7,borda,34,False,0.00038430001586675644
10,7,borda,35,False,0.00048399996012449265
10,7,borda,36,True,0.0003112000413239002
10,7,borda,37,False,0.00024630012921988964
10,7,borda,38,True,0.0002756998874247074
10,7,borda,39,False,0.00010060006752610207
10,7,borda,40,False,0.00012580002658069134
10,7,borda,41,False,0.00013319985009729862
10,7,borda,42,True,0.00022449996322393417
10,7,borda,43,False,0.0002009999006986618
10,7,borda,44,True,0.00018489989452064037
10,7,borda,45,False,0.0004135000053793192
10,7,borda,46,True,0.00030090007930994034
10,7,borda,47,False,0.000372899929061532
10,7,borda,48,False,0.00011530006304383278
10,7,borda,49,False,0.00040580006316304207
